         1  0.00000609  495.195    -17.1494988207    -17.1447942470    -17.1447881528   0.263254E-04     0.68
         2  0.00005716  483.505    -17.1494362477    -17.1448427382    -17.1447855814   0.104382E-03     0.66
         3  0.00014954  470.237    -17.1494031748    -17.1449357176    -17.1447861775   0.232115E-03     0.66
         4  0.00024461  458.978    -17.1493919674    -17.1450314707    -17.1447868560   0.407492E-03     0.76
         5  0.00032227  450.793    -17.1493922739    -17.1451095407    -17.1447872743   0.629033E-03     0.70
         6  0.00037767  445.476    -17.1493975041    -17.1451652817    -17.1447876087   0.895913E-03     0.67
         7  0.00041156  442.368    -17.1494020064    -17.1451993122    -17.1447877491   0.120795E-02     0.68
         8  0.00042828  440.795    -17.1494037744    -17.1452160266    -17.1447877429   0.156537E-02     0.67
         9  0.00043138  440.353    -17.1494026941    -17.1452191425    -17.1447877672   0.196864E-02     0.69
        10  0.00042304  440.760    -17.1493982356    -17.1452108180    -17.1447877797   0.241828E-02     0.67
        11  0.00040677  441.671    -17.1493905507    -17.1451944780    -17.1447877084   0.291479E-02     0.69
        12  0.00038629  442.769    -17.1493804879    -17.1451739809    -17.1447876914   0.345849E-02     0.75
        13  0.00036407  443.826    -17.1493683135    -17.1451517667    -17.1447876971   0.404961E-02     0.68
        14  0.00034178  444.692    -17.1493542017    -17.1451294286    -17.1447876437   0.468823E-02     0.66
        15  0.00032029  445.330    -17.1493387474    -17.1451079103    -17.1447876161   0.537424E-02     0.65
        16  0.00029998  445.757    -17.1493224623    -17.1450875674    -17.1447875922   0.610749E-02     0.66
        17  0.00028161  445.948    -17.1493058564    -17.1450691490    -17.1447875431   0.688771E-02     0.67
        18  0.00026604  445.866    -17.1492894977    -17.1450535741    -17.1447875344   0.771459E-02     0.66
        19  0.00025370  445.499    -17.1492736667    -17.1450412239    -17.1447875274   0.858776E-02     0.69
        20  0.00024472  444.850    -17.1492585035    -17.1450322314    -17.1447875086   0.950683E-02     0.74
        21  0.00023893  443.948    -17.1492441602    -17.1450264581    -17.1447875237   0.104714E-01     0.67
        22  0.00023573  442.852    -17.1492305492    -17.1450232597    -17.1447875299   0.114809E-01     0.65
        23  0.00023457  441.601    -17.1492175103    -17.1450221081    -17.1447875373   0.125351E-01     0.66
        24  0.00023510  440.213    -17.1492048764    -17.1450226579    -17.1447875535   0.136333E-01     0.67
        25  0.00023699  438.711    -17.1491924966    -17.1450245497    -17.1447875630   0.147752E-01     0.67
        26  0.00023979  437.110    -17.1491801188    -17.1450273758    -17.1447875858   0.159601E-01     0.66
        27  0.00024316  435.429    -17.1491674876    -17.1450307189    -17.1447875563   0.171875E-01     0.72
        28  0.00024711  433.698    -17.1491550030    -17.1450346810    -17.1447875683   0.184570E-01     0.73
        29  0.00025107  431.946    -17.1491423607    -17.1450386765    -17.1447876075   0.197680E-01     0.67
        30  0.00025464  430.198    -17.1491292225    -17.1450421472    -17.1447875081   0.211200E-01     0.66
        31  0.00025858  428.482    -17.1491168544    -17.1450460876    -17.1447875104   0.225126E-01     0.66
        32  0.00026264  426.824    -17.1491052389    -17.1450502243    -17.1447875796   0.239454E-01     0.67
        33  0.00026613  425.245    -17.1490936367    -17.1450536237    -17.1447874934   0.254180E-01     0.66
        34  0.00026968  423.767    -17.1490831152    -17.1450571436    -17.1447874657   0.269301E-01     0.65
        35  0.00027354  422.409    -17.1490741188    -17.1450610489    -17.1447875063   0.284814E-01     0.74
        36  0.00027724  421.181    -17.1490661576    -17.1450647478    -17.1447875047   0.300717E-01     0.72
        37  0.00028062  420.094    -17.1490591947    -17.1450681179    -17.1447874963   0.317009E-01     0.66
        38  0.00028363  419.151    -17.1490532951    -17.1450711691    -17.1447875394   0.333689E-01     0.67
        39  0.00028588  418.353    -17.1490479535    -17.1450734140    -17.1447875304   0.350756E-01     0.66
        40  0.00028735  417.696    -17.1490431818    -17.1450748838    -17.1447875341   0.368210E-01     0.67
        41  0.00028800  417.183    -17.1490389680    -17.1450755449    -17.1447875479   0.386050E-01     0.65
        42  0.00028774  416.813    -17.1490351637    -17.1450752589    -17.1447875224   0.404278E-01     0.66
        43  0.00028678  416.575    -17.1490319953    -17.1450743488    -17.1447875656   0.422894E-01     0.74
        44  0.00028496  416.455    -17.1490290016    -17.1450724972    -17.1447875341   0.441898E-01     0.71
        45  0.00028275  416.438    -17.1490265814    -17.1450702337    -17.1447874815   0.461291E-01     0.67
        46  0.00028085  416.513    -17.1490254431    -17.1450683833    -17.1447875361   0.481075E-01     0.66
        47  0.00027866  416.666    -17.1490247874    -17.1450662703    -17.1447876118   0.501250E-01     0.66
        48  0.00027549  416.886    -17.1490236288    -17.1450630216    -17.1447875334   0.521816E-01     0.67
        49  0.00027235  417.162    -17.1490230214    -17.1450597931    -17.1447874383   0.542775E-01     0.65
        50  0.00027064  417.479    -17.1490243482    -17.1450581095    -17.1447874713   0.564127E-01     0.65
        51  0.00027003  417.816    -17.1490270796    -17.1450576389    -17.1447876103   0.585873E-01     0.76
        52  0.00026885  418.152    -17.1490291713    -17.1450565373    -17.1447876872   0.608011E-01     0.71
        53  0.00026611  418.479    -17.1490294699    -17.1450537307    -17.1447876233   0.630542E-01     0.67
        54  0.00026255  418.810    -17.1490289141    -17.1450500323    -17.1447874835   0.653467E-01     0.65
        55  0.00025986  419.161    -17.1490295179    -17.1450473030    -17.1447874424   0.676784E-01     0.66
        56  0.00025903  419.518    -17.1490320684    -17.1450464606    -17.1447874320   0.700494E-01     0.67
        57  0.00026036  419.838    -17.1490365440    -17.1450478966    -17.1447875404   0.724596E-01     0.65
        58  0.00026288  420.085    -17.1490414719    -17.1450504782    -17.1447875942   0.749090E-01     0.66
        59  0.00026561  420.264    -17.1490459153    -17.1450532205    -17.1447876140   0.773975E-01     0.76
        60  0.00026761  420.422    -17.1490494653    -17.1450552707    -17.1447876652   0.799252E-01     0.69
        61  0.00026791  420.612    -17.1490515089    -17.1450555099    -17.1447876018   0.824919E-01     0.67
        62  0.00026711  420.849    -17.1490528985    -17.1450546429    -17.1447875296   0.850977E-01     0.66
        63  0.00026642  421.108    -17.1490546784    -17.1450539669    -17.1447875429   0.877428E-01     0.66
        64  0.00026633  421.356    -17.1490568665    -17.1450537960    -17.1447874686   0.904271E-01     0.69
        65  0.00026773  421.590    -17.1490604603    -17.1450551626    -17.1447874354   0.931508E-01     0.65
        66  0.00027071  421.838    -17.1490659045    -17.1450582534    -17.1447875388   0.959141E-01     0.68
        67  0.00027357  422.141    -17.1490717007    -17.1450611728    -17.1447876074   0.987171E-01     0.74
        68  0.00027524  422.528    -17.1490769460    -17.1450627384    -17.1447875010   0.101560E+00     0.68
        69  0.00027686  423.001    -17.1490830289    -17.1450643337    -17.1447874689   0.104444E+00     0.65
        70  0.00027894  423.541    -17.1490903594    -17.1450665331    -17.1447875960   0.107368E+00     0.66
        71  0.00028002  424.136    -17.1490971629    -17.1450676858    -17.1447876704   0.110333E+00     0.66
        72  0.00027906  424.787    -17.1491023248    -17.1450666549    -17.1447875986   0.113340E+00     0.67
        73  0.00027691  425.509    -17.1491069049    -17.1450643812    -17.1447874673   0.116389E+00     0.65
        74  0.00027534  426.306    -17.1491128454    -17.1450627475    -17.1447874118   0.119480E+00     0.68
        75  0.00027519  427.172    -17.1491209917    -17.1450626692    -17.1447874804   0.122613E+00     0.75
        76  0.00027560  428.096    -17.1491303075    -17.1450632001    -17.1447875971   0.125790E+00     0.67
        77  0.00027505  429.075    -17.1491390847    -17.1450626841    -17.1447876299   0.129010E+00     0.66
        78  0.00027311  430.098    -17.1491467913    -17.1450606676    -17.1447875613   0.132273E+00     0.66
        79  0.00027081  431.158    -17.1491544584    -17.1450582622    -17.1447874504   0.135580E+00     0.66
        80  0.00026976  432.257    -17.1491637780    -17.1450571474    -17.1447873825   0.138931E+00     0.66
        81  0.00027079  433.401    -17.1491757256    -17.1450582217    -17.1447874366   0.142326E+00     0.65
        82  0.00027311  434.596    -17.1491895093    -17.1450606578    -17.1447875515   0.145765E+00     0.71
        83  0.00027524  435.833    -17.1492034354    -17.1450628274    -17.1447875895   0.149250E+00     0.73
        84  0.00027664  437.096    -17.1492168389    -17.1450642292    -17.1447875897   0.152779E+00     0.66
        85  0.00027732  438.368    -17.1492296361    -17.1450649422    -17.1447876250   0.156353E+00     0.66
        86  0.00027686  439.645    -17.1492413196    -17.1450644962    -17.1447876392   0.159973E+00     0.66
        87  0.00027515  440.934    -17.1492517686    -17.1450627029    -17.1447875506   0.163639E+00     0.66
        88  0.00027332  442.239    -17.1492622590    -17.1450607878    -17.1447874637   0.167350E+00     0.66
        89  0.00027270  443.561    -17.1492741491    -17.1450601225    -17.1447874223   0.171107E+00     0.66
        90  0.00027382  444.892    -17.1492880015    -17.1450613248    -17.1447875054   0.174910E+00     0.72
        91  0.00027562  446.225    -17.1493025740    -17.1450632421    -17.1447876176   0.178761E+00     0.72
        92  0.00027689  447.546    -17.1493163466    -17.1450644582    -17.1447875673   0.182658E+00     0.66
        93  0.00027801  448.849    -17.1493298213    -17.1450655589    -17.1447875467   0.186603E+00     0.65
        94  0.00027958  450.124    -17.1493434777    -17.1450670990    -17.1447875149   0.190595E+00     0.65
        95  0.00028177  451.363    -17.1493575478    -17.1450694000    -17.1447876309   0.194635E+00     0.67
        96  0.00028321  452.560    -17.1493704304    -17.1450709082    -17.1447876974   0.198723E+00     0.66
        97  0.00028312  453.720    -17.1493812520    -17.1450707082    -17.1447875855   0.202859E+00     0.66
        98  0.00028235  454.848    -17.1493912676    -17.1450700100    -17.1447876634   0.207044E+00     0.74
        99  0.00028042  455.935    -17.1493996784    -17.1450680893    -17.1447876705   0.211277E+00     0.70
       100  0.00027742  456.962    -17.1494063388    -17.1450649913    -17.1447875664   0.215559E+00     0.67
       101  0.00027508  457.902    -17.1494128392    -17.1450625672    -17.1447874850   0.219890E+00     0.65
       102  0.00027479  458.718    -17.1494203440    -17.1450623207    -17.1447875312   0.224270E+00     0.65
       103  0.00027649  459.372    -17.1494282914    -17.1450640542    -17.1447875635   0.228698E+00     0.67
       104  0.00027984  459.841    -17.1494361395    -17.1450674452    -17.1447876094   0.233175E+00     0.69
       105  0.00028380  460.128    -17.1494429800    -17.1450715583    -17.1447877620   0.237698E+00     0.69
       106  0.00028633  460.255    -17.1494466916    -17.1450740671    -17.1447877324   0.242269E+00     0.75
       107  0.00028770  460.250    -17.1494477997    -17.1450752172    -17.1447875167   0.246886E+00     0.72
       108  0.00028987  460.150    -17.1494491058    -17.1450774756    -17.1447876049   0.251548E+00     0.68
       109  0.00029158  459.994    -17.1494495031    -17.1450793536    -17.1447877756   0.256256E+00     0.68
       110  0.00029056  459.818    -17.1494467044    -17.1450782314    -17.1447876732   0.261009E+00     0.67
       111  0.00028770  459.635    -17.1494419987    -17.1450752576    -17.1447875561   0.265809E+00     0.70
       112  0.00028477  459.439    -17.1494371989    -17.1450723197    -17.1447875459   0.270654E+00     0.69
       113  0.00028234  459.212    -17.1494326016    -17.1450698858    -17.1447875488   0.275546E+00     0.72
       114  0.00028038  458.933    -17.1494280629    -17.1450679963    -17.1447876208   0.280485E+00     0.74
       115  0.00027824  458.578    -17.1494226066    -17.1450659093    -17.1447876692   0.285470E+00     0.70
       116  0.00027556  458.115    -17.1494154712    -17.1450631787    -17.1447876163   0.290501E+00     0.68
       117  0.00027358  457.508    -17.1494075904    -17.1450610594    -17.1447874805   0.295578E+00     0.70
       118  0.00027393  456.738    -17.1494007074    -17.1450614964    -17.1447875689   0.300699E+00     0.69
       119  0.00027558  455.801    -17.1493936116    -17.1450632972    -17.1447877221   0.305863E+00     0.68
       120  0.00027647  454.711    -17.1493841456    -17.1450641885    -17.1447877146   0.311068E+00     0.69
       121  0.00027628  453.482    -17.1493722192    -17.1450639336    -17.1447876494   0.316314E+00     0.75
       122  0.00027598  452.130    -17.1493589626    -17.1450635256    -17.1447875426   0.321599E+00     0.71
       123  0.00027661  450.674    -17.1493458015    -17.1450641931    -17.1447875811   0.326921E+00     0.69
       124  0.00027760  449.152    -17.1493323383    -17.1450651918    -17.1447875908   0.332280E+00     0.68
       125  0.00027855  447.614    -17.1493185555    -17.1450660269    -17.1447874791   0.337675E+00     0.69
       126  0.00028022  446.105    -17.1493059047    -17.1450677059    -17.1447874825   0.343105E+00     0.70
       127  0.00028254  444.654    -17.1492944774    -17.1450700691    -17.1447875258   0.348569E+00     0.68
       128  0.00028477  443.267    -17.1492836050    -17.1450723694    -17.1447876027   0.354069E+00     0.73
       129  0.00028567  441.951    -17.1492720550    -17.1450733268    -17.1447876611   0.359603E+00     0.73
       130  0.00028459  440.714    -17.1492591525    -17.1450721722    -17.1447875865   0.365171E+00     0.70
       131  0.00028204  439.570    -17.1492457248    -17.1450696117    -17.1447875715   0.370775E+00     0.68
       132  0.00027868  438.527    -17.1492323448    -17.1450661404    -17.1447874605   0.376413E+00     0.69
       133  0.00027575  437.578    -17.1492204205    -17.1450632320    -17.1447874801   0.382085E+00     0.69
       134  0.00027356  436.697    -17.1492098763    -17.1450610603    -17.1447874979   0.387791E+00     0.69
       135  0.00027200  435.848    -17.1492003174    -17.1450595689    -17.1447875668   0.393532E+00     0.68
       136  0.00027058  434.999    -17.1491908432    -17.1450581563    -17.1447875715   0.399306E+00     0.76
       137  0.00026912  434.131    -17.1491811938    -17.1450567595    -17.1447876355   0.405112E+00     0.73
       138  0.00026691  433.234    -17.1491704954    -17.1450545788    -17.1447876706   0.410951E+00     0.69
       139  0.00026365  432.311    -17.1491583428    -17.1450511911    -17.1447875372   0.416819E+00     0.68
       140  0.00026117  431.369    -17.1491467303    -17.1450485368    -17.1447873716   0.422718E+00     0.69
       141  0.00026147  430.418    -17.1491380396    -17.1450488776    -17.1447874077   0.428644E+00     0.70
       142  0.00026405  429.485    -17.1491318419    -17.1450515465    -17.1447875002   0.434599E+00     0.68
       143  0.00026729  428.597    -17.1491267224    -17.1450548623    -17.1447875765   0.440580E+00     0.72
       144  0.00026990  427.770    -17.1491214987    -17.1450574892    -17.1447875900   0.446589E+00     0.77
       145  0.00027141  427.007    -17.1491157969    -17.1450590394    -17.1447876322   0.452625E+00     0.70
       146  0.00027145  426.296    -17.1491090692    -17.1450590637    -17.1447876174   0.458687E+00     0.68
       147  0.00027046  425.619    -17.1491015558    -17.1450579835    -17.1447875198   0.464776E+00     0.69
       148  0.00026989  424.958    -17.1490946684    -17.1450573742    -17.1447874859   0.470891E+00     0.67
       149  0.00027033  424.310    -17.1490889747    -17.1450578389    -17.1447875059   0.477033E+00     0.70
       150  0.00027159  423.683    -17.1490842583    -17.1450590823    -17.1447874948   0.483200E+00     0.69
       151  0.00027367  423.089    -17.1490806909    -17.1450611561    -17.1447874813   0.489394E+00     0.74
       152  0.00027638  422.543    -17.1490783121    -17.1450639620    -17.1447875807   0.495615E+00     0.74
       153  0.00027842  422.062    -17.1490757926    -17.1450660177    -17.1447875954   0.501862E+00     0.68
       154  0.00027933  421.659    -17.1490728263    -17.1450668778    -17.1447875507   0.508137E+00     0.69
       155  0.00027952  421.343    -17.1490700151    -17.1450670666    -17.1447875481   0.514440E+00     0.69
       156  0.00027908  421.111    -17.1490673949    -17.1450666532    -17.1447875756   0.520771E+00     0.69
       157  0.00027779  420.946    -17.1490645630    -17.1450653916    -17.1447875997   0.527132E+00     0.68
       158  0.00027560  420.824    -17.1490611822    -17.1450631631    -17.1447875616   0.533523E+00     0.70
       159  0.00027325  420.728    -17.1490578474    -17.1450607446    -17.1447874925   0.539945E+00     0.76
       160  0.00027157  420.649    -17.1490554644    -17.1450591106    -17.1447875400   0.546397E+00     0.70
       161  0.00027014  420.596    -17.1490535205    -17.1450576740    -17.1447875354   0.552881E+00     0.69
       162  0.00026858  420.586    -17.1490519227    -17.1450561702    -17.1447875912   0.559397E+00     0.68
       163  0.00026611  420.634    -17.1490499159    -17.1450537051    -17.1447875980   0.565946E+00     0.68
       164  0.00026292  420.737    -17.1490475457    -17.1450503565    -17.1447874405   0.572529E+00     0.70
       165  0.00026120  420.869    -17.1490470217    -17.1450485787    -17.1447873758   0.579146E+00     0.69
       166  0.00026218  420.991    -17.1490492728    -17.1450496664    -17.1447874861   0.585797E+00     0.73
       167  0.00026486  421.072    -17.1490528065    -17.1450524351    -17.1447875718   0.592483E+00     0.74
       168  0.00026778  421.101    -17.1490560990    -17.1450554502    -17.1447876709   0.599203E+00     0.70
       169  0.00026946  421.097    -17.1490577459    -17.1450571377    -17.1447876777   0.605957E+00     0.68
       170  0.00026928  421.095    -17.1490574914    -17.1450568981    -17.1447876151   0.612744E+00     0.70
       171  0.00026803  421.137    -17.1490564623    -17.1450554736    -17.1447874400   0.619565E+00     0.68
       172  0.00026763  421.255    -17.1490571281    -17.1450550186    -17.1447873856   0.626420E+00     0.69
       173  0.00026874  421.469    -17.1490603383    -17.1450561954    -17.1447874560   0.633310E+00     0.68
       174  0.00027048  421.786    -17.1490651578    -17.1450580015    -17.1447875200   0.640237E+00     0.77
       175  0.00027163  422.205    -17.1490703950    -17.1450592577    -17.1447876241   0.647200E+00     0.73
       176  0.00027110  422.717    -17.1490746824    -17.1450586781    -17.1447875783   0.654202E+00     0.69
       177  0.00026951  423.307    -17.1490785913    -17.1450569871    -17.1447874744   0.661244E+00     0.69
       178  0.00026854  423.957    -17.1490837224    -17.1450559395    -17.1447873974   0.668326E+00     0.68
       179  0.00026936  424.665    -17.1490912588    -17.1450567511    -17.1447873865   0.675449E+00     0.70
       180  0.00027201  425.445    -17.1491013914    -17.1450594720    -17.1447874579   0.682614E+00     0.68
       181  0.00027502  426.321    -17.1491128913    -17.1450626505    -17.1447876326   0.689822E+00     0.71
       182  0.00027601  427.306    -17.1491232881    -17.1450636873    -17.1447876818   0.697074E+00     0.76
       183  0.00027406  428.393    -17.1491316477    -17.1450617271    -17.1447876720   0.704371E+00     0.70
       184  0.00026980  429.554    -17.1491382605    -17.1450573046    -17.1447875067   0.711715E+00     0.69
       185  0.00026585  430.762    -17.1491456268    -17.1450531942    -17.1447873479   0.719107E+00     0.69
       186  0.00026438  431.994    -17.1491559431    -17.1450518094    -17.1447874290   0.726547E+00     0.67
       187  0.00026486  433.237    -17.1491682894    -17.1450523458    -17.1447874859   0.734036E+00     0.70
       188  0.00026626  434.495    -17.1491817009    -17.1450538004    -17.1447875444   0.741573E+00     0.68
       189  0.00026734  435.785    -17.1491951319    -17.1450549776    -17.1447876417   0.749159E+00     0.73
       190  0.00026706  437.113    -17.1492073891    -17.1450546177    -17.1447875573   0.756795E+00     0.73
       191  0.00026644  438.462    -17.1492195051    -17.1450539212    -17.1447874773   0.764480E+00     0.70
       192  0.00026713  439.793    -17.1492327985    -17.1450545660    -17.1447874355   0.772214E+00     0.68
       193  0.00026992  441.066    -17.1492477881    -17.1450574664    -17.1447875458   0.779998E+00     0.69
       194  0.00027342  442.253    -17.1492627390    -17.1450611370    -17.1447877197   0.787831E+00     0.69
       195  0.00027549  443.360    -17.1492752825    -17.1450631620    -17.1447876730   0.795713E+00     0.69
       196  0.00027611  444.418    -17.1492858396    -17.1450636736    -17.1447875678   0.803642E+00     0.69
       197  0.00027679  445.455    -17.1492962221    -17.1450641994    -17.1447874118   0.811619E+00     0.76
       198  0.00027918  446.487    -17.1493084852    -17.1450666621    -17.1447874848   0.819644E+00     0.72
       199  0.00028259  447.516    -17.1493217826    -17.1450701850    -17.1447875900   0.827716E+00     0.70
       200  0.00028532  448.538    -17.1493343478    -17.1450730324    -17.1447877126   0.835837E+00     0.70
       201  0.00028598  449.544    -17.1493445098    -17.1450736414    -17.1447876602   0.844006E+00     0.69
       202  0.00028520  450.517    -17.1493528937    -17.1450727850    -17.1447875841   0.852223E+00     0.69
       203  0.00028429  451.444    -17.1493607343    -17.1450718189    -17.1447875308   0.860487E+00     0.69
       204  0.00028409  452.318    -17.1493688444    -17.1450716175    -17.1447875301   0.868798E+00     0.71
       205  0.00028482  453.142    -17.1493773921    -17.1450723365    -17.1447875117   0.877154E+00     0.75
       206  0.00028647  453.924    -17.1493865290    -17.1450740490    -17.1447875828   0.885556E+00     0.69
       207  0.00028792  454.676    -17.1493952211    -17.1450755977    -17.1447876790   0.894003E+00     0.69
       208  0.00028774  455.415    -17.1494020713    -17.1450754273    -17.1447876842   0.902495E+00     0.69
       209  0.00028563  456.153    -17.1494069232    -17.1450732679    -17.1447876331   0.911033E+00     0.67
       210  0.00028257  456.878    -17.1494106524    -17.1450701050    -17.1447875302   0.919616E+00     0.70
       211  0.00028015  457.548    -17.1494146337    -17.1450677235    -17.1447875750   0.928245E+00     0.68
       212  0.00027848  458.102    -17.1494183159    -17.1450661409    -17.1447876652   0.936919E+00     0.74
       213  0.00027691  458.486    -17.1494203927    -17.1450645719    -17.1447876635   0.945635E+00     0.75
       214  0.00027580  458.664    -17.1494208915    -17.1450633752    -17.1447875730   0.954394E+00     0.69
       215  0.00027635  458.634    -17.1494211074    -17.1450638753    -17.1447875204   0.963191E+00     0.69
       216  0.00027892  458.431    -17.1494217987    -17.1450665013    -17.1447875855   0.972025E+00     0.69
       217  0.00028193  458.115    -17.1494219459    -17.1450696527    -17.1447877272   0.980893E+00     0.69
       218  0.00028297  457.749    -17.1494195344    -17.1450707125    -17.1447877460   0.989793E+00     0.69
       219  0.00028128  457.382    -17.1494142435    -17.1450689146    -17.1447876390   0.998724E+00     0.71
       220  0.00027825  457.037    -17.1494077601    -17.1450657051    -17.1447874511   0.100769E+01     0.76
       221  0.00027654  456.719    -17.1494029221    -17.1450638898    -17.1447873451   0.101668E+01     0.71
       222  0.00027771  456.407    -17.1494012459    -17.1450651733    -17.1447874671   0.102570E+01     0.69
       223  0.00028055  456.065    -17.1494010107    -17.1450681894    -17.1447876373   0.103474E+01     0.68
       224  0.00028301  455.656    -17.1493996463    -17.1450707113    -17.1447877015   0.104381E+01     0.67
       225  0.00028433  455.168    -17.1493962229    -17.1450719275    -17.1447876001   0.105290E+01     0.70
       226  0.00028549  454.620    -17.1493921209    -17.1450730293    -17.1447875412   0.106202E+01     0.68
       227  0.00028692  454.051    -17.1493882174    -17.1450745279    -17.1447876072   0.107115E+01     0.72
       228  0.00028747  453.496    -17.1493835696    -17.1450751560    -17.1447876870   0.108030E+01     0.76
       229  0.00028604  452.972    -17.1493771041    -17.1450736642    -17.1447876267   0.108948E+01     0.70
       230  0.00028337  452.484    -17.1493696820    -17.1450708782    -17.1447875089   0.109867E+01     0.68
       231  0.00028118  452.020    -17.1493630563    -17.1450686605    -17.1447874761   0.110789E+01     0.69
       232  0.00028019  451.554    -17.1493577196    -17.1450677568    -17.1447875655   0.111712E+01     0.67
       233  0.00027946  451.055    -17.1493523573    -17.1450671325    -17.1447876722   0.112637E+01     0.70
       234  0.00027776  450.511    -17.1493454525    -17.1450654000    -17.1447876358   0.113564E+01     0.68
       235  0.00027554  449.935    -17.1493375818    -17.1450630023    -17.1447874638   0.114492E+01     0.74
       236  0.00027469  449.366    -17.1493312559    -17.1450620758    -17.1447873813   0.115422E+01     0.72
       237  0.00027591  448.852    -17.1493276840    -17.1450633862    -17.1447874766   0.116353E+01     0.68
       238  0.00027780  448.423    -17.1493255793    -17.1450653604    -17.1447875578   0.117285E+01     0.69
       239  0.00027915  448.082    -17.1493236945    -17.1450667135    -17.1447875591   0.118219E+01     0.69
       240  0.00028000  447.813    -17.1493219522    -17.1450675279    -17.1447875305   0.119154E+01     0.70
       241  0.00028088  447.583    -17.1493206833    -17.1450684490    -17.1447875728   0.120090E+01     0.68
       242  0.00028164  447.344    -17.1493192510    -17.1450692830    -17.1447876428   0.121027E+01     0.72
       243  0.00028165  447.051    -17.1493165448    -17.1450693581    -17.1447877096   0.121966E+01     0.77
       244  0.00028019  446.680    -17.1493115517    -17.1450678903    -17.1447876986   0.122906E+01     0.70
       245  0.00027749  446.240    -17.1493045192    -17.1450650398    -17.1447875504   0.123846E+01     0.69
       246  0.00027517  445.764    -17.1492975880    -17.1450626290    -17.1447874557   0.124788E+01     0.68
       247  0.00027419  445.289    -17.1492921454    -17.1450617031    -17.1447875115   0.125730E+01     0.68
       248  0.00027383  444.835    -17.1492875067    -17.1450613762    -17.1447875460   0.126673E+01     0.70
       249  0.00027367  444.407    -17.1492832035    -17.1450611396    -17.1447874680   0.127617E+01     0.69
       250  0.00027477  444.001    -17.1492803767    -17.1450621643    -17.1447873916   0.128563E+01     0.74
       251  0.00027799  443.618    -17.1492800427    -17.1450654766    -17.1447874847   0.129509E+01     0.73
       252  0.00028202  443.257    -17.1492808219    -17.1450696849    -17.1447876654   0.130457E+01     0.69
       253  0.00028438  442.915    -17.1492800168    -17.1450721295    -17.1447877527   0.131405E+01     0.68
       254  0.00028395  442.584    -17.1492763398    -17.1450715969    -17.1447876448   0.132355E+01     0.68
       255  0.00028219  442.265    -17.1492713931    -17.1450696764    -17.1447874824   0.133306E+01     0.70
       256  0.00028102  441.970    -17.1492674487    -17.1450685365    -17.1447875208   0.134259E+01     0.69
       257  0.00028013  441.700    -17.1492640938    -17.1450677449    -17.1447876141   0.135214E+01     0.73
       258  0.00027850  441.442    -17.1492599938    -17.1450661017    -17.1447876024   0.136170E+01     0.76
       259  0.00027636  441.177    -17.1492552671    -17.1450638912    -17.1447875354   0.137128E+01     0.70
       260  0.00027455  440.890    -17.1492507774    -17.1450621270    -17.1447875737   0.138088E+01     0.68
       261  0.00027279  440.558    -17.1492459450    -17.1450604431    -17.1447876576   0.139051E+01     0.69
       262  0.00027039  440.156    -17.1492396513    -17.1450579731    -17.1447875792   0.140017E+01     0.67
       263  0.00026859  439.668    -17.1492330442    -17.1450560001    -17.1447874136   0.140985E+01     0.70
       264  0.00026943  439.104    -17.1492284979    -17.1450568154    -17.1447873810   0.141957E+01     0.69
       265  0.00027318  438.494    -17.1492265491    -17.1450606576    -17.1447874730   0.142931E+01     0.74
       266  0.00027814  437.884    -17.1492258263    -17.1450657286    -17.1447875840   0.143908E+01     0.73
       267  0.00028230  437.315    -17.1492246297    -17.1450699424    -17.1447876400   0.144888E+01     0.69
       268  0.00028457  436.807    -17.1492220643    -17.1450721990    -17.1447876326   0.145872E+01     0.68
       269  0.00028491  436.365    -17.1492181960    -17.1450725320    -17.1447876245   0.146860E+01     0.68
       270  0.00028337  435.984    -17.1492130712    -17.1450710315    -17.1447876614   0.147851E+01     0.70
       271  0.00027985  435.659    -17.1492063527    -17.1450674002    -17.1447875471   0.148846E+01     0.68
       272  0.00027604  435.392    -17.1491998034    -17.1450633808    -17.1447873412   0.149845E+01     0.71
       273  0.00027443  435.197    -17.1491963372    -17.1450617754    -17.1447873498   0.150849E+01     0.74
       274  0.00027486  435.088    -17.1491958984    -17.1450623689    -17.1447875052   0.151857E+01     0.70
       275  0.00027523  435.077    -17.1491962329    -17.1450628080    -17.1447875822   0.152870E+01     0.70
       276  0.00027438  435.158    -17.1491961250    -17.1450619260    -17.1447875490   0.153888E+01     0.68
       277  0.00027276  435.312    -17.1491959437    -17.1450602901    -17.1447875289   0.154911E+01     0.67
       278  0.00027095  435.508    -17.1491960003    -17.1450584810    -17.1447875303   0.155940E+01     0.70
       279  0.00026931  435.721    -17.1491963336    -17.1450567897    -17.1447874764   0.156974E+01     0.69
       280  0.00026883  435.929    -17.1491977607    -17.1450562403    -17.1447874136   0.158013E+01     0.73
       281  0.00027025  436.115    -17.1492010535    -17.1450577662    -17.1447875199   0.159059E+01     0.74
       282  0.00027210  436.273    -17.1492045847    -17.1450597954    -17.1447876968   0.160109E+01     0.70
       283  0.00027227  436.419    -17.1492060171    -17.1450598399    -17.1447875691   0.161166E+01     0.68
       284  0.00027185  436.589    -17.1492070404    -17.1450592461    -17.1447874002   0.162228E+01     0.69
       285  0.00027270  436.825    -17.1492101455    -17.1450601132    -17.1447874169   0.163296E+01     0.71
       286  0.00027456  437.159    -17.1492152483    -17.1450620454    -17.1447874902   0.164370E+01     0.69
       287  0.00027621  437.611    -17.1492212417    -17.1450637404    -17.1447875336   0.165450E+01     0.70
       288  0.00027719  438.190    -17.1492276249    -17.1450646213    -17.1447874346   0.166536E+01     0.75
       289  0.00027856  438.892    -17.1492356602    -17.1450659916    -17.1447874329   0.167628E+01     0.71
       290  0.00028042  439.704    -17.1492453654    -17.1450679769    -17.1447875548   0.168727E+01     0.69
       291  0.00028131  440.619    -17.1492549930    -17.1450689125    -17.1447876061   0.169832E+01     0.69
       292  0.00028049  441.635    -17.1492637639    -17.1450680361    -17.1447875415   0.170944E+01     0.68
       293  0.00027867  442.745    -17.1492724828    -17.1450662044    -17.1447875370   0.172063E+01     0.70
       294  0.00027628  443.924    -17.1492812898    -17.1450638179    -17.1447875339   0.173189E+01     0.68
       295  0.00027414  445.118    -17.1492903845    -17.1450615644    -17.1447874220   0.174321E+01     0.73
       296  0.00027395  446.274    -17.1493012207    -17.1450614156    -17.1447874702   0.175460E+01     0.73
       297  0.00027528  447.356    -17.1493130402    -17.1450629549    -17.1447876764   0.176606E+01     0.70
       298  0.00027560  448.354    -17.1493228890    -17.1450633304    -17.1447877259   0.177759E+01     0.72
       299  0.00027428  449.280    -17.1493301454    -17.1450617888    -17.1447875115   0.178917E+01     0.71
       300  0.00027362  450.169    -17.1493378120    -17.1450610049    -17.1447873843   0.180082E+01     0.71
       301  0.00027506  451.060    -17.1493478104    -17.1450625370    -17.1447874801   0.181253E+01     0.69
       302  0.00027742  451.969    -17.1493588889    -17.1450649815    -17.1447875588   0.182430E+01     0.72
       303  0.00027981  452.876    -17.1493698896    -17.1450673610    -17.1447875488   0.183613E+01     0.77
       304  0.00028225  453.744    -17.1493806973    -17.1450699302    -17.1447876768   0.184802E+01     0.71
       305  0.00028339  454.542    -17.1493894903    -17.1450711419    -17.1447877489   0.185996E+01     0.70
       306  0.00028259  455.267    -17.1493954032    -17.1450701624    -17.1447875685   0.187196E+01     0.69
       307  0.00028194  455.931    -17.1494009297    -17.1450693797    -17.1447874443   0.188401E+01     0.67
       308  0.00028306  456.540    -17.1494079184    -17.1450705888    -17.1447875316   0.189612E+01     0.71
       309  0.00028515  457.086    -17.1494152644    -17.1450727411    -17.1447875956   0.190827E+01     0.69
       310  0.00028736  457.565    -17.1494220080    -17.1450749410    -17.1447875820   0.192046E+01     0.75
       311  0.00028944  457.980    -17.1494281415    -17.1450771228    -17.1447876830   0.193270E+01     0.75
       312  0.00029000  458.354    -17.1494322741    -17.1450777105    -17.1447877140   0.194497E+01     0.69
       313  0.00028840  458.701    -17.1494339272    -17.1450760604    -17.1447876628   0.195729E+01     0.69
       314  0.00028543  459.024    -17.1494339219    -17.1450729860    -17.1447875544   0.196964E+01     0.71
       315  0.00028267  459.309    -17.1494338217    -17.1450701834    -17.1447875176   0.198203E+01     0.71
       316  0.00028103  459.536    -17.1494343352    -17.1450685366    -17.1447875039   0.199445E+01     0.70
       317  0.00028087  459.688    -17.1494356315    -17.1450683941    -17.1447875269   0.200690E+01     0.72
       318  0.00028195  459.745    -17.1494373426    -17.1450695629    -17.1447876145   0.201937E+01     0.77
       319  0.00028300  459.696    -17.1494380650    -17.1450707519    -17.1447877485   0.203187E+01     0.70
       320  0.00028239  459.543    -17.1494359437    -17.1450700794    -17.1447876870   0.204438E+01     0.70
       321  0.00028074  459.307    -17.1494318862    -17.1450682649    -17.1447875219   0.205691E+01     0.70
       322  0.00027964  459.020    -17.1494281265    -17.1450672335    -17.1447875953   0.206946E+01     0.68
       323  0.00027812  458.714    -17.1494237853    -17.1450657958    -17.1447876728   0.208201E+01     0.72
       324  0.00027523  458.403    -17.1494178611    -17.1450628283    -17.1447875971   0.209457E+01     0.70
       325  0.00027178  458.067    -17.1494112343    -17.1450593917    -17.1447876110   0.210713E+01     0.74
       326  0.00026834  457.666    -17.1494039271    -17.1450558956    -17.1447875576   0.211970E+01     0.74
       327  0.00026622  457.159    -17.1493968553    -17.1450536367    -17.1447874215   0.213226E+01     0.69
       328  0.00026712  456.522    -17.1493918035    -17.1450546377    -17.1447875151   0.214483E+01     0.69
       329  0.00027013  455.745    -17.1493875411    -17.1450577570    -17.1447876243   0.215738E+01     0.69
       330  0.00027398  454.829    -17.1493826116    -17.1450615295    -17.1447875514   0.216992E+01     0.70
       331  0.00027897  453.782    -17.1493777313    -17.1450665987    -17.1447876293   0.218244E+01     0.69
       332  0.00028380  452.622    -17.1493717318    -17.1450716216    -17.1447878211   0.219495E+01     0.72
       333  0.00028595  451.386    -17.1493620408    -17.1450736710    -17.1447877230   0.220742E+01     0.77
       334  0.00028599  450.133    -17.1493499825    -17.1450735164    -17.1447875306   0.221986E+01     0.71
       335  0.00028569  448.931    -17.1493382831    -17.1450732360    -17.1447875427   0.223228E+01     0.71
       336  0.00028512  447.838    -17.1493272143    -17.1450725489    -17.1447874246   0.224465E+01     0.70
       337  0.00028529  446.888    -17.1493183408    -17.1450727085    -17.1447874228   0.225700E+01     0.69
       338  0.00028599  446.086    -17.1493116086    -17.1450735925    -17.1447876074   0.226931E+01     0.72
       339  0.00028529  445.424    -17.1493045856    -17.1450728603    -17.1447875660   0.228158E+01     0.69
       340  0.00028365  444.878    -17.1492976765    -17.1450711415    -17.1447874923   0.229382E+01     0.76
       341  0.00028220  444.408    -17.1492918551    -17.1450697804    -17.1447875837   0.230603E+01     0.74
       342  0.00028036  443.966    -17.1492858732    -17.1450679973    -17.1447876379   0.231821E+01     0.69
       343  0.00027801  443.501    -17.1492790312    -17.1450655708    -17.1447875567   0.233035E+01     0.70
       344  0.00027606  442.969    -17.1492721482    -17.1450637420    -17.1447876806   0.234245E+01     0.70
       345  0.00027358  442.340    -17.1492636755    -17.1450612483    -17.1447876716   0.235452E+01     0.70
       346  0.00027083  441.608    -17.1492538075    -17.1450583321    -17.1447875056   0.236655E+01     0.68
       347  0.00026938  440.798    -17.1492447013    -17.1450569221    -17.1447875458   0.237853E+01     0.71
       348  0.00026885  439.955    -17.1492361268    -17.1450563610    -17.1447875069   0.239047E+01     0.76
       349  0.00026910  439.126    -17.1492285179    -17.1450566274    -17.1447875294   0.240236E+01     0.71
       350  0.00026933  438.341    -17.1492214263    -17.1450569916    -17.1447876605   0.241422E+01     0.70
       351  0.00026809  437.601    -17.1492131188    -17.1450557112    -17.1447876184   0.242603E+01     0.69
       352  0.00026609  436.888    -17.1492041983    -17.1450535665    -17.1447874813   0.243780E+01     0.67
       353  0.00026498  436.179    -17.1491964403    -17.1450525496    -17.1447875657   0.244953E+01     0.69
       354  0.00026424  435.449    -17.1491888325    -17.1450518738    -17.1447876384   0.246123E+01     0.70
       355  0.00026314  434.669    -17.1491802964    -17.1450507432    -17.1447876003   0.247290E+01     0.76
       356  0.00026237  433.807    -17.1491712860    -17.1450499292    -17.1447875609   0.248453E+01     0.75
       357  0.00026294  432.836    -17.1491625352    -17.1450504022    -17.1447874653   0.249613E+01     0.69
       358  0.00026605  431.752    -17.1491553733    -17.1450535372    -17.1447874853   0.250770E+01     0.70
       359  0.00027113  430.575    -17.1491494030    -17.1450587528    -17.1447876199   0.251922E+01     0.70
       360  0.00027658  429.343    -17.1491430265    -17.1450640718    -17.1447874922   0.253072E+01     0.71
       361  0.00028286  428.110    -17.1491376452    -17.1450704067    -17.1447875492   0.254218E+01     0.69
       362  0.00028868  426.928    -17.1491324246    -17.1450764194    -17.1447877403   0.255360E+01     0.72
       363  0.00029129  425.845    -17.1491247445    -17.1450790309    -17.1447877444   0.256500E+01     0.78
       364  0.00028966  424.900    -17.1491141628    -17.1450774212    -17.1447877569   0.257637E+01     0.70
       365  0.00028399  424.117    -17.1491008477    -17.1450715471    -17.1447875551   0.258773E+01     0.69
       366  0.00027702  423.487    -17.1490877114    -17.1450643988    -17.1447873837   0.259908E+01     0.71
       367  0.00027127  422.968    -17.1490771405    -17.1450587541    -17.1447874866   0.261041E+01     0.69
       368  0.00026652  422.504    -17.1490679894    -17.1450540174    -17.1447874982   0.262175E+01     0.72
       369  0.00026301  422.040    -17.1490600066    -17.1450504369    -17.1447874220   0.263309E+01     0.69
       370  0.00026179  421.544    -17.1490541112    -17.1450492577    -17.1447874666   0.264443E+01     0.76
       371  0.00026277  421.002    -17.1490499345    -17.1450502285    -17.1447874583   0.265577E+01     0.74
       372  0.00026524  420.422    -17.1490471019    -17.1450529037    -17.1447876640   0.266713E+01     0.70
       373  0.00026666  419.824    -17.1490428833    -17.1450543712    -17.1447877108   0.267849E+01     0.69
       374  0.00026596  419.228    -17.1490364357    -17.1450535845    -17.1447876252   0.268986E+01     0.69
       375  0.00026378  418.651    -17.1490287879    -17.1450514173    -17.1447876370   0.270124E+01     0.71
       376  0.00026057  418.097    -17.1490201826    -17.1450480715    -17.1447875031   0.271263E+01     0.69
       377  0.00025786  417.558    -17.1490123263    -17.1450453384    -17.1447874760   0.272404E+01     0.73
       378  0.00025645  417.022    -17.1490058288    -17.1450439343    -17.1447874803   0.273548E+01     0.75
       379  0.00025627  416.488    -17.1490006142    -17.1450437881    -17.1447875210   0.274693E+01     0.71
       380  0.00025642  415.970    -17.1489959249    -17.1450440215    -17.1447875984   0.275841E+01     0.69
       381  0.00025627  415.488    -17.1489910219    -17.1450436963    -17.1447874294   0.276992E+01     0.70
       382  0.00025713  415.066    -17.1489879123    -17.1450446038    -17.1447874725   0.278146E+01     0.69
       383  0.00025861  414.718    -17.1489861767    -17.1450461698    -17.1447875616   0.279304E+01     0.69
       384  0.00025964  414.450    -17.1489846043    -17.1450471430    -17.1447875062   0.280466E+01     0.69
       385  0.00026060  414.259    -17.1489837297    -17.1450480869    -17.1447874868   0.281632E+01     0.76
       386  0.00026219  414.145    -17.1489841534    -17.1450495878    -17.1447873933   0.282804E+01     0.73
       387  0.00026493  414.122    -17.1489868048    -17.1450524608    -17.1447875300   0.283980E+01     0.71
       388  0.00026744  414.203    -17.1489900931    -17.1450549773    -17.1447875412   0.285161E+01     0.70
       389  0.00026901  414.392    -17.1489935074    -17.1450566023    -17.1447875968   0.286348E+01     0.69
       390  0.00026907  414.673    -17.1489962828    -17.1450567060    -17.1447876347   0.287540E+01     0.71
       391  0.00026748  415.024    -17.1489979609    -17.1450550458    -17.1447875667   0.288738E+01     0.69
       392  0.00026509  415.425    -17.1489993446    -17.1450526264    -17.1447875320   0.289941E+01     0.72
       393  0.00026315  415.858    -17.1490013692    -17.1450505307    -17.1447873834   0.291150E+01     0.75
       394  0.00026295  416.315    -17.1490056653    -17.1450504828    -17.1447875360   0.292365E+01     0.70
       395  0.00026346  416.790    -17.1490106508    -17.1450509589    -17.1447875005   0.293584E+01     0.68
       396  0.00026444  417.278    -17.1490163099    -17.1450519783    -17.1447875399   0.294809E+01     0.70
       397  0.00026599  417.783    -17.1490225464    -17.1450534189    -17.1447874269   0.296040E+01     0.70
       398  0.00026883  418.320    -17.1490305598    -17.1450563352    -17.1447875015   0.297275E+01     0.70
       399  0.00027227  418.915    -17.1490396538    -17.1450597739    -17.1447875010   0.298515E+01     0.70
       400  0.00027564  419.599    -17.1490495611    -17.1450631815    -17.1447875407   0.299761E+01     0.76
       401  0.00027833  420.396    -17.1490598377    -17.1450658843    -17.1447875575   0.301011E+01     0.72
       402  0.00027951  421.322    -17.1490699525    -17.1450672068    -17.1447876926   0.302267E+01     0.70
       403  0.00027762  422.382    -17.1490781236    -17.1450653065    -17.1447876836   0.303528E+01     0.68
       404  0.00027265  423.569    -17.1490843607    -17.1450602645    -17.1447876104   0.304795E+01     0.68
       405  0.00026584  424.852    -17.1490897070    -17.1450534259    -17.1447875876   0.306068E+01     0.71
       406  0.00025831  426.170    -17.1490946451    -17.1450458374    -17.1447875233   0.307346E+01     0.69
       407  0.00025191  427.451    -17.1491002602    -17.1450392856    -17.1447873713   0.308630E+01     0.74
       408  0.00024935  428.628    -17.1491088105    -17.1450366492    -17.1447872969   0.309918E+01     0.75
       409  0.00025189  429.664    -17.1491213290    -17.1450393250    -17.1447874334   0.311211E+01     0.71
       410  0.00025780  430.554    -17.1491358620    -17.1450454109    -17.1447876060   0.312507E+01     0.70
       411  0.00026423  431.317    -17.1491496999    -17.1450519965    -17.1447877627   0.313805E+01     0.70
       412  0.00026843  431.987    -17.1491603640    -17.1450562913    -17.1447878582   0.315106E+01     0.70
       413  0.00026898  432.593    -17.1491665458    -17.1450567182    -17.1447877413   0.316408E+01     0.70
       414  0.00026723  433.150    -17.1491699136    -17.1450547970    -17.1447875630   0.317711E+01     0.72
       415  0.00026588  433.665    -17.1491732936    -17.1450532808    -17.1447874047   0.319015E+01     0.77
       416  0.00026706  434.146    -17.1491790449    -17.1450544638    -17.1447874081   0.320319E+01     0.72
       417  0.00027084  434.599    -17.1491872242    -17.1450583444    -17.1447875083   0.321623E+01     0.72
       418  0.00027588  435.028    -17.1491963955    -17.1450634339    -17.1447875580   0.322927E+01     0.69
       419  0.00028121  435.450    -17.1492057661    -17.1450687959    -17.1447875823   0.324229E+01     0.68
       420  0.00028583  435.897    -17.1492147601    -17.1450735436    -17.1447877174   0.325531E+01     0.71
       421  0.00028772  436.410    -17.1492215279    -17.1450754356    -17.1447877170   0.326831E+01     0.69
       422  0.00028666  437.022    -17.1492261182    -17.1450742174    -17.1447875542   0.328129E+01     0.75
       423  0.00028455  437.742    -17.1492307958    -17.1450720481    -17.1447875019   0.329426E+01     0.74
       424  0.00028250  438.557    -17.1492364952    -17.1450700046    -17.1447875032   0.330721E+01     0.71
       425  0.00028105  439.425    -17.1492432817    -17.1450685504    -17.1447875014   0.332014E+01     0.69
       426  0.00028049  440.285    -17.1492510141    -17.1450681070    -17.1447876214   0.333305E+01     0.71
       427  0.00027976  441.082    -17.1492579534    -17.1450674794    -17.1447877195   0.334593E+01     0.69
       428  0.00027806  441.776    -17.1492627575    -17.1450656857    -17.1447876277   0.335877E+01     0.69
       429  0.00027646  442.360    -17.1492666279    -17.1450640123    -17.1447875552   0.337157E+01     0.71
       430  0.00027581  442.852    -17.1492706696    -17.1450633787    -17.1447875736   0.338433E+01     0.76
       431  0.00027571  443.291    -17.1492747297    -17.1450632669    -17.1447875578   0.339703E+01     0.72
       432  0.00027599  443.723    -17.1492790542    -17.1450634916    -17.1447875049   0.340969E+01     0.70
       433  0.00027685  444.191    -17.1492843653    -17.1450643543    -17.1447875091   0.342228E+01     0.69
       434  0.00027797  444.732    -17.1492906582    -17.1450655066    -17.1447875339   0.343482E+01     0.68
       435  0.00027868  445.364    -17.1492974543    -17.1450663012    -17.1447876207   0.344730E+01     0.70
       436  0.00027789  446.077    -17.1493034985    -17.1450655725    -17.1447876855   0.345971E+01     0.68
       437  0.00027492  446.837    -17.1493077554    -17.1450626075    -17.1447876870   0.347207E+01     0.74
       438  0.00027034  447.602    -17.1493103241    -17.1450579054    -17.1447875618   0.348437E+01     0.74
       439  0.00026606  448.341    -17.1493129822    -17.1450535430    -17.1447874800   0.349661E+01     0.70
       440  0.00026351  449.039    -17.1493170335    -17.1450509673    -17.1447874619   0.350878E+01     0.69
       441  0.00026310  449.689    -17.1493228143    -17.1450505722    -17.1447874689   0.352087E+01     0.71
       442  0.00026476  450.284    -17.1493301847    -17.1450522821    -17.1447875246   0.353290E+01     0.70
       443  0.00026766  450.812    -17.1493382219    -17.1450553065    -17.1447876425   0.354485E+01     0.71
       444  0.00027033  451.249    -17.1493451409    -17.1450580748    -17.1447877401   0.355673E+01     0.70
       445  0.00027165  451.571    -17.1493494906    -17.1450593647    -17.1447877148   0.356853E+01     0.77
       446  0.00027200  451.765    -17.1493515945    -17.1450596208    -17.1447876238   0.358025E+01     0.72
       447  0.00027270  451.839    -17.1493528909    -17.1450602197    -17.1447875166   0.359189E+01     0.70
       448  0.00027497  451.820    -17.1493549544    -17.1450624649    -17.1447874913   0.360345E+01     0.70
       449  0.00027876  451.759    -17.1493582091    -17.1450662998    -17.1447875372   0.361493E+01     0.68
       450  0.00028307  451.717    -17.1493620870    -17.1450705760    -17.1447875077   0.362634E+01     0.68
       451  0.00028764  451.741    -17.1493668876    -17.1450751489    -17.1447875132   0.363768E+01     0.69
       452  0.00029212  451.847    -17.1493724659    -17.1450797203    -17.1447876019   0.364896E+01     0.74
       453  0.00029540  452.027    -17.1493775163    -17.1450830562    -17.1447876533   0.366017E+01     0.77
       454  0.00029684  452.269    -17.1493812355    -17.1450844800    -17.1447876439   0.367132E+01     0.72
       455  0.00029649  452.561    -17.1493836733    -17.1450841380    -17.1447876473   0.368242E+01     0.70
       456  0.00029456  452.892    -17.1493848413    -17.1450821695    -17.1447876046   0.369347E+01     0.70
       457  0.00029194  453.233    -17.1493853982    -17.1450794794    -17.1447875430   0.370448E+01     0.69
       458  0.00028962  453.555    -17.1493861770    -17.1450771993    -17.1447875824   0.371544E+01     0.69
       459  0.00028743  453.840    -17.1493866974    -17.1450750161    -17.1447875859   0.372637E+01     0.69
       460  0.00028533  454.087    -17.1493869169    -17.1450728832    -17.1447875574   0.373726E+01     0.74
       461  0.00028331  454.301    -17.1493870431    -17.1450709800    -17.1447876678   0.374813E+01     0.73
       462  0.00028010  454.476    -17.1493855308    -17.1450678102    -17.1447877078   0.375896E+01     0.68
       463  0.00027551  454.602    -17.1493819500    -17.1450630320    -17.1447875244   0.376979E+01     0.69
       464  0.00027173  454.669    -17.1493787558    -17.1450591930    -17.1447874612   0.378059E+01     0.69
       465  0.00026988  454.668    -17.1493769560    -17.1450574112    -17.1447875312   0.379140E+01     0.69
       466  0.00026939  454.583    -17.1493756681    -17.1450569295    -17.1447875346   0.380220E+01     0.70
       467  0.00027006  454.406    -17.1493746726    -17.1450576097    -17.1447875465   0.381300E+01     0.71
       468  0.00027164  454.144    -17.1493737958    -17.1450592276    -17.1447875887   0.382382E+01     0.78
       469  0.00027312  453.816    -17.1493722647    -17.1450608134    -17.1447876961   0.383466E+01     0.72
       470  0.00027278  453.443    -17.1493684607    -17.1450605505    -17.1447877712   0.384551E+01     0.70
       471  0.00026967  453.027    -17.1493613163    -17.1450573618    -17.1447876911   0.385640E+01     0.69
       472  0.00026501  452.542    -17.1493519433    -17.1450525963    -17.1447875860   0.386731E+01     0.69
       473  0.00026058  451.946    -17.1493418425    -17.1450481521    -17.1447875686   0.387827E+01     0.71
       474  0.00025768  451.202    -17.1493316646    -17.1450450471    -17.1447873719   0.388927E+01     0.69
       475  0.00025888  450.294    -17.1493241652    -17.1450461729    -17.1447872910   0.390032E+01     0.74
       476  0.00026500  449.238    -17.1493204495    -17.1450524897    -17.1447874889   0.391142E+01     0.74
       477  0.00027326  448.066    -17.1493177443    -17.1450609131    -17.1447876569   0.392257E+01     0.71
       478  0.00028054  446.821    -17.1493133073    -17.1450683131    -17.1447877701   0.393379E+01     0.68
       479  0.00028497  445.547    -17.1493055329    -17.1450726362    -17.1447876684   0.394506E+01     0.71
       480  0.00028756  444.295    -17.1492959824    -17.1450749801    -17.1447874199   0.395641E+01     0.70
       481  0.00029104  443.111    -17.1492881680    -17.1450784203    -17.1447873846   0.396782E+01     0.70
       482  0.00029584  442.038    -17.1492828397    -17.1450832861    -17.1447874467   0.397931E+01     0.69
       483  0.00030074  441.116    -17.1492790604    -17.1450882633    -17.1447875186   0.399089E+01     0.78
       484  0.00030433  440.371    -17.1492756548    -17.1450919348    -17.1447876048   0.400256E+01     0.74
       485  0.00030529  439.809    -17.1492713236    -17.1450929418    -17.1447876479   0.401433E+01     0.70
       486  0.00030296  439.423    -17.1492653327    -17.1450906150    -17.1447876550   0.402619E+01     0.71
       487  0.00029744  439.204    -17.1492576518    -17.1450850140    -17.1447875729   0.403816E+01     0.70
       488  0.00029008  439.143    -17.1492495732    -17.1450775168    -17.1447874383   0.405025E+01     0.71
       489  0.00028267  439.224    -17.1492429632    -17.1450701362    -17.1447874670   0.406245E+01     0.69
       490  0.00027533  439.421    -17.1492375457    -17.1450628477    -17.1447875218   0.407478E+01     0.73
       491  0.00026786  439.702    -17.1492326423    -17.1450552759    -17.1447874177   0.408723E+01     0.77
       492  0.00026171  440.035    -17.1492296221    -17.1450490919    -17.1447873796   0.409982E+01     0.71
       493  0.00025781  440.388    -17.1492291121    -17.1450452260    -17.1447874196   0.411255E+01     0.72
       494  0.00025591  440.732    -17.1492305306    -17.1450433803    -17.1447874660   0.412540E+01     0.71
       495  0.00025562  441.039    -17.1492331801    -17.1450431110    -17.1447874910   0.413839E+01     0.69
       496  0.00025683  441.280    -17.1492366807    -17.1450443263    -17.1447874971   0.415151E+01     0.72
       497  0.00025937  441.419    -17.1492406970    -17.1450470153    -17.1447876454   0.416475E+01     0.70
       498  0.00026153  441.437    -17.1492431323    -17.1450492800    -17.1447877464   0.417811E+01     0.78
       499  0.00026177  441.340    -17.1492424068    -17.1450494792    -17.1447877078   0.419159E+01     0.73
       500  0.00026042  441.155    -17.1492391401    -17.1450479672    -17.1447875443   0.420518E+01     0.70
       501  0.00025958  440.920    -17.1492358639    -17.1450469246    -17.1447873424   0.421887E+01     0.68
       502  0.00026165  440.675    -17.1492355618    -17.1450489558    -17.1447873009   0.423267E+01     0.69
       503  0.00026708  440.456    -17.1492389914    -17.1450544623    -17.1447873777   0.424658E+01     0.69
       504  0.00027467  440.293    -17.1492450958    -17.1450621153    -17.1447874429   0.426059E+01     0.69
       505  0.00028279  440.207    -17.1492525931    -17.1450704318    -17.1447876454   0.427470E+01     0.70
       506  0.00028881  440.218    -17.1492587332    -17.1450764624    -17.1447876506   0.428890E+01     0.78
       507  0.00029210  440.349    -17.1492631982    -17.1450796824    -17.1447875850   0.430320E+01     0.73
       508  0.00029343  440.617    -17.1492670237    -17.1450809663    -17.1447875390   0.431760E+01     0.70
       509  0.00029352  441.028    -17.1492709726    -17.1450810077    -17.1447874863   0.433209E+01     0.70
       510  0.00029305  441.578    -17.1492757744    -17.1450805837    -17.1447875337   0.434666E+01     0.70
       511  0.00029187  442.247    -17.1492809310    -17.1450793861    -17.1447875183   0.436132E+01     0.71
       512  0.00029033  442.998    -17.1492865336    -17.1450778589    -17.1447875271   0.437606E+01     0.69
       513  0.00028891  443.778    -17.1492925479    -17.1450764603    -17.1447875461   0.439088E+01     0.72
       514  0.00028764  444.535    -17.1492985414    -17.1450752617    -17.1447876208   0.440577E+01     0.77
       515  0.00028586  445.236    -17.1493034672    -17.1450735235    -17.1447876603   0.442072E+01     0.70
       516  0.00028316  445.882    -17.1493068028    -17.1450707246    -17.1447875643   0.443572E+01     0.70
       517  0.00028045  446.495    -17.1493098567    -17.1450679503    -17.1447875032   0.445077E+01     0.70
       518  0.00027863  447.106    -17.1493137638    -17.1450660572    -17.1447874226   0.446586E+01     0.69
       519  0.00027838  447.733    -17.1493195407    -17.1450658740    -17.1447874979   0.448097E+01     0.71
       520  0.00027879  448.377    -17.1493261966    -17.1450664168    -17.1447876229   0.449611E+01     0.70
       521  0.00027822  449.014    -17.1493317700    -17.1450659392    -17.1447877180   0.451127E+01     0.76
       522  0.00027560  449.609    -17.1493348227    -17.1450633339    -17.1447877367   0.452644E+01     0.73
       523  0.00027119  450.128    -17.1493351925    -17.1450587802    -17.1447875852   0.454161E+01     0.69
       524  0.00026722  450.540    -17.1493350254    -17.1450546987    -17.1447874820   0.455678E+01     0.70
       525  0.00026558  450.832    -17.1493360956    -17.1450529871    -17.1447874040   0.457195E+01     0.69
       526  0.00026705  451.013    -17.1493393908    -17.1450545677    -17.1447875149   0.458709E+01     0.70
       527  0.00027018  451.100    -17.1493434600    -17.1450578100    -17.1447876266   0.460222E+01     0.69
       528  0.00027292  451.111    -17.1493464112    -17.1450606577    -17.1447877356   0.461731E+01     0.72
       529  0.00027407  451.054    -17.1493468954    -17.1450616781    -17.1447876058   0.463235E+01     0.74
       530  0.00027505  450.937    -17.1493466290    -17.1450625233    -17.1447874771   0.464735E+01     0.70
       531  0.00027767  450.778    -17.1493476854    -17.1450650930    -17.1447874268   0.466229E+01     0.68
       532  0.00028226  450.610    -17.1493507663    -17.1450697671    -17.1447875032   0.467716E+01     0.69
       533  0.00028755  450.472    -17.1493548292    -17.1450751433    -17.1447875959   0.469195E+01     0.69
       534  0.00029168  450.391    -17.1493583221    -17.1450794071    -17.1447877223   0.470666E+01     0.70
       535  0.00029280  450.379    -17.1493593652    -17.1450805603    -17.1447877653   0.472128E+01     0.69
       536  0.00029046  450.436    -17.1493574193    -17.1450780760    -17.1447876112   0.473582E+01     0.76
       537  0.00028671  450.550    -17.1493546599    -17.1450742316    -17.1447875202   0.475026E+01     0.74
       538  0.00028301  450.708    -17.1493524839    -17.1450705562    -17.1447875496   0.476460E+01     0.69
       539  0.00027946  450.896    -17.1493506866    -17.1450669742    -17.1447875170   0.477885E+01     0.70
       540  0.00027660  451.100    -17.1493497165    -17.1450640628    -17.1447874628   0.479300E+01     0.70
       541  0.00027530  451.307    -17.1493503887    -17.1450627701    -17.1447874662   0.480704E+01     0.70
       542  0.00027555  451.503    -17.1493525948    -17.1450631172    -17.1447875668   0.482098E+01     0.69
       543  0.00027615  451.675    -17.1493548970    -17.1450637840    -17.1447876344   0.483481E+01     0.73
       544  0.00027617  451.813    -17.1493562466    -17.1450638186    -17.1447876449   0.484853E+01     0.75
       545  0.00027534  451.910    -17.1493563733    -17.1450630292    -17.1447876855   0.486213E+01     0.71
       546  0.00027322  451.956    -17.1493546912    -17.1450609088    -17.1447876909   0.487562E+01     0.69
       547  0.00027009  451.941    -17.1493512770    -17.1450576372    -17.1447875505   0.488899E+01     0.70
       548  0.00026782  451.850    -17.1493480724    -17.1450552967    -17.1447874774   0.490224E+01     0.68
       549  0.00026780  451.667    -17.1493462999    -17.1450552573    -17.1447874615   0.491537E+01     0.70
       550  0.00027039  451.387    -17.1493462265    -17.1450578498    -17.1447874632   0.492838E+01     0.68
       551  0.00027544  451.019    -17.1493478183    -17.1450629380    -17.1447875024   0.494126E+01     0.77
       552  0.00028193  450.591    -17.1493503616    -17.1450695503    -17.1447876185   0.495401E+01     0.76
       553  0.00028800  450.137    -17.1493521800    -17.1450756755    -17.1447876710   0.496665E+01     0.71
       554  0.00029243  449.694    -17.1493523940    -17.1450801032    -17.1447876723   0.497916E+01     0.71
       555  0.00029484  449.287    -17.1493509371    -17.1450825135    -17.1447876744   0.499155E+01     0.70
       556  0.00029504  448.931    -17.1493477568    -17.1450827142    -17.1447876746   0.500382E+01     0.71
       557  0.00029322  448.635    -17.1493430181    -17.1450807891    -17.1447875674   0.501598E+01     0.69
       558  0.00029061  448.411    -17.1493382191    -17.1450781146    -17.1447875095   0.502802E+01     0.73
       559  0.00028798  448.275    -17.1493343063    -17.1450754893    -17.1447875117   0.503995E+01     0.75
       560  0.00028540  448.230    -17.1493313050    -17.1450729201    -17.1447875175   0.505178E+01     0.72
       561  0.00028294  448.249    -17.1493290753    -17.1450705073    -17.1447875658   0.506350E+01     0.70
       562  0.00028019  448.285    -17.1493267823    -17.1450678752    -17.1447876893   0.507513E+01     0.72
       563  0.00027609  448.280    -17.1493226514    -17.1450637910    -17.1447877015   0.508667E+01     0.70
       564  0.00027108  448.180    -17.1493165450    -17.1450586352    -17.1447875522   0.509813E+01     0.71
       565  0.00026743  447.943    -17.1493105602    -17.1450549054    -17.1447874754   0.510950E+01     0.71
       566  0.00026642  447.552    -17.1493058778    -17.1450539370    -17.1447875145   0.512081E+01     0.77
       567  0.00026753  447.023    -17.1493020104    -17.1450550883    -17.1447875609   0.513205E+01     0.74
       568  0.00026952  446.394    -17.1492981224    -17.1450571836    -17.1447876615   0.514324E+01     0.70
       569  0.00027071  445.694    -17.1492927199    -17.1450584272    -17.1447877164   0.515437E+01     0.68
       570  0.00027024  444.938    -17.1492850010    -17.1450578914    -17.1447876477   0.516545E+01     0.70
       571  0.00026913  444.121    -17.1492760014    -17.1450566513    -17.1447875182   0.517649E+01     0.71
       572  0.00026918  443.232    -17.1492675885    -17.1450566832    -17.1447875020   0.518749E+01     0.69
       573  0.00027063  442.262    -17.1492599650    -17.1450582757    -17.1447876480   0.519845E+01     0.71
       574  0.00027157  441.207    -17.1492509915    -17.1450593266    -17.1447877560   0.520938E+01     0.74
       575  0.00027066  440.066    -17.1492391439    -17.1450583203    -17.1447876586   0.522029E+01     0.70
       576  0.00026894  438.846    -17.1492257112    -17.1450564826    -17.1447875408   0.523118E+01     0.68
       577  0.00026815  437.569    -17.1492126335    -17.1450555372    -17.1447873863   0.524207E+01     0.70
       578  0.00027014  436.270    -17.1492022265    -17.1450574688    -17.1447873282   0.525295E+01     0.68
       579  0.00027512  434.981    -17.1491951852    -17.1450626679    -17.1447875448   0.526384E+01     0.70
       580  0.00028003  433.725    -17.1491883652    -17.1450677812    -17.1447877488   0.527475E+01     0.69
       581  0.00028194  432.515    -17.1491787429    -17.1450696567    -17.1447877198   0.528568E+01     0.76
       582  0.00028096  431.355    -17.1491666118    -17.1450685504    -17.1447875874   0.529664E+01     0.74
       583  0.00027904  430.238    -17.1491539618    -17.1450665057    -17.1447874689   0.530764E+01     0.68
       584  0.00027805  429.157    -17.1491426590    -17.1450654732    -17.1447874210   0.531866E+01     0.67
       585  0.00027852  428.103    -17.1491332742    -17.1450661006    -17.1447875769   0.532973E+01     0.68
       586  0.00027855  427.069    -17.1491235902    -17.1450662422    -17.1447876921   0.534083E+01     0.69
       587  0.00027675  426.053    -17.1491120110    -17.1450643190    -17.1447875666   0.535199E+01     0.68
       588  0.00027439  425.066    -17.1491001912    -17.1450618739    -17.1447874808   0.536319E+01     0.70
       589  0.00027240  424.130    -17.1490893820    -17.1450599560    -17.1447875526   0.537445E+01     0.75
       590  0.00026986  423.260    -17.1490786423    -17.1450574834    -17.1447876218   0.538577E+01     0.70
       591  0.00026587  422.452    -17.1490669423    -17.1450534625    -17.1447875917   0.539715E+01     0.70
       592  0.00026105  421.685    -17.1490547452    -17.1450485461    -17.1447874966   0.540860E+01     0.69
       593  0.00025703  420.937    -17.1490435114    -17.1450444182    -17.1447873843   0.542012E+01     0.67
       594  0.00025561  420.191    -17.1490349515    -17.1450429454    -17.1447873373   0.543171E+01     0.71
       595  0.00025739  419.440    -17.1490297119    -17.1450448428    -17.1447874555   0.544338E+01     0.69
       596  0.00026068  418.684    -17.1490259925    -17.1450483108    -17.1447876290   0.545512E+01     0.73
       597  0.00026310  417.930    -17.1490212749    -17.1450507573    -17.1447876584   0.546694E+01     0.74
       598  0.00026380  417.194    -17.1490149607    -17.1450514306    -17.1447876314   0.547883E+01     0.70
       599  0.00026300  416.497    -17.1490074658    -17.1450505613    -17.1447875647   0.549080E+01     0.68
       600  0.00026168  415.855    -17.1489999288    -17.1450491166    -17.1447874349   0.550284E+01     0.70
       601  0.00026141  415.288    -17.1489942354    -17.1450488118    -17.1447874025   0.551495E+01     0.71
       602  0.00026257  414.814    -17.1489909305    -17.1450500168    -17.1447874467   0.552714E+01     0.70
       603  0.00026457  414.443    -17.1489894522    -17.1450520553    -17.1447874882   0.553938E+01     0.71
       604  0.00026648  414.178    -17.1489889714    -17.1450540920    -17.1447876100   0.555169E+01     0.77
       605  0.00026681  414.011    -17.1489877536    -17.1450544648    -17.1447876582   0.556406E+01     0.71
       606  0.00026501  413.928    -17.1489850943    -17.1450525890    -17.1447875786   0.557648E+01     0.69
       607  0.00026219  413.912    -17.1489820561    -17.1450497085    -17.1447875221   0.558894E+01     0.69
       608  0.00025962  413.936    -17.1489796447    -17.1450470651    -17.1447874464   0.560145E+01     0.67
       609  0.00025867  413.978    -17.1489790293    -17.1450460548    -17.1447873867   0.561399E+01     0.71
       610  0.00026007  414.022    -17.1489809638    -17.1450475699    -17.1447875030   0.562657E+01     0.68
       611  0.00026234  414.068    -17.1489838014    -17.1450499725    -17.1447876294   0.563918E+01     0.74
       612  0.00026377  414.125    -17.1489857264    -17.1450513577    -17.1447875924   0.565180E+01     0.73
       613  0.00026447  414.206    -17.1489871455    -17.1450520038    -17.1447875367   0.566443E+01     0.69
       614  0.00026531  414.327    -17.1489890400    -17.1450527501    -17.1447874429   0.567707E+01     0.68
       615  0.00026740  414.501    -17.1489927701    -17.1450548274    -17.1447874323   0.568970E+01     0.69
       616  0.00027073  414.733    -17.1489984505    -17.1450583001    -17.1447875659   0.570232E+01     0.70
       617  0.00027373  415.022    -17.1490042398    -17.1450613490    -17.1447876218   0.571492E+01     0.69
       618  0.00027542  415.369    -17.1490092113    -17.1450630161    -17.1447875983   0.572750E+01     0.71
       619  0.00027593  415.792    -17.1490137039    -17.1450634964    -17.1447875650   0.574005E+01     0.76
       620  0.00027550  416.303    -17.1490181556    -17.1450630898    -17.1447875898   0.575256E+01     0.71
       621  0.00027385  416.903    -17.1490222350    -17.1450614692    -17.1447876177   0.576502E+01     0.70
       622  0.00027091  417.576    -17.1490256302    -17.1450584719    -17.1447875597   0.577744E+01     0.69
       623  0.00026760  418.300    -17.1490291329    -17.1450551000    -17.1447874985   0.578981E+01     0.67
       624  0.00026515  419.053    -17.1490337722    -17.1450525782    -17.1447874273   0.580211E+01     0.70
       625  0.00026472  419.823    -17.1490406311    -17.1450521277    -17.1447874082   0.581434E+01     0.68
       626  0.00026636  420.597    -17.1490498135    -17.1450539501    -17.1447875867   0.582649E+01     0.74
       627  0.00026791  421.364    -17.1490587847    -17.1450556379    -17.1447877265   0.583856E+01     0.73
       628  0.00026760  422.105    -17.1490654624    -17.1450552806    -17.1447876791   0.585054E+01     0.69
       629  0.00026610  422.806    -17.1490704992    -17.1450536534    -17.1447875487   0.586242E+01     0.68
       630  0.00026526  423.471    -17.1490758786    -17.1450527115    -17.1447874495   0.587418E+01     0.70
       631  0.00026626  424.120    -17.1490830735    -17.1450537452    -17.1447874811   0.588582E+01     0.70
       632  0.00026843  424.781    -17.1490916267    -17.1450560207    -17.1447875877   0.589733E+01     0.70
       633  0.00027015  425.484    -17.1491000370    -17.1450577446    -17.1447875962   0.590871E+01     0.69
       634  0.00027100  426.254    -17.1491081278    -17.1450585247    -17.1447875261   0.591994E+01     0.75
       635  0.00027172  427.098    -17.1491168673    -17.1450592419    -17.1447875181   0.593103E+01     0.71
       636  0.00027245  428.016    -17.1491263757    -17.1450600314    -17.1447875848   0.594195E+01     0.70
       637  0.00027241  428.999    -17.1491357035    -17.1450600251    -17.1447876151   0.595272E+01     0.69
       638  0.00027133  430.030    -17.1491443891    -17.1450589084    -17.1447875780   0.596332E+01     0.67
       639  0.00027000  431.091    -17.1491530414    -17.1450574880    -17.1447874834   0.597375E+01     0.70
       640  0.00026972  432.159    -17.1491629322    -17.1450572316    -17.1447875120   0.598401E+01     0.68
       641  0.00027040  433.221    -17.1491737618    -17.1450579726    -17.1447875726   0.599409E+01     0.73
       642  0.00027126  434.273    -17.1491846376    -17.1450588458    -17.1447875861   0.600400E+01     0.72
       643  0.00027179  435.323    -17.1491952057    -17.1450594435    -17.1447876498   0.601373E+01     0.69
       644  0.00027124  436.374    -17.1492046284    -17.1450588798    -17.1447876423   0.602328E+01     0.67
       645  0.00026948  437.429    -17.1492128800    -17.1450571087    -17.1447876250   0.603267E+01     0.69
       646  0.00026691  438.496    -17.1492203559    -17.1450544435    -17.1447875372   0.604188E+01     0.69
       647  0.00026477  439.596    -17.1492284733    -17.1450521168    -17.1447873516   0.605092E+01     0.70
       648  0.00026540  440.744    -17.1492399611    -17.1450526997    -17.1447872966   0.605980E+01     0.69
       649  0.00026958  441.936    -17.1492556149    -17.1450570281    -17.1447874528   0.606851E+01     0.76
       650  0.00027539  443.142    -17.1492731041    -17.1450630546    -17.1447876610   0.607706E+01     0.72
       651  0.00028025  444.317    -17.1492892517    -17.1450680395    -17.1447877899   0.608544E+01     0.68
       652  0.00028259  445.414    -17.1493020100    -17.1450703745    -17.1447877885   0.609366E+01     0.67
       653  0.00028272  446.409    -17.1493114486    -17.1450703625    -17.1447876383   0.610172E+01     0.67
       654  0.00028260  447.318    -17.1493198005    -17.1450700838    -17.1447874888   0.610962E+01     0.69
       655  0.00028372  448.190    -17.1493292347    -17.1450712255    -17.1447875085   0.611736E+01     0.68
       656  0.00028561  449.080    -17.1493396210    -17.1450731651    -17.1447875531   0.612494E+01     0.72
       657  0.00028734  450.012    -17.1493502306    -17.1450749168    -17.1447875737   0.613237E+01     0.75
       658  0.00028857  450.994    -17.1493607727    -17.1450761259    -17.1447875608   0.613964E+01     0.70
       659  0.00028910  452.025    -17.1493712023    -17.1450767587    -17.1447876598   0.614678E+01     0.70
       660  0.00028795  453.098    -17.1493802271    -17.1450755925    -17.1447876459   0.615378E+01     0.69
       661  0.00028552  454.203    -17.1493881131    -17.1450729813    -17.1447874619   0.616065E+01     0.67
       662  0.00028414  455.337    -17.1493974544    -17.1450715477    -17.1447874028   0.616740E+01     0.70
       663  0.00028467  456.497    -17.1494091237    -17.1450721951    -17.1447875269   0.617405E+01     0.69
       664  0.00028550  457.665    -17.1494212538    -17.1450732294    -17.1447877265   0.618060E+01     0.73
       665  0.00028400  458.806    -17.1494307366    -17.1450718768    -17.1447878797   0.618706E+01     0.73
       666  0.00027862  459.873    -17.1494353986    -17.1450663971    -17.1447877783   0.619345E+01     0.70
       667  0.00027102  460.816    -17.1494366041    -17.1450586428    -17.1447876197   0.619978E+01     0.70
       668  0.00026408  461.588    -17.1494368501    -17.1450515610    -17.1447874768   0.620607E+01     0.70
       669  0.00026020  462.155    -17.1494383009    -17.1450476239    -17.1447874258   0.621231E+01     0.71
       670  0.00026040  462.499    -17.1494418098    -17.1450478650    -17.1447874639   0.621851E+01     0.68
       671  0.00026400  462.607    -17.1494466202    -17.1450516440    -17.1447876401   0.622470E+01     0.69
       672  0.00026869  462.479    -17.1494501961    -17.1450564396    -17.1447877513   0.623087E+01     0.75
       673  0.00027263  462.131    -17.1494507952    -17.1450603408    -17.1447877066   0.623704E+01     0.71
       674  0.00027601  461.602    -17.1494490396    -17.1450636157    -17.1447876035   0.624322E+01     0.69
       675  0.00027975  460.938    -17.1494464300    -17.1450673173    -17.1447875675   0.624940E+01     0.68
       676  0.00028396  460.180    -17.1494434830    -17.1450715689    -17.1447876049   0.625560E+01     0.68
       677  0.00028815  459.355    -17.1494398033    -17.1450757255    -17.1447875752   0.626183E+01     0.69
       678  0.00029236  458.485    -17.1494357180    -17.1450799081    -17.1447875498   0.626809E+01     0.68
       679  0.00029654  457.605    -17.1494315863    -17.1450841299    -17.1447875918   0.627438E+01     0.72
       680  0.00029962  456.769    -17.1494267926    -17.1450872817    -17.1447876575   0.628073E+01     0.75
       681  0.00030018  456.020    -17.1494202875    -17.1450878913    -17.1447877103   0.628712E+01     0.70
       682  0.00029753  455.369    -17.1494113793    -17.1450851686    -17.1447876432   0.629359E+01     0.69
       683  0.00029281  454.782    -17.1494009936    -17.1450803590    -17.1447875465   0.630012E+01     0.69
       684  0.00028801  454.199    -17.1493905998    -17.1450755063    -17.1447874975   0.630675E+01     0.67
       685  0.00028441  453.568    -17.1493809947    -17.1450718953    -17.1447874848   0.631346E+01     0.71
       686  0.00028227  452.874    -17.1493723210    -17.1450698119    -17.1447875416   0.632029E+01     0.68
       687  0.00028065  452.134    -17.1493637398    -17.1450682667    -17.1447876140   0.632723E+01     0.73
       688  0.00027823  451.363    -17.1493540589    -17.1450659082    -17.1447876820   0.633429E+01     0.73
       689  0.00027431  450.556    -17.1493423963    -17.1450619163    -17.1447876058   0.634148E+01     0.71
       690  0.00026999  449.682    -17.1493297118    -17.1450575298    -17.1447875366   0.634881E+01     0.68
       691  0.00026692  448.710    -17.1493172825    -17.1450543366    -17.1447874201   0.635629E+01     0.69
       692  0.00026657  447.626    -17.1493066696    -17.1450540261    -17.1447874550   0.636390E+01     0.69
       693  0.00026847  446.445    -17.1492974672    -17.1450560368    -17.1447875633   0.637167E+01     0.71
       694  0.00027090  445.205    -17.1492881213    -17.1450584711    -17.1447875683   0.637958E+01     0.71
       695  0.00027328  443.939    -17.1492784647    -17.1450608495    -17.1447875686   0.638763E+01     0.76
       696  0.00027515  442.662    -17.1492683111    -17.1450628287    -17.1447876821   0.639583E+01     0.73
       697  0.00027529  441.384    -17.1492562447    -17.1450629014    -17.1447876093   0.640418E+01     0.69
       698  0.00027454  440.127    -17.1492433381    -17.1450619371    -17.1447873999   0.641267E+01     0.70
       699  0.00027546  438.929    -17.1492327485    -17.1450627276    -17.1447872676   0.642132E+01     0.70
       700  0.00027925  437.831    -17.1492262919    -17.1450667015    -17.1447874488   0.643012E+01     0.70
       701  0.00028337  436.855    -17.1492213783    -17.1450710573    -17.1447876841   0.643908E+01     0.66
       702  0.00028464  436.001    -17.1492145353    -17.1450723318    -17.1447876925   0.644820E+01     0.71
       703  0.00028292  435.259    -17.1492055808    -17.1450704296    -17.1447875141   0.645748E+01     0.75
       704  0.00028055  434.625    -17.1491970774    -17.1450679469    -17.1447873946   0.646693E+01     0.69
       705  0.00027930  434.098    -17.1491908583    -17.1450667348    -17.1447874305   0.647653E+01     0.69
       706  0.00027880  433.665    -17.1491863769    -17.1450663656    -17.1447875635   0.648629E+01     0.69
       707  0.00027761  433.301    -17.1491817548    -17.1450652040    -17.1447875944   0.649619E+01     0.67
       708  0.00027542  432.981    -17.1491764669    -17.1450629567    -17.1447875339   0.650624E+01     0.70
       709  0.00027299  432.699    -17.1491713342    -17.1450605036    -17.1447875174   0.651642E+01     0.68
       710  0.00027061  432.465    -17.1491667110    -17.1450581009    -17.1447874937   0.652674E+01     0.73
       711  0.00026863  432.286    -17.1491629892    -17.1450560816    -17.1447874535   0.653717E+01     0.73
       712  0.00026783  432.147    -17.1491608322    -17.1450552448    -17.1447874124   0.654773E+01     0.69
       713  0.00026885  432.018    -17.1491607263    -17.1450563646    -17.1447875140   0.655838E+01     0.68
       714  0.00027055  431.871    -17.1491611760    -17.1450582067    -17.1447876532   0.656914E+01     0.69
       715  0.00027136  431.699    -17.1491602692    -17.1450589390    -17.1447875826   0.657997E+01     0.70
       716  0.00027181  431.511    -17.1491588778    -17.1450593305    -17.1447875205   0.659089E+01     0.68
       717  0.00027252  431.324    -17.1491578683    -17.1450600966    -17.1447875796   0.660187E+01     0.70
       718  0.00027297  431.147    -17.1491565899    -17.1450605011    -17.1447875324   0.661291E+01     0.77
       719  0.00027380  430.983    -17.1491557583    -17.1450612243    -17.1447874217   0.662398E+01     0.71
       720  0.00027622  430.843    -17.1491568825    -17.1450636820    -17.1447874662   0.663510E+01     0.69
       721  0.00027937  430.751    -17.1491593098    -17.1450669873    -17.1447876219   0.664623E+01     0.69
       722  0.00028097  430.739    -17.1491608317    -17.1450686224    -17.1447876492   0.665739E+01     0.68
       723  0.00028033  430.825    -17.1491609439    -17.1450679114    -17.1447875796   0.666856E+01     0.71
       724  0.00027855  430.998    -17.1491607087    -17.1450660379    -17.1447874858   0.667974E+01     0.69
       725  0.00027730  431.218    -17.1491615187    -17.1450647512    -17.1447874550   0.669092E+01     0.73
       726  0.00027740  431.446    -17.1491638555    -17.1450649240    -17.1447875226   0.670209E+01     0.74
       727  0.00027819  431.655    -17.1491667183    -17.1450658031    -17.1447876107   0.671325E+01     0.70
       728  0.00027856  431.839    -17.1491688362    -17.1450661761    -17.1447876153   0.672439E+01     0.68
       729  0.00027833  432.003    -17.1491701195    -17.1450659011    -17.1447875748   0.673551E+01     0.69
       730  0.00027778  432.159    -17.1491710792    -17.1450653765    -17.1447875984   0.674659E+01     0.69
       731  0.00027672  432.328    -17.1491715709    -17.1450642612    -17.1447875388   0.675762E+01     0.67
       732  0.00027583  432.536    -17.1491725225    -17.1450632410    -17.1447874085   0.676860E+01     0.69
       733  0.00027674  432.800    -17.1491758962    -17.1450641033    -17.1447873609   0.677951E+01     0.75
       734  0.00027983  433.127    -17.1491822652    -17.1450673698    -17.1447875437   0.679036E+01     0.70
       735  0.00028270  433.506    -17.1491889598    -17.1450704564    -17.1447877581   0.680112E+01     0.69
       736  0.00028252  433.917    -17.1491927263    -17.1450703176    -17.1447877989   0.681180E+01     0.68
       737  0.00027913  434.342    -17.1491931034    -17.1450666649    -17.1447875331   0.682238E+01     0.67
       738  0.00027589  434.786    -17.1491938893    -17.1450632239    -17.1447873321   0.683286E+01     0.69
       739  0.00027519  435.284    -17.1491980239    -17.1450626321    -17.1447874449   0.684322E+01     0.67
       740  0.00027542  435.866    -17.1492039669    -17.1450630484    -17.1447876272   0.685345E+01     0.70
       741  0.00027403  436.543    -17.1492090311    -17.1450616803    -17.1447876495   0.686355E+01     0.75
       742  0.00027074  437.301    -17.1492128237    -17.1450582706    -17.1447875276   0.687351E+01     0.71
       743  0.00026742  438.106    -17.1492170704    -17.1450548636    -17.1447874420   0.688331E+01     0.69
       744  0.00026580  438.917    -17.1492231265    -17.1450532170    -17.1447874183   0.689297E+01     0.69
       745  0.00026669  439.692    -17.1492314036    -17.1450541347    -17.1447874460   0.690246E+01     0.68
       746  0.00026968  440.400    -17.1492413133    -17.1450573150    -17.1447876393   0.691180E+01     0.70
       747  0.00027224  441.031    -17.1492500206    -17.1450600266    -17.1447877900   0.692097E+01     0.68
       748  0.00027235  441.593    -17.1492553767    -17.1450600485    -17.1447876958   0.692998E+01     0.77
       749  0.00027102  442.104    -17.1492587200    -17.1450585348    -17.1447875161   0.693883E+01     0.74
       750  0.00027052  442.594    -17.1492627717    -17.1450579322    -17.1447874164   0.694753E+01     0.69
       751  0.00027214  443.098    -17.1492691721    -17.1450595400    -17.1447874028   0.695607E+01     0.68
       752  0.00027570  443.652    -17.1492780858    -17.1450631914    -17.1447874936   0.696445E+01     0.68
       753  0.00027975  444.281    -17.1492882123    -17.1450673412    -17.1447875900   0.697268E+01     0.68
       754  0.00028259  444.995    -17.1492979341    -17.1450702837    -17.1447876934   0.698077E+01     0.68
       755  0.00028308  445.778    -17.1493058046    -17.1450707176    -17.1447876393   0.698870E+01     0.71
       756  0.00028236  446.592    -17.1493126384    -17.1450698149    -17.1447874524   0.699650E+01     0.78
       757  0.00028332  447.395    -17.1493211402    -17.1450706905    -17.1447873669   0.700415E+01     0.71
       758  0.00028742  448.157    -17.1493325887    -17.1450749001    -17.1447874775   0.701167E+01     0.71
       759  0.00029305  448.878    -17.1493452789    -17.1450807387    -17.1447876857   0.701906E+01     0.70
       760  0.00029716  449.592    -17.1493562128    -17.1450848881    -17.1447877233   0.702632E+01     0.68
       761  0.00029844  450.350    -17.1493646399    -17.1450861141    -17.1447876761   0.703345E+01     0.70
       762  0.00029716  451.190    -17.1493712686    -17.1450847615    -17.1447876045   0.704047E+01     0.68
       763  0.00029430  452.121    -17.1493771976    -17.1450818456    -17.1447875433   0.704738E+01     0.72
       764  0.00029092  453.125    -17.1493833525    -17.1450784582    -17.1447875369   0.705418E+01     0.72
       765  0.00028753  454.168    -17.1493898753    -17.1450750740    -17.1447875428   0.706088E+01     0.70
       766  0.00028444  455.205    -17.1493966586    -17.1450720109    -17.1447875676   0.706748E+01     0.66
       767  0.00028166  456.189    -17.1494032857    -17.1450692882    -17.1447876243   0.707398E+01     0.67
       768  0.00027877  457.081    -17.1494088941    -17.1450664182    -17.1447876489   0.708039E+01     0.67
       769  0.00027584  457.856    -17.1494132264    -17.1450633860    -17.1447875458   0.708671E+01     0.69
       770  0.00027419  458.510    -17.1494177147    -17.1450616643    -17.1447874710   0.709295E+01     0.70
       771  0.00027470  459.055    -17.1494234440    -17.1450622163    -17.1447875198   0.709912E+01     0.75
       772  0.00027664  459.503    -17.1494297299    -17.1450642423    -17.1447876054   0.710523E+01     0.72
       773  0.00027860  459.854    -17.1494351534    -17.1450663355    -17.1447877377   0.711128E+01     0.69
       774  0.00027877  460.097    -17.1494377007    -17.1450665696    -17.1447877996   0.711730E+01     0.68
       775  0.00027664  460.227    -17.1494366187    -17.1450642563    -17.1447876166   0.712328E+01     0.68
       776  0.00027451  460.238    -17.1494344585    -17.1450619909    -17.1447874837   0.712925E+01     0.70
       777  0.00027437  460.123    -17.1494332520    -17.1450618811    -17.1447875142   0.713519E+01     0.69
       778  0.00027596  459.870    -17.1494325792    -17.1450636044    -17.1447876397   0.714114E+01     0.71
       779  0.00027755  459.476    -17.1494305312    -17.1450653068    -17.1447877534   0.714708E+01     0.74
       780  0.00027758  458.939    -17.1494254305    -17.1450653024    -17.1447877220   0.715303E+01     0.71
       781  0.00027649  458.263    -17.1494177595    -17.1450640559    -17.1447875657   0.715899E+01     0.69
       782  0.00027644  457.447    -17.1494098375    -17.1450638873    -17.1447874472   0.716498E+01     0.70
       783  0.00027909  456.498    -17.1494034793    -17.1450665438    -17.1447874584   0.717100E+01     0.68
       784  0.00028409  455.442    -17.1493985552    -17.1450716513    -17.1447875656   0.717705E+01     0.70
       785  0.00028954  454.319    -17.1493934544    -17.1450772186    -17.1447876793   0.718314E+01     0.68
       786  0.00029351  453.167    -17.1493864867    -17.1450811995    -17.1447876850   0.718928E+01     0.74
       787  0.00029576  452.013    -17.1493776237    -17.1450832997    -17.1447875405   0.719547E+01     0.73
       788  0.00029775  450.886    -17.1493688654    -17.1450852454    -17.1447875004   0.720173E+01     0.69
       789  0.00029963  449.821    -17.1493607580    -17.1450872563    -17.1447876293   0.720806E+01     0.69
       790  0.00029958  448.843    -17.1493514800    -17.1450872711    -17.1447876961   0.721447E+01     0.69
       791  0.00029665  447.955    -17.1493400355    -17.1450842613    -17.1447876111   0.722097E+01     0.70
       792  0.00029200  447.147    -17.1493276058    -17.1450795124    -17.1447875082   0.722756E+01     0.68
       793  0.00028717  446.401    -17.1493156886    -17.1450746843    -17.1447875130   0.723426E+01     0.70
       794  0.00028251  445.685    -17.1493042744    -17.1450700706    -17.1447875605   0.724105E+01     0.75
       795  0.00027796  444.950    -17.1492927337    -17.1450655058    -17.1447875457   0.724795E+01     0.70
       796  0.00027394  444.156    -17.1492811742    -17.1450614975    -17.1447875608   0.725494E+01     0.73
       797  0.00027037  443.287    -17.1492693813    -17.1450579582    -17.1447875894   0.726202E+01     0.70
       798  0.00026688  442.351    -17.1492569755    -17.1450544411    -17.1447875624   0.726920E+01     0.69
       799  0.00026380  441.357    -17.1492443800    -17.1450512960    -17.1447874918   0.727646E+01     0.70
       800  0.00026204  440.308    -17.1492326291    -17.1450495046    -17.1447874690   0.728381E+01     0.70
       801  0.00026177  439.216    -17.1492220521    -17.1450492995    -17.1447875303   0.729125E+01     0.75
       802  0.00026211  438.094    -17.1492117843    -17.1450496995    -17.1447875869   0.729877E+01     0.73
       803  0.00026215  436.947    -17.1492009580    -17.1450497667    -17.1447876185   0.730638E+01     0.69
       804  0.00026141  435.780    -17.1491891013    -17.1450489967    -17.1447875849   0.731408E+01     0.68
       805  0.00026063  434.598    -17.1491769104    -17.1450480382    -17.1447874118   0.732185E+01     0.69
       806  0.00026185  433.410    -17.1491668215    -17.1450492320    -17.1447873788   0.732971E+01     0.70
       807  0.00026538  432.234    -17.1491593282    -17.1450529162    -17.1447875367   0.733765E+01     0.69
       808  0.00026914  431.087    -17.1491522590    -17.1450567423    -17.1447875976   0.734567E+01     0.71
       809  0.00027205  429.980    -17.1491446206    -17.1450596217    -17.1447875703   0.735375E+01     0.76
       810  0.00027427  428.908    -17.1491366818    -17.1450618624    -17.1447875927   0.736191E+01     0.72
       811  0.00027580  427.862    -17.1491282327    -17.1450633525    -17.1447875532   0.737012E+01     0.69
       812  0.00027729  426.838    -17.1491198968    -17.1450647490    -17.1447874558   0.737838E+01     0.68
       813  0.00027998  425.845    -17.1491131122    -17.1450673941    -17.1447874104   0.738669E+01     0.68
       814  0.00028413  424.906    -17.1491084700    -17.1450716736    -17.1447875452   0.739501E+01     0.69
       815  0.00028753  424.045    -17.1491038961    -17.1450752776    -17.1447877482   0.740336E+01     0.68
       816  0.00028765  423.286    -17.1490966628    -17.1450752557    -17.1447876081   0.741170E+01     0.72
       817  0.00028584  422.655    -17.1490886522    -17.1450732377    -17.1447874008   0.742005E+01     0.75
       818  0.00028460  422.185    -17.1490829161    -17.1450719747    -17.1447873739   0.742838E+01     0.70
       819  0.00028424  421.900    -17.1490799589    -17.1450717233    -17.1447874845   0.743668E+01     0.69
       820  0.00028306  421.807    -17.1490780666    -17.1450707148    -17.1447876534   0.744497E+01     0.71
       821  0.00027912  421.883    -17.1490748347    -17.1450667623    -17.1447876397   0.745321E+01     0.70
       822  0.00027291  422.076    -17.1490703617    -17.1450604517    -17.1447875407   0.746141E+01     0.70
       823  0.00026653  422.317    -17.1490661702    -17.1450539689    -17.1447874393   0.746955E+01     0.69
       824  0.00026209  422.534    -17.1490637849    -17.1450495255    -17.1447874390   0.747763E+01     0.75
       825  0.00026008  422.666    -17.1490631788    -17.1450476619    -17.1447875868   0.748564E+01     0.72
       826  0.00025884  422.679    -17.1490621797    -17.1450465419    -17.1447877021   0.749356E+01     0.68
       827  0.00025699  422.566    -17.1490591773    -17.1450446117    -17.1447876187   0.750139E+01     0.68
       828  0.00025545  422.344    -17.1490553591    -17.1450429049    -17.1447874570   0.750911E+01     0.67
       829  0.00025625  422.037    -17.1490531690    -17.1450436258    -17.1447873783   0.751671E+01     0.69
       830  0.00026027  421.674    -17.1490538045    -17.1450477138    -17.1447874487   0.752419E+01     0.67
       831  0.00026635  421.282    -17.1490562826    -17.1450539149    -17.1447875696   0.753153E+01     0.69
       832  0.00027220  420.893    -17.1490586183    -17.1450599513    -17.1447877546   0.753874E+01     0.74
       833  0.00027503  420.540    -17.1490581277    -17.1450628113    -17.1447877764   0.754581E+01     0.70
       834  0.00027430  420.263    -17.1490545415    -17.1450618557    -17.1447875578   0.755272E+01     0.71
       835  0.00027250  420.103    -17.1490510494    -17.1450598821    -17.1447873771   0.755948E+01     0.70
       836  0.00027184  420.097    -17.1490503437    -17.1450592327    -17.1447873954   0.756608E+01     0.68
       837  0.00027229  420.265    -17.1490523929    -17.1450596846    -17.1447873917   0.757251E+01     0.71
       838  0.00027404  420.601    -17.1490572932    -17.1450613936    -17.1447873557   0.757876E+01     0.69
       839  0.00027728  421.076    -17.1490652453    -17.1450648326    -17.1447875503   0.758483E+01     0.73
       840  0.00027995  421.653    -17.1490735209    -17.1450676296    -17.1447876751   0.759070E+01     0.74
       841  0.00028072  422.294    -17.1490802875    -17.1450683076    -17.1447875833   0.759637E+01     0.71
       842  0.00028078  422.966    -17.1490866785    -17.1450683140    -17.1447875363   0.760184E+01     0.67
       843  0.00028091  423.650    -17.1490933844    -17.1450685240    -17.1447876185   0.760709E+01     0.69
       844  0.00028004  424.350    -17.1490992353    -17.1450677247    -17.1447876810   0.761212E+01     0.67
       845  0.00027725  425.093    -17.1491034073    -17.1450648359    -17.1447875817   0.761694E+01     0.70
       846  0.00027350  425.914    -17.1491073293    -17.1450609553    -17.1447874557   0.762153E+01     0.68
       847  0.00027038  426.838    -17.1491129261    -17.1450577713    -17.1447873900   0.762589E+01     0.74
       848  0.00026887  427.869    -17.1491212321    -17.1450562887    -17.1447874201   0.763003E+01     0.72
       849  0.00026864  428.986    -17.1491317432    -17.1450561841    -17.1447875480   0.763394E+01     0.69
       850  0.00026825  430.161    -17.1491425836    -17.1450558654    -17.1447876195   0.763763E+01     0.69
       851  0.00026710  431.364    -17.1491527622    -17.1450546081    -17.1447875121   0.764110E+01     0.69
       852  0.00026673  432.575    -17.1491637951    -17.1450541391    -17.1447874044   0.764434E+01     0.69
       853  0.00026866  433.778    -17.1491772164    -17.1450561352    -17.1447874703   0.764737E+01     0.69
       854  0.00027217  434.970    -17.1491921478    -17.1450597428    -17.1447875775   0.765018E+01     0.70
       855  0.00027551  436.164    -17.1492069291    -17.1450631758    -17.1447876625   0.765278E+01     0.77
       856  0.00027727  437.387    -17.1492202857    -17.1450649129    -17.1447876441   0.765519E+01     0.72
       857  0.00027745  438.670    -17.1492325233    -17.1450649646    -17.1447875183   0.765739E+01     0.71
       858  0.00027754  440.035    -17.1492455061    -17.1450649794    -17.1447874349   0.765940E+01     0.69
       859  0.00027847  441.479    -17.1492603042    -17.1450660555    -17.1447875842   0.766123E+01     0.68
       860  0.00027872  442.969    -17.1492748442    -17.1450664370    -17.1447877193   0.766287E+01     0.70
       861  0.00027696  444.459    -17.1492871444    -17.1450645872    -17.1447876229   0.766434E+01     0.68
       862  0.00027490  445.910    -17.1492986484    -17.1450623015    -17.1447874054   0.766565E+01     0.73
       863  0.00027537  447.305    -17.1493123832    -17.1450627906    -17.1447874163   0.766680E+01     0.73
       864  0.00027841  448.633    -17.1493282368    -17.1450660204    -17.1447876072   0.766780E+01     0.70
       865  0.00028150  449.896    -17.1493434317    -17.1450692203    -17.1447877249   0.766865E+01     0.68
       866  0.00028277  451.103    -17.1493561381    -17.1450704619    -17.1447876924   0.766938E+01     0.69
       867  0.00028247  452.274    -17.1493668340    -17.1450700287    -17.1447875578   0.766998E+01     0.69
       868  0.00028230  453.431    -17.1493775385    -17.1450697449    -17.1447874491   0.767047E+01     0.69
       869  0.00028363  454.582    -17.1493898580    -17.1450711265    -17.1447874944   0.767085E+01     0.70
       870  0.00028594  455.719    -17.1494031240    -17.1450735883    -17.1447876531   0.767113E+01     0.76
       871  0.00028729  456.814    -17.1494149840    -17.1450750483    -17.1447877615   0.767131E+01     0.72
       872  0.00028654  457.827    -17.1494238234    -17.1450742638    -17.1447877200   0.767142E+01     0.70
       873  0.00028444  458.723    -17.1494301560    -17.1450720832    -17.1447876436   0.767146E+01     0.68
       874  0.00028226  459.481    -17.1494351280    -17.1450698524    -17.1447875931   0.767143E+01     0.69
       875  0.00028099  460.097    -17.1494396241    -17.1450684995    -17.1447875074   0.767136E+01     0.70
       876  0.00028160  460.576    -17.1494448154    -17.1450691364    -17.1447875383   0.767125E+01     0.68
       877  0.00028353  460.926    -17.1494502081    -17.1450712010    -17.1447876700   0.767111E+01     0.73
       878  0.00028498  461.155    -17.1494538799    -17.1450727048    -17.1447877213   0.767096E+01     0.73
       879  0.00028511  461.276    -17.1494550723    -17.1450727413    -17.1447876346   0.767081E+01     0.70
       880  0.00028481  461.318    -17.1494550457    -17.1450723175    -17.1447875064   0.767067E+01     0.68
       881  0.00028555  461.306    -17.1494556789    -17.1450730676    -17.1447875154   0.767055E+01     0.70
       882  0.00028698  461.251    -17.1494567616    -17.1450746679    -17.1447876926   0.767046E+01     0.70
       883  0.00028687  461.152    -17.1494557809    -17.1450746331    -17.1447877653   0.767042E+01     0.68
       884  0.00028441  460.997    -17.1494517118    -17.1450720368    -17.1447876265   0.767042E+01     0.70
       885  0.00028137  460.772    -17.1494464427    -17.1450689064    -17.1447875390   0.767049E+01     0.75
       886  0.00027923  460.453    -17.1494413324    -17.1450668269    -17.1447875977   0.767062E+01     0.73
       887  0.00027759  460.004    -17.1494355185    -17.1450652738    -17.1447876880   0.767083E+01     0.70
       888  0.00027584  459.387    -17.1494278443    -17.1450634663    -17.1447876278   0.767111E+01     0.69
       889  0.00027474  458.569    -17.1494189642    -17.1450623531    -17.1447876109   0.767149E+01     0.68
       890  0.00027495  457.539    -17.1494093240    -17.1450624985    -17.1447875474   0.767196E+01     0.70
       891  0.00027714  456.309    -17.1493998141    -17.1450646749    -17.1447875313   0.767253E+01     0.68
       892  0.00028106  454.917    -17.1493906056    -17.1450686915    -17.1447876268   0.767321E+01     0.73
       893  0.00028500  453.421    -17.1493803720    -17.1450726714    -17.1447876739   0.767400E+01     0.75
       894  0.00028773  451.890    -17.1493684604    -17.1450753046    -17.1447875777   0.767491E+01     0.70
       895  0.00028990  450.396    -17.1493562983    -17.1450773348    -17.1447874359   0.767593E+01     0.68
       896  0.00029276  449.002    -17.1493459391    -17.1450802176    -17.1447874581   0.767709E+01     0.70
       897  0.00029552  447.747    -17.1493369745    -17.1450831762    -17.1447876545   0.767838E+01     0.69
       898  0.00029566  446.638    -17.1493266421    -17.1450833833    -17.1447877207   0.767980E+01     0.69
       899  0.00029242  445.657    -17.1493139386    -17.1450799944    -17.1447875759   0.768135E+01     0.68
       900  0.00028800  444.781    -17.1493010158    -17.1450754015    -17.1447874031   0.768305E+01     0.77
       901  0.00028480  443.977    -17.1492902669    -17.1450722863    -17.1447874869   0.768489E+01     0.74
       902  0.00028233  443.204    -17.1492806071    -17.1450699666    -17.1447876351   0.768687E+01     0.70
       903  0.00027911  442.408    -17.1492698406    -17.1450667651    -17.1447876522   0.768899E+01     0.69
       904  0.00027528  441.535    -17.1492576482    -17.1450628650    -17.1447875830   0.769126E+01     0.69
       905  0.00027200  440.552    -17.1492449871    -17.1450595456    -17.1447875471   0.769368E+01     0.70
       906  0.00027003  439.455    -17.1492325300    -17.1450575154    -17.1447874856   0.769623E+01     0.68
       907  0.00026989  438.272    -17.1492211636    -17.1450573859    -17.1447874938   0.769891E+01     0.74
       908  0.00027095  437.058    -17.1492107661    -17.1450585162    -17.1447875662   0.770173E+01     0.76
       909  0.00027167  435.878    -17.1492003051    -17.1450592706    -17.1447875993   0.770467E+01     0.72
       910  0.00027120  434.783    -17.1491893617    -17.1450587326    -17.1447875277   0.770774E+01     0.68
       911  0.00027016  433.800    -17.1491789221    -17.1450576270    -17.1447874645   0.771091E+01     0.70
       912  0.00026953  432.931    -17.1491700185    -17.1450569816    -17.1447874502   0.771419E+01     0.68
       913  0.00026956  432.154    -17.1491627608    -17.1450571057    -17.1447875502   0.771757E+01     0.70
       914  0.00026927  431.435    -17.1491557289    -17.1450568996    -17.1447876258   0.772104E+01     0.68
       915  0.00026800  430.736    -17.1491477848    -17.1450556044    -17.1447876000   0.772460E+01     0.76
       916  0.00026645  430.012    -17.1491392820    -17.1450539771    -17.1447875308   0.772823E+01     0.73
       917  0.00026579  429.225    -17.1491311731    -17.1450533474    -17.1447875526   0.773193E+01     0.69
       918  0.00026607  428.346    -17.1491231755    -17.1450536970    -17.1447876236   0.773569E+01     0.68
       919  0.00026644  427.365    -17.1491142460    -17.1450540876    -17.1447876516   0.773950E+01     0.69
       920  0.00026656  426.283    -17.1491040130    -17.1450541337    -17.1447875698   0.774335E+01     0.69
       921  0.00026762  425.109    -17.1490937650    -17.1450550428    -17.1447874235   0.774724E+01     0.68
       922  0.00027128  423.859    -17.1490855701    -17.1450587199    -17.1447874432   0.775115E+01     0.70
       923  0.00027700  422.566    -17.1490791738    -17.1450646065    -17.1447876034   0.775507E+01     0.75
       924  0.00028230  421.281    -17.1490722989    -17.1450699396    -17.1447876408   0.775901E+01     0.70
       925  0.00028614  420.069    -17.1490644738    -17.1450736281    -17.1447874855   0.776294E+01     0.68
       926  0.00028971  418.995    -17.1490577946    -17.1450771542    -17.1447874435   0.776687E+01     0.69
       927  0.00029331  418.107    -17.1490530128    -17.1450808078    -17.1447874977   0.777078E+01     0.67
       928  0.00029595  417.430    -17.1490493097    -17.1450835339    -17.1447875884   0.777467E+01     0.70
       929  0.00029632  416.963    -17.1490453026    -17.1450839682    -17.1447876495   0.777852E+01     0.68
       930  0.00029377  416.676    -17.1490400380    -17.1450814263    -17.1447876517   0.778232E+01     0.75
       931  0.00028864  416.526    -17.1490334397    -17.1450762608    -17.1447876222   0.778607E+01     0.74
       932  0.00028173  416.467    -17.1490259373    -17.1450693184    -17.1447875882   0.778976E+01     0.69
       933  0.00027397  416.471    -17.1490181397    -17.1450614841    -17.1447875191   0.779336E+01     0.68
       934  0.00026635  416.523    -17.1490110086    -17.1450538569    -17.1447875030   0.779688E+01     0.69
       935  0.00025943  416.611    -17.1490049063    -17.1450469128    -17.1447874784   0.780031E+01     0.69
       936  0.00025383  416.712    -17.1490002189    -17.1450412722    -17.1447874441   0.780362E+01     0.68
       937  0.00025027  416.779    -17.1489973559    -17.1450377695    -17.1447875040   0.780683E+01     0.70
       938  0.00024866  416.758    -17.1489955616    -17.1450361762    -17.1447875211   0.780992E+01     0.76
       939  0.00024914  416.605    -17.1489945593    -17.1450366282    -17.1447874834   0.781288E+01     0.72
       940  0.00025211  416.310    -17.1489947826    -17.1450396543    -17.1447875489   0.781572E+01     0.70
       941  0.00025645  415.901    -17.1489953094    -17.1450440627    -17.1447876133   0.781843E+01     0.69
       942  0.00026081  415.433    -17.1489952036    -17.1450484018    -17.1447875943   0.782100E+01     0.70
       943  0.00026465  414.967    -17.1489946281    -17.1450522566    -17.1447876101   0.782343E+01     0.71
       944  0.00026741  414.556    -17.1489934379    -17.1450549671    -17.1447875547   0.782572E+01     0.68
       945  0.00026968  414.246    -17.1489925990    -17.1450570753    -17.1447873951   0.782786E+01     0.72
       946  0.00027309  414.075    -17.1489943573    -17.1450604612    -17.1447873684   0.782985E+01     0.74
       947  0.00027791  414.076    -17.1489992384    -17.1450653275    -17.1447874150   0.783169E+01     0.71
       948  0.00028307  414.275    -17.1490064406    -17.1450706422    -17.1447875751   0.783336E+01     0.68
       949  0.00028605  414.679    -17.1490134417    -17.1450738096    -17.1447877643   0.783488E+01     0.67
       950  0.00028469  415.279    -17.1490176565    -17.1450723162    -17.1447876261   0.783624E+01     0.67
       951  0.00028080  416.064    -17.1490209912    -17.1450681992    -17.1447874022   0.783744E+01     0.67
       952  0.00027756  417.019    -17.1490267638    -17.1450649003    -17.1447873409   0.783848E+01     0.65
       953  0.00027604  418.132    -17.1490359422    -17.1450635022    -17.1447874592   0.783935E+01     0.65
       954  0.00027489  419.386    -17.1490468343    -17.1450624846    -17.1447875938   0.784007E+01     0.69
       955  0.00027269  420.743    -17.1490574833    -17.1450602354    -17.1447875429   0.784062E+01     0.69
       956  0.00027063  422.147    -17.1490686321    -17.1450580486    -17.1447874226   0.784102E+01     0.69
       957  0.00027047  423.539    -17.1490818042    -17.1450579961    -17.1447875232   0.784125E+01     0.70
       958  0.00027141  424.895    -17.1490957090    -17.1450590142    -17.1447876029   0.784133E+01     0.76
       959  0.00027217  426.236    -17.1491091640    -17.1450597298    -17.1447875624   0.784126E+01     0.72
       960  0.00027264  427.603    -17.1491226117    -17.1450601893    -17.1447875474   0.784104E+01     0.70
       961  0.00027288  429.029    -17.1491363609    -17.1450603909    -17.1447875114   0.784068E+01     0.68
       962  0.00027341  430.521    -17.1491510109    -17.1450608680    -17.1447874537   0.784018E+01     0.68
       963  0.00027488  432.062    -17.1491672212    -17.1450624440    -17.1447875620   0.783955E+01     0.70
       964  0.00027623  433.624    -17.1491835033    -17.1450638834    -17.1447876490   0.783879E+01     0.69
       965  0.00027643  435.190    -17.1491985572    -17.1450640536    -17.1447876279   0.783792E+01     0.74
       966  0.00027558  436.762    -17.1492125866    -17.1450631559    -17.1447875786   0.783693E+01     0.74
       967  0.00027441  438.348    -17.1492264171    -17.1450619171    -17.1447875064   0.783584E+01     0.71
       968  0.00027371  439.955    -17.1492410141    -17.1450612453    -17.1447875391   0.783466E+01     0.68
       969  0.00027331  441.579    -17.1492560208    -17.1450608253    -17.1447875180   0.783338E+01     0.70
       970  0.00027370  443.207    -17.1492718088    -17.1450611405    -17.1447874447   0.783203E+01     0.68
       971  0.00027561  444.824    -17.1492891881    -17.1450631641    -17.1447875546   0.783061E+01     0.70
       972  0.00027784  446.407    -17.1493065994    -17.1450655356    -17.1447876932   0.782912E+01     0.68
       973  0.00027869  447.939    -17.1493220078    -17.1450663893    -17.1447876960   0.782757E+01     0.75
       974  0.00027804  449.409    -17.1493352429    -17.1450656523    -17.1447876098   0.782597E+01     0.74
       975  0.00027736  450.812    -17.1493477440    -17.1450648278    -17.1447874629   0.782433E+01     0.69
       976  0.00027853  452.138    -17.1493615401    -17.1450660262    -17.1447874920   0.782265E+01     0.68
       977  0.00028121  453.373    -17.1493761638    -17.1450689139    -17.1447877082   0.782095E+01     0.70
       978  0.00028286  454.492    -17.1493885248    -17.1450706455    -17.1447877861   0.781923E+01     0.70
       979  0.00028280  455.457    -17.1493974765    -17.1450704336    -17.1447876292   0.781750E+01     0.70
       980  0.00028322  456.235    -17.1494051728    -17.1450707401    -17.1447875182   0.781578E+01     0.69
       981  0.00028591  456.823    -17.1494134147    -17.1450733902    -17.1447874820   0.781408E+01     0.76
       982  0.00029097  457.259    -17.1494226855    -17.1450785247    -17.1447875531   0.781240E+01     0.72
       983  0.00029690  457.603    -17.1494319816    -17.1450845475    -17.1447876429   0.781075E+01     0.70
       984  0.00030169  457.926    -17.1494398890    -17.1450893909    -17.1447876997   0.780915E+01     0.70
       985  0.00030396  458.285    -17.1494455347    -17.1450916261    -17.1447876625   0.780759E+01     0.68
       986  0.00030398  458.716    -17.1494495409    -17.1450915351    -17.1447875539   0.780609E+01     0.70
       987  0.00030279  459.228    -17.1494532711    -17.1450904034    -17.1447876092   0.780465E+01     0.69
       988  0.00030019  459.807    -17.1494561609    -17.1450877936    -17.1447876085   0.780328E+01     0.71
       989  0.00029642  460.430    -17.1494582305    -17.1450839386    -17.1447875230   0.780199E+01     0.76
       990  0.00029257  461.076    -17.1494605678    -17.1450801389    -17.1447875737   0.780079E+01     0.72
       991  0.00028829  461.721    -17.1494624969    -17.1450759456    -17.1447876574   0.779968E+01     0.69
       992  0.00028278  462.329    -17.1494627894    -17.1450704532    -17.1447876751   0.779866E+01     0.70
       993  0.00027620  462.854    -17.1494611273    -17.1450638110    -17.1447876124   0.779774E+01     0.68
       994  0.00027019  463.235    -17.1494585958    -17.1450576535    -17.1447874646   0.779693E+01     0.70
       995  0.00026700  463.422    -17.1494571952    -17.1450544761    -17.1447874804   0.779622E+01     0.69
       996  0.00026696  463.382    -17.1494568458    -17.1450545119    -17.1447875517   0.779563E+01     0.71
       997  0.00026902  463.107    -17.1494564006    -17.1450566742    -17.1447876539   0.779514E+01     0.75
       998  0.00027167  462.618    -17.1494543701    -17.1450592969    -17.1447876247   0.779477E+01     0.72
       999  0.00027503  461.948    -17.1494512483    -17.1450625369    -17.1447875059   0.779450E+01     0.70
      1000  0.00027968  461.143    -17.1494484134    -17.1450673457    -17.1447876643   0.779435E+01     0.69
      1001  0.00028342  460.251    -17.1494437698    -17.1450711809    -17.1447877617   0.779430E+01     0.69
      1002  0.00028483  459.309    -17.1494360373    -17.1450723962    -17.1447875644   0.779436E+01     0.71
      1003  0.00028607  458.344    -17.1494279399    -17.1450734694    -17.1447874027   0.779453E+01     0.69
      1004  0.00028924  457.380    -17.1494219736    -17.1450766564    -17.1447874185   0.779480E+01     0.71
      1005  0.00029382  456.458    -17.1494179237    -17.1450813693    -17.1447875537   0.779518E+01     0.74
      1006  0.00029763  455.628    -17.1494138957    -17.1450852309    -17.1447875995   0.779565E+01     0.73
      1007  0.00029948  454.933    -17.1494091238    -17.1450870609    -17.1447875797   0.779623E+01     0.69
      1008  0.00029940  454.389    -17.1494038553    -17.1450869581    -17.1447875548   0.779690E+01     0.69
      1009  0.00029788  453.976    -17.1493984332    -17.1450854596    -17.1447875838   0.779766E+01     0.68
      1010  0.00029491  453.650    -17.1493924186    -17.1450825427    -17.1447876344   0.779851E+01     0.70
      1011  0.00029032  453.369    -17.1493851132    -17.1450779027    -17.1447875877   0.779943E+01     0.68
      1012  0.00028506  453.111    -17.1493772872    -17.1450725339    -17.1447874692   0.780043E+01     0.71
      1013  0.00028069  452.857    -17.1493705203    -17.1450681724    -17.1447874858   0.780148E+01     0.75
      1014  0.00027758  452.576    -17.1493647757    -17.1450651053    -17.1447875236   0.780258E+01     0.71
      1015  0.00027556  452.206    -17.1493593445    -17.1450631812    -17.1447876172   0.780373E+01     0.69
      1016  0.00027393  451.693    -17.1493528781    -17.1450615903    -17.1447876568   0.780492E+01     0.69
      1017  0.00027244  451.019    -17.1493448836    -17.1450599982    -17.1447875547   0.780615E+01     0.68
      1018  0.00027193  450.219    -17.1493367337    -17.1450594488    -17.1447875184   0.780740E+01     0.69
      1019  0.00027230  449.350    -17.1493289506    -17.1450599213    -17.1447876186   0.780867E+01     0.67
      1020  0.00027223  448.448    -17.1493202665    -17.1450598109    -17.1447875777   0.780996E+01     0.71
      1021  0.00027228  447.503    -17.1493112327    -17.1450597501    -17.1447874741   0.781126E+01     0.75
      1022  0.00027405  446.481    -17.1493033120    -17.1450615443    -17.1447874906   0.781255E+01     0.73
      1023  0.00027768  445.353    -17.1492962994    -17.1450652442    -17.1447875644   0.781384E+01     0.69
      1024  0.00028210  444.129    -17.1492891379    -17.1450697140    -17.1447876176   0.781512E+01     0.69
      1025  0.00028600  442.852    -17.1492809230    -17.1450736299    -17.1447876289   0.781637E+01     0.69
      1026  0.00028904  441.582    -17.1492717278    -17.1450765063    -17.1447874712   0.781759E+01     0.71
      1027  0.00029231  440.363    -17.1492635105    -17.1450798654    -17.1447875552   0.781875E+01     0.69
      1028  0.00029472  439.219    -17.1492551892    -17.1450824174    -17.1447876965   0.781986E+01     0.70
      1029  0.00029458  438.162    -17.1492448895    -17.1450821520    -17.1447875748   0.782089E+01     0.76
      1030  0.00029308  437.223    -17.1492343019    -17.1450804847    -17.1447874052   0.782184E+01     0.71
      1031  0.00029203  436.443    -17.1492258786    -17.1450794788    -17.1447874463   0.782270E+01     0.70
      1032  0.00029076  435.843    -17.1492190794    -17.1450783765    -17.1447876116   0.782347E+01     0.69
      1033  0.00028734  435.400    -17.1492115101    -17.1450750146    -17.1447876726   0.782412E+01     0.68
      1034  0.00028165  435.042    -17.1492023046    -17.1450692133    -17.1447875629   0.782467E+01     0.70
      1035  0.00027589  434.682    -17.1491929938    -17.1450633252    -17.1447874397   0.782509E+01     0.69
      1036  0.00027242  434.263    -17.1491855247    -17.1450598289    -17.1447874079   0.782537E+01     0.71
      1037  0.00027146  433.782    -17.1491801671    -17.1450590456    -17.1447875866   0.782552E+01     0.75
      1038  0.00027089  433.260    -17.1491746275    -17.1450584601    -17.1447875731   0.782552E+01     0.70
      1039  0.00027033  432.713    -17.1491688381    -17.1450578756    -17.1447875492   0.782536E+01     0.70
      1040  0.00027007  432.126    -17.1491630754    -17.1450576872    -17.1447876215   0.782503E+01     0.71
      1041  0.00026954  431.480    -17.1491564008    -17.1450571523    -17.1447876120   0.782451E+01     0.68
      1042  0.00026893  430.775    -17.1491489809    -17.1450564233    -17.1447874897   0.782381E+01     0.70
      1043  0.00026966  430.053    -17.1491427022    -17.1450570052    -17.1447873486   0.782292E+01     0.68
      1044  0.00027281  429.385    -17.1491395436    -17.1450601962    -17.1447873894   0.782184E+01     0.73
      1045  0.00027728  428.848    -17.1491390417    -17.1450647928    -17.1447875156   0.782055E+01     0.75
      1046  0.00028055  428.500    -17.1491391455    -17.1450682028    -17.1447876559   0.781907E+01     0.73
      1047  0.00028091  428.363    -17.1491380593    -17.1450684243    -17.1447875139   0.781740E+01     0.68
      1048  0.00028009  428.426    -17.1491376787    -17.1450674419    -17.1447873558   0.781552E+01     0.69
      1049  0.00028043  428.667    -17.1491403514    -17.1450678270    -17.1447873981   0.781345E+01     0.70
      1050  0.00028152  429.064    -17.1491454234    -17.1450691200    -17.1447875956   0.781119E+01     0.70
      1051  0.00028104  429.606    -17.1491501212    -17.1450686733    -17.1447876296   0.780873E+01     0.69
      1052  0.00027851  430.275    -17.1491538518    -17.1450660485    -17.1447875344   0.780607E+01     0.70
      1053  0.00027535  431.041    -17.1491579174    -17.1450628376    -17.1447874842   0.780323E+01     0.75
      1054  0.00027282  431.859    -17.1491631665    -17.1450603139    -17.1447874974   0.780018E+01     0.74
      1055  0.00027099  432.683    -17.1491692577    -17.1450585771    -17.1447875890   0.779695E+01     0.71
      1056  0.00026949  433.482    -17.1491752191    -17.1450569488    -17.1447874564   0.779352E+01     0.68
      1057  0.00026963  434.251    -17.1491826357    -17.1450570601    -17.1447874344   0.778991E+01     0.70
      1058  0.00027175  435.008    -17.1491920163    -17.1450592491    -17.1447875024   0.778611E+01     0.69
      1059  0.00027443  435.782    -17.1492021854    -17.1450620636    -17.1447876295   0.778214E+01     0.70
      1060  0.00027605  436.605    -17.1492115284    -17.1450635899    -17.1447875366   0.777799E+01     0.69
      1061  0.00027716  437.507    -17.1492211364    -17.1450646286    -17.1447874703   0.777366E+01     0.73
      1062  0.00027872  438.513    -17.1492321890    -17.1450661222    -17.1447874059   0.776917E+01     0.74
      1063  0.00028134  439.631    -17.1492454984    -17.1450688039    -17.1447874679   0.776451E+01     0.71
      1064  0.00028445  440.846    -17.1492602372    -17.1450720019    -17.1447875565   0.775970E+01     0.70
      1065  0.00028706  442.126    -17.1492750421    -17.1450746505    -17.1447875952   0.775474E+01     0.69
      1066  0.00028876  443.447    -17.1492892962    -17.1450763533    -17.1447875963   0.774964E+01     0.68
      1067  0.00028945  444.806    -17.1493029163    -17.1450770621    -17.1447876133   0.774442E+01     0.71
      1068  0.00028890  446.204    -17.1493156616    -17.1450765211    -17.1447876177   0.773907E+01     0.69
      1069  0.00028729  447.626    -17.1493275069    -17.1450748563    -17.1447875660   0.773361E+01     0.72
      1070  0.00028577  449.032    -17.1493392679    -17.1450732607    -17.1447874883   0.772805E+01     0.75
      1071  0.00028557  450.377    -17.1493519344    -17.1450731566    -17.1447875856   0.772239E+01     0.71
      1072  0.00028558  451.634    -17.1493640569    -17.1450733293    -17.1447877470   0.771664E+01     0.70
      1073  0.00028395  452.812    -17.1493734879    -17.1450715754    -17.1447876248   0.771081E+01     0.68
      1074  0.00028200  453.927    -17.1493819253    -17.1450694176    -17.1447874150   0.770491E+01     0.68
      1075  0.00028233  454.982    -17.1493923297    -17.1450697994    -17.1447874681   0.769894E+01     0.71
      1076  0.00028465  455.951    -17.1494040322    -17.1450722921    -17.1447876410   0.769291E+01     0.68
      1077  0.00028695  456.802    -17.1494144854    -17.1450746596    -17.1447877075   0.768684E+01     0.73
      1078  0.00028835  457.527    -17.1494226892    -17.1450759752    -17.1447876281   0.768074E+01     0.74
      1079  0.00028944  458.158    -17.1494297018    -17.1450769999    -17.1447875628   0.767461E+01     0.70
      1080  0.00029062  458.745    -17.1494364830    -17.1450781967    -17.1447875727   0.766847E+01     0.69
      1081  0.00029174  459.332    -17.1494431036    -17.1450792445    -17.1447875002   0.766234E+01     0.70
      1082  0.00029343  459.930    -17.1494504848    -17.1450809405    -17.1447875119   0.765622E+01     0.68
      1083  0.00029541  460.532    -17.1494583640    -17.1450831040    -17.1447876951   0.765012E+01     0.70
      1084  0.00029547  461.122    -17.1494641204    -17.1450832587    -17.1447877909   0.764405E+01     0.69
      1085  0.00029239  461.682    -17.1494663037    -17.1450801161    -17.1447877229   0.763801E+01     0.75
      1086  0.00028723  462.187    -17.1494658432    -17.1450748605    -17.1447876296   0.763201E+01     0.73
      1087  0.00028188  462.595    -17.1494642662    -17.1450694055    -17.1447875294   0.762606E+01     0.69
      1088  0.00027796  462.866    -17.1494629570    -17.1450655278    -17.1447875712   0.762015E+01     0.69
      1089  0.00027540  462.976    -17.1494614748    -17.1450630004    -17.1447876011   0.761431E+01     0.70
      1090  0.00027385  462.925    -17.1494593865    -17.1450613913    -17.1447875397   0.760853E+01     0.71
      1091  0.00027394  462.722    -17.1494575185    -17.1450614576    -17.1447875186   0.760282E+01     0.69
      1092  0.00027585  462.366    -17.1494561372    -17.1450634585    -17.1447876060   0.759718E+01     0.71
      1093  0.00027848  461.855    -17.1494539649    -17.1450661400    -17.1447876616   0.759164E+01     0.77
      1094  0.00028101  461.201    -17.1494502138    -17.1450686031    -17.1447875938   0.758618E+01     0.70
      1095  0.00028413  460.443    -17.1494459712    -17.1450715543    -17.1447874258   0.758081E+01     0.71
      1096  0.00028907  459.647    -17.1494434446    -17.1450765916    -17.1447875244   0.757555E+01     0.68
      1097  0.00029392  458.877    -17.1494412258    -17.1450816907    -17.1447877752   0.757039E+01     0.69
      1098  0.00029532  458.170    -17.1494358444    -17.1450830240    -17.1447877061   0.756535E+01     0.70
      1099  0.00029393  457.527    -17.1494281663    -17.1450814544    -17.1447875230   0.756042E+01     0.70
      1100  0.00029230  456.928    -17.1494208335    -17.1450798106    -17.1447875103   0.755561E+01     0.72
      1101  0.00029102  456.359    -17.1494141995    -17.1450785814    -17.1447875573   0.755093E+01     0.74
      1102  0.00028953  455.818    -17.1494075973    -17.1450771231    -17.1447875904   0.754637E+01     0.71
      1103  0.00028752  455.300    -17.1494006224    -17.1450750680    -17.1447875477   0.754193E+01     0.69
      1104  0.00028535  454.789    -17.1493936716    -17.1450729737    -17.1447876238   0.753761E+01     0.70
      1105  0.00028244  454.256    -17.1493857512    -17.1450701203    -17.1447876807   0.753342E+01     0.69
      1106  0.00027861  453.669    -17.1493761829    -17.1450661289    -17.1447875218   0.752934E+01     0.70
      1107  0.00027592  453.004    -17.1493671187    -17.1450633826    -17.1447874605   0.752537E+01     0.68
      1108  0.00027540  452.249    -17.1493595192    -17.1450629481    -17.1447875504   0.752150E+01     0.75
      1109  0.00027593  451.408    -17.1493521199    -17.1450635434    -17.1447876115   0.751774E+01     0.74
      1110  0.00027652  450.489    -17.1493439674    -17.1450641229    -17.1447876038   0.751408E+01     0.68
      1111  0.00027726  449.505    -17.1493352561    -17.1450647617    -17.1447874991   0.751052E+01     0.69
      1112  0.00027916  448.471    -17.1493273520    -17.1450666754    -17.1447875165   0.750706E+01     0.69
      1113  0.00028178  447.411    -17.1493200301    -17.1450694261    -17.1447876457   0.750368E+01     0.70
      1114  0.00028331  446.349    -17.1493114811    -17.1450709629    -17.1447876515   0.750039E+01     0.69
      1115  0.00028345  445.303    -17.1493015803    -17.1450710059    -17.1447875609   0.749717E+01     0.70
      1116  0.00028329  444.269    -17.1492916003    -17.1450708480    -17.1447875560   0.749403E+01     0.77
      1117  0.00028315  443.228    -17.1492816293    -17.1450707677    -17.1447876186   0.749095E+01     0.72
      1118  0.00028255  442.149    -17.1492707990    -17.1450701872    -17.1447876369   0.748792E+01     0.70
      1119  0.00028172  441.003    -17.1492589642    -17.1450692425    -17.1447875255   0.748493E+01     0.69
      1120  0.00028193  439.776    -17.1492475452    -17.1450694763    -17.1447875500   0.748198E+01     0.68
      1121  0.00028287  438.484    -17.1492363025    -17.1450705117    -17.1447876402   0.747905E+01     0.69
      1122  0.00028314  437.159    -17.1492239645    -17.1450707582    -17.1447876226   0.747613E+01     0.68
      1123  0.00028261  435.832    -17.1492107595    -17.1450701624    -17.1447875532   0.747322E+01     0.72
      1124  0.00028214  434.512    -17.1491977212    -17.1450696630    -17.1447875225   0.747031E+01     0.76
      1125  0.00028210  433.194    -17.1491852454    -17.1450697084    -17.1447876056   0.746738E+01     0.71
      1126  0.00028150  431.870    -17.1491721470    -17.1450691896    -17.1447876934   0.746443E+01     0.69
      1127  0.00027937  430.536    -17.1491572578    -17.1450669760    -17.1447876017   0.746145E+01     0.69
      1128  0.00027674  429.189    -17.1491417787    -17.1450642909    -17.1447875516   0.745843E+01     0.68
      1129  0.00027445  427.824    -17.1491265296    -17.1450620146    -17.1447875602   0.745537E+01     0.71
      1130  0.00027266  426.429    -17.1491114642    -17.1450602031    -17.1447875432   0.745226E+01     0.66
      1131  0.00027170  424.996    -17.1490968631    -17.1450592151    -17.1447875175   0.744909E+01     0.70
      1132  0.00027192  423.524    -17.1490830985    -17.1450594307    -17.1447875101   0.744585E+01     0.72
      1133  0.00027323  422.015    -17.1490701764    -17.1450608420    -17.1447876164   0.744254E+01     0.69
      1134  0.00027442  420.468    -17.1490566704    -17.1450620333    -17.1447876103   0.743916E+01     0.67
      1135  0.00027547  418.886    -17.1490426007    -17.1450630003    -17.1447875321   0.743569E+01     0.66
      1136  0.00027700  417.287    -17.1490290058    -17.1450645933    -17.1447875958   0.743214E+01     0.66
      1137  0.00027766  415.714    -17.1490148699    -17.1450653970    -17.1447877365   0.742849E+01     0.68
      1138  0.00027544  414.215    -17.1489983344    -17.1450631026    -17.1447876628   0.742473E+01     0.67
      1139  0.00027116  412.812    -17.1489805012    -17.1450586000    -17.1447874355   0.742087E+01     0.67
      1140  0.00026776  411.492    -17.1489645493    -17.1450551895    -17.1447874268   0.741688E+01     0.74
      1141  0.00026594  410.236    -17.1489508583    -17.1450534345    -17.1447874976   0.741276E+01     0.70
      1142  0.00026487  409.052    -17.1489384926    -17.1450523155    -17.1447874477   0.740851E+01     0.69
      1143  0.00026467  407.976    -17.1489280693    -17.1450521196    -17.1447874537   0.740412E+01     0.67
      1144  0.00026499  407.031    -17.1489194940    -17.1450525181    -17.1447875260   0.739957E+01     0.66
      1145  0.00026501  406.205    -17.1489117020    -17.1450525740    -17.1447875639   0.739487E+01     0.69
      1146  0.00026469  405.454    -17.1489041995    -17.1450522042    -17.1447875172   0.739001E+01     0.68
      1147  0.00026480  404.741    -17.1488975254    -17.1450523097    -17.1447875115   0.738498E+01     0.70
      1148  0.00026538  404.059    -17.1488917306    -17.1450529858    -17.1447876089   0.737979E+01     0.75
      1149  0.00026491  403.439    -17.1488854111    -17.1450525579    -17.1447876482   0.737443E+01     0.69
      1150  0.00026255  402.918    -17.1488780065    -17.1450501027    -17.1447875481   0.736890E+01     0.67
      1151  0.00025960  402.519    -17.1488710801    -17.1450469717    -17.1447873763   0.736321E+01     0.66
      1152  0.00025826  402.235    -17.1488670531    -17.1450456406    -17.1447873839   0.735735E+01     0.66
      1153  0.00025870  402.041    -17.1488658270    -17.1450462600    -17.1447875551   0.735133E+01     0.68
      1154  0.00025923  401.912    -17.1488651053    -17.1450467587    -17.1447875264   0.734514E+01     0.66
      1155  0.00025988  401.851    -17.1488651112    -17.1450473429    -17.1447874585   0.733880E+01     0.71
      1156  0.00026132  401.888    -17.1488668882    -17.1450487737    -17.1447874510   0.733231E+01     0.71
      1157  0.00026326  402.055    -17.1488704896    -17.1450507833    -17.1447875194   0.732566E+01     0.68
      1158  0.00026495  402.364    -17.1488750876    -17.1450524508    -17.1447874984   0.731886E+01     0.67
      1159  0.00026672  402.798    -17.1488809317    -17.1450541681    -17.1447874433   0.731191E+01     0.69
      1160  0.00026915  403.347    -17.1488886787    -17.1450566989    -17.1447875449   0.730481E+01     0.68
      1161  0.00027100  404.027    -17.1488970082    -17.1450585693    -17.1447875656   0.729757E+01     0.69
      1162  0.00027172  404.869    -17.1489056108    -17.1450591781    -17.1447874565   0.729018E+01     0.67
      1163  0.00027256  405.879    -17.1489160185    -17.1450599880    -17.1447874290   0.728264E+01     0.75
      1164  0.00027405  407.022    -17.1489285159    -17.1450616215    -17.1447875745   0.727498E+01     0.72
      1165  0.00027483  408.244    -17.1489410206    -17.1450625220    -17.1447876937   0.726718E+01     0.68
      1166  0.00027368  409.509    -17.1489517955    -17.1450612816    -17.1447876047   0.725926E+01     0.67
      1167  0.00027159  410.818    -17.1489620327    -17.1450590746    -17.1447874894   0.725124E+01     0.67
      1168  0.00026997  412.195    -17.1489734560    -17.1450574213    -17.1447874476   0.724311E+01     0.68
      1169  0.00026942  413.656    -17.1489867681    -17.1450568536    -17.1447874320   0.723489E+01     0.67
      1170  0.00027020  415.206    -17.1490022712    -17.1450576247    -17.1447874211   0.722659E+01     0.69
      1171  0.00027223  416.840    -17.1490199415    -17.1450597726    -17.1447875386   0.721822E+01     0.74
      1172  0.00027403  418.543    -17.1490380480    -17.1450617064    -17.1447876767   0.720977E+01     0.68
      1173  0.00027394  420.295    -17.1490545720    -17.1450615778    -17.1447876425   0.720126E+01     0.69
      1174  0.00027237  422.083    -17.1490699161    -17.1450599359    -17.1447875625   0.719269E+01     0.68
      1175  0.00027042  423.893    -17.1490851712    -17.1450579995    -17.1447875807   0.718406E+01     0.68
      1176  0.00026822  425.703    -17.1491001619    -17.1450557947    -17.1447875786   0.717538E+01     0.70
      1177  0.00026650  427.476    -17.1491151354    -17.1450539195    -17.1447874230   0.716666E+01     0.68
      1178  0.00026721  429.168    -17.1491320192    -17.1450547294    -17.1447875218   0.715791E+01     0.72
      1179  0.00026962  430.747    -17.1491495679    -17.1450572831    -17.1447876602   0.714914E+01     0.72
      1180  0.00027186  432.207    -17.1491657022    -17.1450595381    -17.1447876781   0.714036E+01     0.69
      1181  0.00027337  433.570    -17.1491800974    -17.1450609911    -17.1447876199   0.713157E+01     0.67
      1182  0.00027478  434.860    -17.1491936485    -17.1450622859    -17.1447875087   0.712280E+01     0.67
      1183  0.00027715  436.107    -17.1492078960    -17.1450646891    -17.1447875375   0.711405E+01     0.66
      1184  0.00027997  437.343    -17.1492225080    -17.1450675497    -17.1447875778   0.710532E+01     0.67
      1185  0.00028234  438.603    -17.1492368509    -17.1450699280    -17.1447875850   0.709662E+01     0.66
      1186  0.00028398  439.903    -17.1492508151    -17.1450715375    -17.1447875574   0.708796E+01     0.74
      1187  0.00028493  441.248    -17.1492646135    -17.1450725582    -17.1447876290   0.707935E+01     0.71
      1188  0.00028466  442.632    -17.1492774278    -17.1450722248    -17.1447875661   0.707079E+01     0.69
      1189  0.00028408  444.037    -17.1492901037    -17.1450715538    -17.1447874744   0.706229E+01     0.69
      1190  0.00028459  445.424    -17.1493038843    -17.1450721597    -17.1447875738   0.705386E+01     0.67
      1191  0.00028528  446.741    -17.1493172722    -17.1450730361    -17.1447877538   0.704551E+01     0.70
      1192  0.00028455  447.950    -17.1493279023    -17.1450721817    -17.1447876296   0.703723E+01     0.69
      1193  0.00028375  449.043    -17.1493373645    -17.1450712574    -17.1447875048   0.702904E+01     0.71
      1194  0.00028418  450.041    -17.1493473862    -17.1450718004    -17.1447876245   0.702094E+01     0.75
      1195  0.00028430  450.977    -17.1493564358    -17.1450719499    -17.1447876528   0.701293E+01     0.70
      1196  0.00028347  451.889    -17.1493641414    -17.1450709948    -17.1447875219   0.700501E+01     0.66
      1197  0.00028293  452.797    -17.1493722113    -17.1450704383    -17.1447875081   0.699719E+01     0.69
      1198  0.00028300  453.702    -17.1493809372    -17.1450705656    -17.1447875618   0.698948E+01     0.67
      1199  0.00028315  454.596    -17.1493895702    -17.1450707077    -17.1447875560   0.698187E+01     0.68
      1200  0.00028332  455.477    -17.1493981043    -17.1450708673    -17.1447875517   0.697437E+01     0.67
      1201  0.00028334  456.352    -17.1494065053    -17.1450709552    -17.1447876113   0.696698E+01     0.74
      1202  0.00028253  457.216    -17.1494139205    -17.1450701639    -17.1447876382   0.695970E+01     0.71
      1203  0.00028087  458.040    -17.1494200104    -17.1450684232    -17.1447875557   0.695253E+01     0.68
      1204  0.00027979  458.780    -17.1494259211    -17.1450673084    -17.1447875216   0.694546E+01     0.68
      1205  0.00028006  459.397    -17.1494321327    -17.1450676585    -17.1447876019   0.693850E+01     0.69
      1206  0.00028074  459.886    -17.1494375266    -17.1450684069    -17.1447876719   0.693163E+01     0.68
      1207  0.00028064  460.278    -17.1494411078    -17.1450682644    -17.1447876243   0.692486E+01     0.69
      1208  0.00027990  460.617    -17.1494435299    -17.1450674648    -17.1447875603   0.691818E+01     0.72
      1209  0.00027917  460.926    -17.1494457226    -17.1450667159    -17.1447875506   0.691160E+01     0.78
      1210  0.00027902  461.193    -17.1494480225    -17.1450664861    -17.1447874710   0.690509E+01     0.70
      1211  0.00028073  461.380    -17.1494515196    -17.1450682026    -17.1447874705   0.689868E+01     0.67
      1212  0.00028442  461.463    -17.1494561432    -17.1450720347    -17.1447876174   0.689234E+01     0.66
      1213  0.00028810  461.444    -17.1494597539    -17.1450758311    -17.1447877264   0.688608E+01     0.65
      1214  0.00029018  461.339    -17.1494607708    -17.1450778427    -17.1447876649   0.687990E+01     0.69
      1215  0.00029113  461.167    -17.1494599977    -17.1450787098    -17.1447875750   0.687379E+01     0.66
      1216  0.00029201  460.936    -17.1494587202    -17.1450796218    -17.1447876099   0.686774E+01     0.71
      1217  0.00029235  460.654    -17.1494564410    -17.1450800209    -17.1447876717   0.686175E+01     0.71
      1218  0.00029164  460.328    -17.1494524978    -17.1450791731    -17.1447875321   0.685581E+01     0.69
      1219  0.00029128  459.968    -17.1494486925    -17.1450787953    -17.1447875141   0.684991E+01     0.68
      1220  0.00029149  459.575    -17.1494453069    -17.1450791410    -17.1447876488   0.684405E+01     0.70
      1221  0.00029086  459.138    -17.1494405271    -17.1450785129    -17.1447876484   0.683823E+01     0.68
      1222  0.00028974  458.630    -17.1494344189    -17.1450772258    -17.1447874868   0.683242E+01     0.69
      1223  0.00029016  458.029    -17.1494291595    -17.1450776795    -17.1447875153   0.682663E+01     0.68
      1224  0.00029190  457.333    -17.1494244235    -17.1450795574    -17.1447876560   0.682083E+01     0.78
      1225  0.00029305  456.565    -17.1494182696    -17.1450807015    -17.1447876556   0.681504E+01     0.73
      1226  0.00029307  455.751    -17.1494105553    -17.1450807177    -17.1447876452   0.680922E+01     0.69
      1227  0.00029185  454.905    -17.1494013515    -17.1450795488    -17.1447876950   0.680339E+01     0.66
      1228  0.00028896  454.033    -17.1493901015    -17.1450765853    -17.1447876259   0.679754E+01     0.66
      1229  0.00028531  453.144    -17.1493778604    -17.1450727917    -17.1447874859   0.679164E+01     0.68
      1230  0.00028247  452.250    -17.1493665552    -17.1450699819    -17.1447875109   0.678571E+01     0.67
      1231  0.00028033  451.352    -17.1493559593    -17.1450679132    -17.1447875795   0.677973E+01     0.69
      1232  0.00027821  450.433    -17.1493450887    -17.1450657760    -17.1447875646   0.677370E+01     0.74
      1233  0.00027649  449.453    -17.1493340736    -17.1450640706    -17.1447875786   0.676760E+01     0.69
      1234  0.00027520  448.364    -17.1493225657    -17.1450629054    -17.1447877068   0.676142E+01     0.71
      1235  0.00027325  447.130    -17.1493088690    -17.1450609316    -17.1447876784   0.675516E+01     0.67
      1236  0.00027114  445.742    -17.1492934102    -17.1450586589    -17.1447875150   0.674881E+01     0.67
      1237  0.00027083  444.218    -17.1492785524    -17.1450582858    -17.1447874589   0.674235E+01     0.69
      1238  0.00027283  442.590    -17.1492651714    -17.1450603688    -17.1447875348   0.673578E+01     0.67
      1239  0.00027592  440.911    -17.1492523208    -17.1450634676    -17.1447875459   0.672909E+01     0.72
      1240  0.00027910  439.257    -17.1492397727    -17.1450666371    -17.1447875398   0.672228E+01     0.73
      1241  0.00028150  437.706    -17.1492275006    -17.1450690946    -17.1447875979   0.671534E+01     0.68
      1242  0.00028222  436.309    -17.1492148647    -17.1450697373    -17.1447875169   0.670826E+01     0.67
      1243  0.00028224  435.070    -17.1492030089    -17.1450696535    -17.1447874147   0.670105E+01     0.69
      1244  0.00028281  433.968    -17.1491932519    -17.1450703631    -17.1447875500   0.669368E+01     0.68
      1245  0.00028260  432.969    -17.1491837041    -17.1450703024    -17.1447877009   0.668618E+01     0.68
      1246  0.00028015  432.031    -17.1491722441    -17.1450677545    -17.1447875995   0.667852E+01     0.66
      1247  0.00027701  431.113    -17.1491602454    -17.1450644751    -17.1447874674   0.667072E+01     0.74
      1248  0.00027509  430.192    -17.1491495980    -17.1450625811    -17.1447874888   0.666277E+01     0.72
      1249  0.00027454  429.265    -17.1491402136    -17.1450620049    -17.1447874692   0.665468E+01     0.67
      1250  0.00027547  428.352    -17.1491324125    -17.1450628788    -17.1447874054   0.664644E+01     0.66
      1251  0.00027821  427.498    -17.1491270655    -17.1450656431    -17.1447874314   0.663804E+01     0.68
      1252  0.00028166  426.774    -17.1491237422    -17.1450692009    -17.1447875453   0.662950E+01     0.67
      1253  0.00028380  426.253    -17.1491209221    -17.1450713246    -17.1447875210   0.662081E+01     0.67
      1254  0.00028428  425.978    -17.1491187753    -17.1450717924    -17.1447875076   0.661197E+01     0.66
      1255  0.00028330  425.932    -17.1491174250    -17.1450708835    -17.1447875859   0.660297E+01     0.76
      1256  0.00028056  426.052    -17.1491158261    -17.1450681372    -17.1447875815   0.659382E+01     0.71
      1257  0.00027685  426.270    -17.1491140806    -17.1450643237    -17.1447874714   0.658452E+01     0.67
      1258  0.00027390  426.535    -17.1491136555    -17.1450613809    -17.1447874812   0.657506E+01     0.67
      1259  0.00027199  426.828    -17.1491145483    -17.1450594955    -17.1447875050   0.656546E+01     0.66
      1260  0.00027094  427.149    -17.1491164747    -17.1450583717    -17.1447874334   0.655572E+01     0.68
      1261  0.00027144  427.505    -17.1491203786    -17.1450588947    -17.1447874550   0.654584E+01     0.66
      1262  0.00027312  427.898    -17.1491259001    -17.1450606788    -17.1447875581   0.653584E+01     0.70
      1263  0.00027469  428.335    -17.1491316204    -17.1450622433    -17.1447875486   0.652570E+01     0.74
      1264  0.00027595  428.838    -17.1491375970    -17.1450634487    -17.1447874996   0.651544E+01     0.68
      1265  0.00027711  429.435    -17.1491444509    -17.1450646283    -17.1447875145   0.650506E+01     0.70
      1266  0.00027787  430.147    -17.1491520105    -17.1450654222    -17.1447875488   0.649456E+01     0.66
      1267  0.00027789  430.967    -17.1491597953    -17.1450654199    -17.1447875335   0.648394E+01     0.66
      1268  0.00027760  431.862    -17.1491679954    -17.1450651101    -17.1447875132   0.647322E+01     0.69
      1269  0.00027748  432.796    -17.1491768241    -17.1450650651    -17.1447875892   0.646240E+01     0.66
      1270  0.00027699  433.738    -17.1491852814    -17.1450645755    -17.1447875868   0.645148E+01     0.71
      1271  0.00027638  434.668    -17.1491934146    -17.1450638781    -17.1447874969   0.644048E+01     0.71
      1272  0.00027676  435.576    -17.1492024348    -17.1450642654    -17.1447875097   0.642941E+01     0.69
      1273  0.00027807  436.468    -17.1492122455    -17.1450656055    -17.1447875312   0.641827E+01     0.67
      1274  0.00027997  437.354    -17.1492225462    -17.1450674883    -17.1447875199   0.640708E+01     0.69
      1275  0.00028230  438.245    -17.1492333948    -17.1450698746    -17.1447875795   0.639583E+01     0.67
      1276  0.00028411  439.141    -17.1492438273    -17.1450717874    -17.1447876734   0.638454E+01     0.70
      1277  0.00028444  440.035    -17.1492525903    -17.1450720612    -17.1447876202   0.637322E+01     0.67
      1278  0.00028395  440.909    -17.1492603290    -17.1450714979    -17.1447875529   0.636188E+01     0.77
      1279  0.00028369  441.747    -17.1492680304    -17.1450712361    -17.1447875489   0.635052E+01     0.73
      1280  0.00028398  442.545    -17.1492758772    -17.1450715020    -17.1447875182   0.633915E+01     0.69
      1281  0.00028513  443.317    -17.1492843220    -17.1450726173    -17.1447874849   0.632778E+01     0.67
      1282  0.00028715  444.085    -17.1492937353    -17.1450747260    -17.1447875718   0.631643E+01     0.67
      1283  0.00028879  444.867    -17.1493028704    -17.1450764390    -17.1447876487   0.630508E+01     0.69
      1284  0.00028910  445.658    -17.1493106404    -17.1450766909    -17.1447875903   0.629375E+01     0.67
      1285  0.00028868  446.449    -17.1493177218    -17.1450762613    -17.1447875849   0.628244E+01     0.69
      1286  0.00028778  447.229    -17.1493242557    -17.1450753810    -17.1447876037   0.627116E+01     0.75
      1287  0.00028637  447.992    -17.1493300436    -17.1450739186    -17.1447875479   0.625991E+01     0.68
      1288  0.00028516  448.732    -17.1493358513    -17.1450727015    -17.1447875371   0.624869E+01     0.69
      1289  0.00028418  449.443    -17.1493417375    -17.1450718281    -17.1447876462   0.623751E+01     0.68
      1290  0.00028217  450.130    -17.1493462329    -17.1450697987    -17.1447876312   0.622638E+01     0.68
      1291  0.00027928  450.807    -17.1493496154    -17.1450667509    -17.1447874735   0.621531E+01     0.70
      1292  0.00027706  451.494    -17.1493539672    -17.1450645715    -17.1447875154   0.620431E+01     0.67
      1293  0.00027497  452.201    -17.1493587295    -17.1450626199    -17.1447876478   0.619337E+01     0.73
      1294  0.00027185  452.909    -17.1493622242    -17.1450593875    -17.1447875356   0.618252E+01     0.72
      1295  0.00026919  453.577    -17.1493658398    -17.1450566516    -17.1447874620   0.617175E+01     0.68
      1296  0.00026845  454.158    -17.1493706836    -17.1450559823    -17.1447875312   0.616107E+01     0.66
      1297  0.00026925  454.605    -17.1493758038    -17.1450568496    -17.1447876038   0.615048E+01     0.67
      1298  0.00027078  454.886    -17.1493800589    -17.1450584346    -17.1447876568   0.614000E+01     0.67
      1299  0.00027242  454.982    -17.1493826286    -17.1450600939    -17.1447876721   0.612961E+01     0.67
      1300  0.00027422  454.893    -17.1493834360    -17.1450617475    -17.1447875312   0.611932E+01     0.66
      1301  0.00027786  454.640    -17.1493845507    -17.1450652723    -17.1447874148   0.610914E+01     0.76
      1302  0.00028437  454.264    -17.1493875975    -17.1450718902    -17.1447875207   0.609907E+01     0.71
      1303  0.00029193  453.832    -17.1493911599    -17.1450795507    -17.1447876167   0.608911E+01     0.66
      1304  0.00029841  453.432    -17.1493938150    -17.1450860055    -17.1447875911   0.607925E+01     0.68
      1305  0.00030309  453.159    -17.1493958428    -17.1450906348    -17.1447875445   0.606950E+01     0.68
      1306  0.00030585  453.095    -17.1493979608    -17.1450933566    -17.1447875054   0.605985E+01     0.69
      1307  0.00030680  453.294    -17.1494007860    -17.1450942934    -17.1447874943   0.605030E+01     0.68
      1308  0.00030598  453.758    -17.1494044365    -17.1450935320    -17.1447875536   0.604085E+01     0.71
      1309  0.00030302  454.439    -17.1494080169    -17.1450906404    -17.1447876229   0.603148E+01     0.76
      1310  0.00029799  455.247    -17.1494106137    -17.1450855664    -17.1447875775   0.602219E+01     0.70
      1311  0.00029216  456.070    -17.1494126544    -17.1450797890    -17.1447876316   0.601299E+01     0.68
      1312  0.00028576  456.808    -17.1494133657    -17.1450734893    -17.1447877300   0.600385E+01     0.67
      1313  0.00027846  457.392    -17.1494114925    -17.1450660608    -17.1447876053   0.599479E+01     0.67
      1314  0.00027218  457.788    -17.1494088078    -17.1450596202    -17.1447874434   0.598579E+01     0.68
      1315  0.00026911  457.977    -17.1494076160    -17.1450566258    -17.1447875179   0.597686E+01     0.67
      1316  0.00026845  457.956    -17.1494068965    -17.1450561086    -17.1447876562   0.596800E+01     0.72
      1317  0.00026864  457.726    -17.1494048254    -17.1450562274    -17.1447875895   0.595919E+01     0.73
      1318  0.00027003  457.298    -17.1494021246    -17.1450575867    -17.1447875616   0.595045E+01     0.68
      1319  0.00027280  456.704    -17.1493992750    -17.1450603858    -17.1447875824   0.594176E+01     0.68
      1320  0.00027655  455.984    -17.1493961281    -17.1450640722    -17.1447875268   0.593312E+01     0.70
      1321  0.00028136  455.179    -17.1493933359    -17.1450689343    -17.1447875768   0.592453E+01     0.68
      1322  0.00028621  454.311    -17.1493901032    -17.1450739496    -17.1447877394   0.591598E+01     0.70
      1323  0.00028904  453.394    -17.1493842062    -17.1450767609    -17.1447877167   0.590746E+01     0.67
      1324  0.00028972  452.438    -17.1493757711    -17.1450774052    -17.1447876852   0.589897E+01     0.75
      1325  0.00028874  451.448    -17.1493653328    -17.1450763777    -17.1447876408   0.589050E+01     0.70
      1326  0.00028708  450.421    -17.1493537615    -17.1450745598    -17.1447874837   0.588204E+01     0.68
      1327  0.00028666  449.354    -17.1493432287    -17.1450741663    -17.1447875073   0.587358E+01     0.67
      1328  0.00028737  448.240    -17.1493334812    -17.1450750008    -17.1447876293   0.586511E+01     0.67
      1329  0.00028778  447.076    -17.1493228382    -17.1450754212    -17.1447876428   0.585661E+01     0.68
      1330  0.00028754  445.861    -17.1493110232    -17.1450751470    -17.1447876090   0.584808E+01     0.67
      1331  0.00028696  444.594    -17.1492984438    -17.1450746002    -17.1447876450   0.583951E+01     0.68
      1332  0.00028580  443.263    -17.1492846525    -17.1450734517    -17.1447876553   0.583089E+01     0.74
      1333  0.00028433  441.850    -17.1492696271    -17.1450718568    -17.1447875313   0.582221E+01     0.69
      1334  0.00028400  440.346    -17.1492550241    -17.1450715391    -17.1447875386   0.581347E+01     0.70
      1335  0.00028454  438.768    -17.1492407135    -17.1450722235    -17.1447876845   0.580466E+01     0.68
      1336  0.00028390  437.148    -17.1492246879    -17.1450715902    -17.1447876862   0.579579E+01     0.68
      1337  0.00028148  435.523    -17.1492067782    -17.1450691190    -17.1447876437   0.578684E+01     0.69
      1338  0.00027762  433.917    -17.1491876122    -17.1450652045    -17.1447875846   0.577781E+01     0.68
      1339  0.00027349  432.333    -17.1491682807    -17.1450609206    -17.1447874335   0.576870E+01     0.72
      1340  0.00027105  430.755    -17.1491508656    -17.1450585010    -17.1447874557   0.575951E+01     0.74
      1341  0.00027029  429.161    -17.1491351069    -17.1450578830    -17.1447875909   0.575021E+01     0.70
      1342  0.00026979  427.534    -17.1491191480    -17.1450573799    -17.1447875899   0.574082E+01     0.67
      1343  0.00026950  425.864    -17.1491029349    -17.1450570376    -17.1447875425   0.573132E+01     0.67
      1344  0.00026974  424.150    -17.1490869883    -17.1450573694    -17.1447876298   0.572171E+01     0.66
      1345  0.00026971  422.403    -17.1490703066    -17.1450572923    -17.1447875872   0.571199E+01     0.70
      1346  0.00026968  420.633    -17.1490534099    -17.1450572099    -17.1447875262   0.570215E+01     0.68
      1347  0.00027021  418.865    -17.1490371590    -17.1450577586    -17.1447875523   0.569221E+01     0.73
      1348  0.00027081  417.139    -17.1490213312    -17.1450583202    -17.1447875150   0.568215E+01     0.74
      1349  0.00027149  415.507    -17.1490064678    -17.1450589630    -17.1447874685   0.567197E+01     0.70
      1350  0.00027230  414.009    -17.1489931175    -17.1450598453    -17.1447875433   0.566168E+01     0.69
      1351  0.00027227  412.669    -17.1489803596    -17.1450598153    -17.1447875427   0.565127E+01     0.71
      1352  0.00027117  411.497    -17.1489680959    -17.1450586952    -17.1447875276   0.564075E+01     0.67
      1353  0.00026904  410.486    -17.1489564390    -17.1450566355    -17.1447875938   0.563011E+01     0.68
      1354  0.00026544  409.624    -17.1489445943    -17.1450529788    -17.1447875360   0.561935E+01     0.66
      1355  0.00026152  408.885    -17.1489334752    -17.1450488855    -17.1447873620   0.560847E+01     0.75
      1356  0.00025972  408.230    -17.1489254838    -17.1450471130    -17.1447873936   0.559747E+01     0.71
      1357  0.00026031  407.618    -17.1489203287    -17.1450477794    -17.1447874698   0.558635E+01     0.67
      1358  0.00026260  407.008    -17.1489168791    -17.1450501200    -17.1447875171   0.557511E+01     0.67
      1359  0.00026579  406.382    -17.1489142285    -17.1450534149    -17.1447876298   0.556375E+01     0.66
      1360  0.00026841  405.751    -17.1489108366    -17.1450560175    -17.1447876111   0.555228E+01     0.67
      1361  0.00027021  405.155    -17.1489068933    -17.1450577444    -17.1447875353   0.554069E+01     0.67
      1362  0.00027163  404.643    -17.1489034562    -17.1450591662    -17.1447875377   0.552900E+01     0.68
      1363  0.00027241  404.266    -17.1489006161    -17.1450599092    -17.1447875005   0.551720E+01     0.74
      1364  0.00027292  404.061    -17.1488990608    -17.1450603031    -17.1447873784   0.550530E+01     0.69
      1365  0.00027414  404.046    -17.1489002782    -17.1450616585    -17.1447875178   0.549330E+01     0.70
      1366  0.00027448  404.220    -17.1489023843    -17.1450621103    -17.1447876281   0.548119E+01     0.67
      1367  0.00027279  404.572    -17.1489038858    -17.1450602744    -17.1447874825   0.546899E+01     0.66
      1368  0.00027071  405.093    -17.1489066846    -17.1450581223    -17.1447874096   0.545670E+01     0.67
      1369  0.00026927  405.783    -17.1489118721    -17.1450567540    -17.1447874799   0.544432E+01     0.66
      1370  0.00026787  406.636    -17.1489185819    -17.1450553627    -17.1447874930   0.543185E+01     0.69
      1371  0.00026633  407.621    -17.1489264615    -17.1450538763    -17.1447875459   0.541931E+01     0.73
      1372  0.00026427  408.681    -17.1489345918    -17.1450519409    -17.1447876711   0.540670E+01     0.68
      1373  0.00026118  409.741    -17.1489414307    -17.1450487118    -17.1447875316   0.539402E+01     0.70
      1374  0.00025897  410.740    -17.1489486922    -17.1450464776    -17.1447875084   0.538129E+01     0.68
      1375  0.00025843  411.647    -17.1489568295    -17.1450460022    -17.1447875724   0.536851E+01     0.68
      1376  0.00025897  412.455    -17.1489650210    -17.1450465168    -17.1447875491   0.535570E+01     0.69
      1377  0.00026047  413.179    -17.1489734428    -17.1450480554    -17.1447875890   0.534286E+01     0.68
      1378  0.00026227  413.846    -17.1489815676    -17.1450498414    -17.1447875682   0.533001E+01     0.71
      1379  0.00026451  414.487    -17.1489897850    -17.1450519723    -17.1447874647   0.531715E+01     0.72
      1380  0.00026785  415.140    -17.1489993842    -17.1450553710    -17.1447875191   0.530429E+01     0.69
      1381  0.00027126  415.854    -17.1490096532    -17.1450588503    -17.1447875928   0.529144E+01     0.68
      1382  0.00027347  416.679    -17.1490196193    -17.1450609867    -17.1447875123   0.527859E+01     0.68
      1383  0.00027500  417.633    -17.1490302221    -17.1450625223    -17.1447875271   0.526577E+01     0.66
      1384  0.00027578  418.704    -17.1490412638    -17.1450633878    -17.1447876080   0.525296E+01     0.70
      1385  0.00027543  419.858    -17.1490517778    -17.1450629383    -17.1447875073   0.524018E+01     0.66
      1386  0.00027538  421.058    -17.1490630766    -17.1450628371    -17.1447874536   0.522741E+01     0.71
      1387  0.00027656  422.272    -17.1490759003    -17.1450641288    -17.1447875706   0.521468E+01     0.72
      1388  0.00027782  423.475    -17.1490886548    -17.1450654491    -17.1447876283   0.520197E+01     0.68
      1389  0.00027828  424.655    -17.1491003449    -17.1450659313    -17.1447876480   0.518930E+01     0.67
      1390  0.00027768  425.808    -17.1491106526    -17.1450652886    -17.1447876099   0.517668E+01     0.69
      1391  0.00027661  426.938    -17.1491202152    -17.1450641164    -17.1447875020   0.516410E+01     0.67
      1392  0.00027612  428.058    -17.1491304156    -17.1450636745    -17.1447875592   0.515157E+01     0.70
      1393  0.00027551  429.191    -17.1491405976    -17.1450630904    -17.1447875843   0.513911E+01     0.68
      1394  0.00027432  430.361    -17.1491504418    -17.1450618215    -17.1447875023   0.512671E+01     0.75
      1395  0.00027323  431.578    -17.1491609506    -17.1450607668    -17.1447875406   0.511438E+01     0.73
      1396  0.00027206  432.838    -17.1491717563    -17.1450595988    -17.1447875340   0.510212E+01     0.69
      1397  0.00027116  434.129    -17.1491830134    -17.1450585932    -17.1447874283   0.508993E+01     0.66
      1398  0.00027174  435.435    -17.1491960578    -17.1450592335    -17.1447874971   0.507782E+01     0.67
      1399  0.00027320  436.742    -17.1492100093    -17.1450607664    -17.1447875674   0.506578E+01     0.68
      1400  0.00027465  438.042    -17.1492237963    -17.1450622052    -17.1447875534   0.505382E+01     0.67
      1401  0.00027611  439.322    -17.1492374666    -17.1450637116    -17.1447876001   0.504195E+01     0.69
      1402  0.00027719  440.561    -17.1492503515    -17.1450648239    -17.1447876309   0.503017E+01     0.75
      1403  0.00027780  441.736    -17.1492620666    -17.1450653741    -17.1447875759   0.501849E+01     0.69
      1404  0.00027844  442.841    -17.1492732526    -17.1450660643    -17.1447876271   0.500690E+01     0.69
      1405  0.00027861  443.895    -17.1492833862    -17.1450661872    -17.1447875726   0.499541E+01     0.68
      1406  0.00027868  444.937    -17.1492932571    -17.1450661580    -17.1447874781   0.498402E+01     0.67
      1407  0.00027946  446.006    -17.1493042185    -17.1450669658    -17.1447875096   0.497274E+01     0.70
      1408  0.00028044  447.116    -17.1493158242    -17.1450680226    -17.1447875816   0.496155E+01     0.69
      1409  0.00028084  448.257    -17.1493270770    -17.1450684308    -17.1447875947   0.495046E+01     0.72
      1410  0.00028048  449.410    -17.1493376651    -17.1450680658    -17.1447875891   0.493947E+01     0.75
      1411  0.00027974  450.557    -17.1493477513    -17.1450672551    -17.1447875107   0.492855E+01     0.70
      1412  0.00027978  451.682    -17.1493584640    -17.1450672792    -17.1447875022   0.491772E+01     0.67
      1413  0.00028066  452.765    -17.1493697800    -17.1450683062    -17.1447876501   0.490696E+01     0.68
      1414  0.00028102  453.778    -17.1493797592    -17.1450686696    -17.1447876536   0.489626E+01     0.67
      1415  0.00028090  454.682    -17.1493882005    -17.1450685202    -17.1447876166   0.488563E+01     0.69
      1416  0.00028106  455.441    -17.1493955831    -17.1450686871    -17.1447876241   0.487506E+01     0.66
      1417  0.00028199  456.032    -17.1494020210    -17.1450695159    -17.1447875308   0.486454E+01     0.71
      1418  0.00028459  456.450    -17.1494086681    -17.1450721874    -17.1447875940   0.485408E+01     0.72
      1419  0.00028785  456.718    -17.1494146088    -17.1450755798    -17.1447877274   0.484366E+01     0.69
      1420  0.00028993  456.876    -17.1494180917    -17.1450775645    -17.1447876327   0.483330E+01     0.67
      1421  0.00029143  456.968    -17.1494203651    -17.1450789654    -17.1447875345   0.482298E+01     0.69
      1422  0.00029321  457.036    -17.1494228378    -17.1450807942    -17.1447875798   0.481269E+01     0.67
      1423  0.00029456  457.118    -17.1494250051    -17.1450821833    -17.1447876235   0.480245E+01     0.70
      1424  0.00029463  457.242    -17.1494262456    -17.1450822395    -17.1447876133   0.479222E+01     0.68
      1425  0.00029343  457.414    -17.1494266595    -17.1450810258    -17.1447875926   0.478202E+01     0.75
      1426  0.00029158  457.602    -17.1494266069    -17.1450791869    -17.1447876109   0.477184E+01     0.73
      1427  0.00028906  457.751    -17.1494256385    -17.1450768018    -17.1447877430   0.476167E+01     0.69
      1428  0.00028497  457.798    -17.1494219864    -17.1450727033    -17.1447877341   0.475150E+01     0.69
      1429  0.00027983  457.688    -17.1494157150    -17.1450674774    -17.1447876447   0.474135E+01     0.68
      1430  0.00027506  457.384    -17.1494080528    -17.1450626982    -17.1447876343   0.473119E+01     0.70
      1431  0.00027112  456.871    -17.1493992433    -17.1450587676    -17.1447876447   0.472104E+01     0.67
      1432  0.00026816  456.142    -17.1493892868    -17.1450557359    -17.1447875710   0.471088E+01     0.67
      1433  0.00026703  455.199    -17.1493791617    -17.1450545653    -17.1447875334   0.470072E+01     0.74
      1434  0.00026836  454.061    -17.1493696308    -17.1450558472    -17.1447874886   0.469055E+01     0.70
      1435  0.00027206  452.770    -17.1493611834    -17.1450596655    -17.1447876026   0.468036E+01     0.68
      1436  0.00027618  451.380    -17.1493521993    -17.1450638836    -17.1447877069   0.467015E+01     0.68
      1437  0.00027903  449.934    -17.1493412467    -17.1450666723    -17.1447876447   0.465991E+01     0.69
      1438  0.00028099  448.450    -17.1493290656    -17.1450685878    -17.1447875984   0.464963E+01     0.68
      1439  0.00028275  446.936    -17.1493164164    -17.1450703205    -17.1447875729   0.463931E+01     0.68
      1440  0.00028470  445.403    -17.1493037809    -17.1450722556    -17.1447875592   0.462895E+01     0.70
      1441  0.00028657  443.866    -17.1492911735    -17.1450742456    -17.1447876719   0.461853E+01     0.76
      1442  0.00028704  442.344    -17.1492771525    -17.1450746884    -17.1447876527   0.460804E+01     0.70
      1443  0.00028616  440.845    -17.1492619615    -17.1450737339    -17.1447875780   0.459750E+01     0.69
      1444  0.00028463  439.376    -17.1492465137    -17.1450722478    -17.1447876165   0.458689E+01     0.69
      1445  0.00028247  437.943    -17.1492306263    -17.1450699709    -17.1447875020   0.457621E+01     0.69
      1446  0.00028076  436.563    -17.1492157906    -17.1450682483    -17.1447874871   0.456545E+01     0.70
      1447  0.00027955  435.255    -17.1492022221    -17.1450671078    -17.1447875591   0.455462E+01     0.67
      1448  0.00027817  434.033    -17.1491891730    -17.1450656611    -17.1447874941   0.454371E+01     0.70
      1449  0.00027693  432.899    -17.1491772266    -17.1450644962    -17.1447875620   0.453272E+01     0.73
      1450  0.00027551  431.832    -17.1491656424    -17.1450630495    -17.1447875367   0.452165E+01     0.69
      1451  0.00027460  430.804    -17.1491548538    -17.1450620251    -17.1447874215   0.451050E+01     0.71
      1452  0.00027551  429.790    -17.1491462394    -17.1450630466    -17.1447875387   0.449926E+01     0.68
      1453  0.00027707  428.777    -17.1491382836    -17.1450647082    -17.1447876342   0.448795E+01     0.67
      1454  0.00027798  427.779    -17.1491296348    -17.1450655449    -17.1447875689   0.447655E+01     0.69
      1455  0.00027834  426.827    -17.1491209628    -17.1450659123    -17.1447875705   0.446507E+01     0.67
      1456  0.00027819  425.959    -17.1491125060    -17.1450657062    -17.1447875174   0.445351E+01     0.71
      1457  0.00027772  425.196    -17.1491048418    -17.1450652861    -17.1447875691   0.444188E+01     0.74
      1458  0.00027622  424.551    -17.1490972513    -17.1450638232    -17.1447876023   0.443016E+01     0.69
      1459  0.00027355  424.032    -17.1490894923    -17.1450609986    -17.1447874505   0.441838E+01     0.70
      1460  0.00027123  423.640    -17.1490834602    -17.1450586898    -17.1447874631   0.440652E+01     0.69
      1461  0.00026952  423.364    -17.1490791773    -17.1450570287    -17.1447875060   0.439460E+01     0.68
      1462  0.00026824  423.181    -17.1490761206    -17.1450557115    -17.1447874744   0.438261E+01     0.71
      1463  0.00026771  423.068    -17.1490745472    -17.1450552127    -17.1447874981   0.437056E+01     0.68
      1464  0.00026805  423.013    -17.1490743238    -17.1450555087    -17.1447874623   0.435845E+01     0.72
      1465  0.00026941  423.019    -17.1490757970    -17.1450569277    -17.1447875220   0.434627E+01     0.73
      1466  0.00027077  423.093    -17.1490779862    -17.1450584109    -17.1447876379   0.433404E+01     0.70
      1467  0.00027083  423.240    -17.1490793830    -17.1450584158    -17.1447875874   0.432175E+01     0.67
      1468  0.00026992  423.447    -17.1490804272    -17.1450574899    -17.1447875699   0.430940E+01     0.68
      1469  0.00026872  423.684    -17.1490814519    -17.1450562660    -17.1447875467   0.429701E+01     0.68
      1470  0.00026808  423.906    -17.1490828815    -17.1450555867    -17.1447875054   0.428458E+01     0.71
      1471  0.00026862  424.078    -17.1490851102    -17.1450561817    -17.1447875659   0.427211E+01     0.69
      1472  0.00026998  424.193    -17.1490875153    -17.1450574889    -17.1447875050   0.425961E+01     0.73
      1473  0.00027258  424.281    -17.1490909040    -17.1450600475    -17.1447874652   0.424708E+01     0.73
      1474  0.00027614  424.393    -17.1490956481    -17.1450637248    -17.1447875818   0.423453E+01     0.70
      1475  0.00027907  424.589    -17.1491003973    -17.1450666169    -17.1447875464   0.422196E+01     0.70
      1476  0.00028088  424.908    -17.1491052992    -17.1450684817    -17.1447876021   0.420937E+01     0.70
      1477  0.00028070  425.362    -17.1491095256    -17.1450683982    -17.1447876995   0.419676E+01     0.69
      1478  0.00027771  425.928    -17.1491118353    -17.1450653304    -17.1447876236   0.418415E+01     0.68
      1479  0.00027313  426.561    -17.1491131585    -17.1450606403    -17.1447875053   0.417152E+01     0.67
      1480  0.00026948  427.200    -17.1491154586    -17.1450568658    -17.1447873878   0.415890E+01     0.75
      1481  0.00026866  427.783    -17.1491202911    -17.1450561623    -17.1447875027   0.414627E+01     0.73
      1482  0.00026971  428.261    -17.1491260162    -17.1450573455    -17.1447876372   0.413366E+01     0.69
      1483  0.00027119  428.616    -17.1491308094    -17.1450587639    -17.1447875742   0.412107E+01     0.67
      1484  0.00027328  428.863    -17.1491352431    -17.1450608556    -17.1447875775   0.410850E+01     0.70
      1485  0.00027579  429.039    -17.1491394108    -17.1450633465    -17.1447875555   0.409596E+01     0.68
      1486  0.00027852  429.196    -17.1491436281    -17.1450660770    -17.1447875593   0.408346E+01     0.70
      1487  0.00028075  429.378    -17.1491476619    -17.1450683807    -17.1447876268   0.407100E+01     0.68
      1488  0.00028177  429.615    -17.1491508230    -17.1450692871    -17.1447875174   0.405858E+01     0.75
      1489  0.00028251  429.921    -17.1491544537    -17.1450700126    -17.1447875073   0.404621E+01     0.73
      1490  0.00028314  430.300    -17.1491587349    -17.1450706898    -17.1447875536   0.403389E+01     0.69
      1491  0.00028331  430.758    -17.1491632095    -17.1450708189    -17.1447875049   0.402161E+01     0.67
      1492  0.00028310  431.299    -17.1491682266    -17.1450706908    -17.1447875949   0.400939E+01     0.69
      1493  0.00028160  431.929    -17.1491727155    -17.1450691944    -17.1447875910   0.399722E+01     0.68
      1494  0.00027880  432.642    -17.1491766328    -17.1450663439    -17.1447875476   0.398511E+01     0.70
      1495  0.00027538  433.414    -17.1491805333    -17.1450629055    -17.1447875283   0.397305E+01     0.69
      1496  0.00027221  434.214    -17.1491848967    -17.1450596742    -17.1447874607   0.396106E+01     0.76
      1497  0.00027026  435.008    -17.1491905225    -17.1450577521    -17.1447874917   0.394914E+01     0.72
      1498  0.00026952  435.776    -17.1491970895    -17.1450570262    -17.1447875029   0.393729E+01     0.69
      1499  0.00026979  436.505    -17.1492043390    -17.1450573450    -17.1447875585   0.392551E+01     0.70
      1500  0.00027020  437.191    -17.1492113335    -17.1450578245    -17.1447876225   0.391382E+01     0.69
      1501  0.00027035  437.827    -17.1492173961    -17.1450578417    -17.1447874883   0.390221E+01     0.69
      1502  0.00027166  438.412    -17.1492242394    -17.1450591260    -17.1447874672   0.389069E+01     0.70
      1503  0.00027443  438.965    -17.1492322866    -17.1450619257    -17.1447874992   0.387926E+01     0.71
      1504  0.00027808  439.531    -17.1492412898    -17.1450655463    -17.1447874623   0.386791E+01     0.77
      1505  0.00028189  440.172    -17.1492513497    -17.1450695171    -17.1447876231   0.385666E+01     0.71
      1506  0.00028390  440.935    -17.1492605610    -17.1450714803    -17.1447875804   0.384549E+01     0.69
      1507  0.00028396  441.843    -17.1492692152    -17.1450715080    -17.1447875507   0.383441E+01     0.69
      1508  0.00028259  442.898    -17.1492778441    -17.1450701174    -17.1447875287   0.382341E+01     0.70
      1509  0.00028036  444.086    -17.1492868662    -17.1450678528    -17.1447874898   0.381249E+01     0.70
      1510  0.00027783  445.384    -17.1492966944    -17.1450653518    -17.1447875189   0.380165E+01     0.68
      1511  0.00027536  446.756    -17.1493071822    -17.1450628049    -17.1447874463   0.379089E+01     0.70
      1512  0.00027397  448.151    -17.1493191111    -17.1450614805    -17.1447875146   0.378020E+01     0.75
      1513  0.00027346  449.506    -17.1493315577    -17.1450610522    -17.1447875932   0.376958E+01     0.70
      1514  0.00027352  450.763    -17.1493435106    -17.1450610650    -17.1447875464   0.375903E+01     0.70
      1515  0.00027455  451.881    -17.1493552609    -17.1450621860    -17.1447876370   0.374854E+01     0.69
      1516  0.00027600  452.847    -17.1493658513    -17.1450635988    -17.1447875971   0.373813E+01     0.68
      1517  0.00027792  453.673    -17.1493756113    -17.1450655181    -17.1447875992   0.372778E+01     0.71
      1518  0.00028009  454.392    -17.1493846123    -17.1450676883    -17.1447875946   0.371749E+01     0.69
      1519  0.00028239  455.041    -17.1493930410    -17.1450699446    -17.1447875508   0.370727E+01     0.72
      1520  0.00028485  455.641    -17.1494012736    -17.1450724853    -17.1447876375   0.369711E+01     0.75
      1521  0.00028683  456.192    -17.1494084109    -17.1450743877    -17.1447875574   0.368701E+01     0.71
      1522  0.00028910  456.699    -17.1494154421    -17.1450765984    -17.1447874962   0.367696E+01     0.70
      1523  0.00029225  457.177    -17.1494232083    -17.1450798203    -17.1447875722   0.366697E+01     0.69
      1524  0.00029530  457.645    -17.1494307704    -17.1450829389    -17.1447876403   0.365701E+01     0.69
      1525  0.00029683  458.117    -17.1494368753    -17.1450845564    -17.1447877235   0.364709E+01     0.70
      1526  0.00029611  458.602    -17.1494406329    -17.1450837131    -17.1447876080   0.363720E+01     0.68
      1527  0.00029416  459.093    -17.1494433818    -17.1450817941    -17.1447876352   0.362733E+01     0.71
      1528  0.00029123  459.572    -17.1494449902    -17.1450788475    -17.1447876213   0.361747E+01     0.75
      1529  0.00028788  460.007    -17.1494457291    -17.1450754547    -17.1447875743   0.360764E+01     0.72
      1530  0.00028476  460.351    -17.1494459906    -17.1450724486    -17.1447876880   0.359781E+01     0.69
      1531  0.00028161  460.548    -17.1494445981    -17.1450691895    -17.1447875759   0.358800E+01     0.68
      1532  0.00027993  460.542    -17.1494428332    -17.1450674769    -17.1447875477   0.357819E+01     0.70
      1533  0.00028062  460.303    -17.1494412827    -17.1450682022    -17.1447875781   0.356839E+01     0.69
      1534  0.00028317  459.837    -17.1494394769    -17.1450708165    -17.1447876421   0.355859E+01     0.70
      1535  0.00028617  459.194    -17.1494364035    -17.1450738556    -17.1447876858   0.354879E+01     0.70
      1536  0.00028858  458.438    -17.1494315710    -17.1450762026    -17.1447876198   0.353899E+01     0.75
      1537  0.00029025  457.633    -17.1494256369    -17.1450779151    -17.1447876643   0.352918E+01     0.74
      1538  0.00029058  456.830    -17.1494182795    -17.1450781892    -17.1447876071   0.351935E+01     0.71
      1539  0.00028967  456.059    -17.1494100809    -17.1450773122    -17.1447876426   0.350950E+01     0.69
      1540  0.00028724  455.324    -17.1494006553    -17.1450748769    -17.1447876380   0.349963E+01     0.70
      1541  0.00028390  454.595    -17.1493902609    -17.1450714082    -17.1447875061   0.348974E+01     0.69
      1542  0.00028147  453.825    -17.1493805485    -17.1450690130    -17.1447875469   0.347982E+01     0.71
      1543  0.00028035  452.964    -17.1493712762    -17.1450679168    -17.1447875694   0.346987E+01     0.69
      1544  0.00028011  451.983    -17.1493618268    -17.1450677854    -17.1447876742   0.345989E+01     0.77
      1545  0.00027976  450.885    -17.1493509566    -17.1450673523    -17.1447875934   0.344989E+01     0.74
      1546  0.00027982  449.699    -17.1493396908    -17.1450673466    -17.1447875280   0.343984E+01     0.70
      1547  0.00028071  448.472    -17.1493289501    -17.1450682702    -17.1447875584   0.342977E+01     0.69
      1548  0.00028205  447.242    -17.1493185637    -17.1450695655    -17.1447875182   0.341965E+01     0.71
      1549  0.00028357  446.038    -17.1493087491    -17.1450711870    -17.1447876208   0.340949E+01     0.69
      1550  0.00028436  444.872    -17.1492984017    -17.1450719155    -17.1447875590   0.339928E+01     0.70
      1551  0.00028471  443.746    -17.1492880682    -17.1450722867    -17.1447875729   0.338902E+01     0.68
      1552  0.00028482  442.659    -17.1492777993    -17.1450723389    -17.1447875204   0.337872E+01     0.75
      1553  0.00028514  441.623    -17.1492682739    -17.1450726593    -17.1447875233   0.336835E+01     0.72
      1554  0.00028535  440.651    -17.1492593515    -17.1450729705    -17.1447876205   0.335794E+01     0.69
      1555  0.00028440  439.753    -17.1492498533    -17.1450720002    -17.1447875973   0.334746E+01     0.69
      1556  0.00028223  438.933    -17.1492398583    -17.1450697998    -17.1447875740   0.333693E+01     0.68
      1557  0.00027958  438.193    -17.1492300546    -17.1450670284    -17.1447874474   0.332633E+01     0.68
      1558  0.00027752  437.544    -17.1492219225    -17.1450650613    -17.1447875427   0.331567E+01     0.71
      1559  0.00027527  437.004    -17.1492144921    -17.1450627613    -17.1447874943   0.330495E+01     0.68
      1560  0.00027311  436.583    -17.1492082960    -17.1450605661    -17.1447874602   0.329417E+01     0.73
      1561  0.00027141  436.267    -17.1492036927    -17.1450589662    -17.1447875531   0.328332E+01     0.73
      1562  0.00026963  436.014    -17.1491995328    -17.1450572033    -17.1447875733   0.327242E+01     0.72
      1563  0.00026753  435.767    -17.1491951657    -17.1450551804    -17.1447876481   0.326146E+01     0.70
      1564  0.00026519  435.468    -17.1491898632    -17.1450527260    -17.1447875320   0.325045E+01     0.71
      1565  0.00026399  435.077    -17.1491849374    -17.1450515156    -17.1447875245   0.323939E+01     0.68
      1566  0.00026467  434.593    -17.1491809269    -17.1450520998    -17.1447874277   0.322828E+01     0.71
      1567  0.00026775  434.052    -17.1491789318    -17.1450552487    -17.1447874972   0.321713E+01     0.68
      1568  0.00027206  433.505    -17.1491781135    -17.1450596185    -17.1447875536   0.320595E+01     0.75
      1569  0.00027628  433.006    -17.1491776013    -17.1450638488    -17.1447875660   0.319473E+01     0.73
      1570  0.00027945  432.588    -17.1491769085    -17.1450671254    -17.1447876718   0.318347E+01     0.69
      1571  0.00028057  432.263    -17.1491748394    -17.1450681484    -17.1447875739   0.317219E+01     0.68
      1572  0.00028046  432.024    -17.1491724259    -17.1450680078    -17.1447875458   0.316087E+01     0.69
      1573  0.00028006  431.860    -17.1491704134    -17.1450675528    -17.1447874953   0.314953E+01     0.68
      1574  0.00027969  431.761    -17.1491691967    -17.1450672748    -17.1447875876   0.313816E+01     0.69
      1575  0.00027887  431.715    -17.1491678620    -17.1450663731    -17.1447875023   0.312676E+01     0.68
      1576  0.00027830  431.705    -17.1491672356    -17.1450658408    -17.1447875386   0.311534E+01     0.76
      1577  0.00027819  431.709    -17.1491671182    -17.1450656903    -17.1447874992   0.310390E+01     0.74
      1578  0.00027888  431.710    -17.1491678666    -17.1450664307    -17.1447875488   0.309243E+01     0.69
      1579  0.00027976  431.714    -17.1491688252    -17.1450673521    -17.1447875930   0.308095E+01     0.68
      1580  0.00028001  431.750    -17.1491693974    -17.1450675812    -17.1447875704   0.306944E+01     0.69
      1581  0.00027933  431.851    -17.1491696969    -17.1450669202    -17.1447875947   0.305793E+01     0.69
      1582  0.00027773  432.029    -17.1491696890    -17.1450652236    -17.1447874894   0.304640E+01     0.69
      1583  0.00027623  432.264    -17.1491704877    -17.1450637867    -17.1447875582   0.303486E+01     0.70
      1584  0.00027488  432.516    -17.1491715177    -17.1450624209    -17.1447875413   0.302332E+01     0.75
      1585  0.00027359  432.740    -17.1491724827    -17.1450612628    -17.1447876729   0.301178E+01     0.71
      1586  0.00027185  432.897    -17.1491720849    -17.1450593744    -17.1447875236   0.300025E+01     0.69
      1587  0.00027082  432.962    -17.1491717581    -17.1450584234    -17.1447876076   0.298873E+01     0.68
      1588  0.00027055  432.929    -17.1491710421    -17.1450580201    -17.1447874656   0.297722E+01     0.68
      1589  0.00027193  432.814    -17.1491713780    -17.1450594504    -17.1447875238   0.296574E+01     0.70
      1590  0.00027451  432.662    -17.1491724592    -17.1450619812    -17.1447874676   0.295428E+01     0.68
      1591  0.00027784  432.539    -17.1491746716    -17.1450653551    -17.1447875194   0.294286E+01     0.71
      1592  0.00028098  432.518    -17.1491775789    -17.1450684686    -17.1447874920   0.293147E+01     0.74
      1593  0.00028327  432.644    -17.1491811756    -17.1450708656    -17.1447875925   0.292012E+01     0.69
      1594  0.00028376  432.930    -17.1491843373    -17.1450713060    -17.1447875490   0.290880E+01     0.69
      1595  0.00028253  433.361    -17.1491872744    -17.1450701476    -17.1447876166   0.289752E+01     0.68
      1596  0.00027948  433.909    -17.1491893436    -17.1450670162    -17.1447875355   0.288627E+01     0.69
      1597  0.00027580  434.538    -17.1491915562    -17.1450632549    -17.1447874560   0.287505E+01     0.70
      1598  0.00027301  435.205    -17.1491951317    -17.1450604903    -17.1447874775   0.286388E+01     0.68
      1599  0.00027121  435.863    -17.1491996792    -17.1450587880    -17.1447875769   0.285274E+01     0.72
      1600  0.00026977  436.469    -17.1492039393    -17.1450572854    -17.1447875175   0.284165E+01     0.74
      1601  0.00026944  437.005    -17.1492086263    -17.1450568859    -17.1447874502   0.283060E+01     0.70
      1602  0.00027113  437.480    -17.1492148169    -17.1450585619    -17.1447874281   0.281961E+01     0.68
      1603  0.00027466  437.933    -17.1492227480    -17.1450621902    -17.1447875258   0.280866E+01     0.70
      1604  0.00027832  438.416    -17.1492310592    -17.1450659089    -17.1447875876   0.279777E+01     0.67
      1605  0.00028064  438.987    -17.1492387948    -17.1450682206    -17.1447875792   0.278694E+01     0.70
      1606  0.00028117  439.693    -17.1492460165    -17.1450687347    -17.1447875607   0.277616E+01     0.68
      1607  0.00028002  440.554    -17.1492530192    -17.1450675578    -17.1447875341   0.276543E+01     0.74
      1608  0.00027784  441.553    -17.1492602723    -17.1450653213    -17.1447874772   0.275475E+01     0.74
      1609  0.00027580  442.647    -17.1492685898    -17.1450632504    -17.1447874541   0.274412E+01     0.70
      1610  0.00027481  443.784    -17.1492784053    -17.1450622623    -17.1447874491   0.273354E+01     0.68
      1611  0.00027530  444.919    -17.1492897288    -17.1450628026    -17.1447875069   0.272302E+01     0.69
      1612  0.00027680  446.016    -17.1493017267    -17.1450643749    -17.1447875715   0.271254E+01     0.68
      1613  0.00027862  447.051    -17.1493134074    -17.1450662250    -17.1447876077   0.270212E+01     0.69
      1614  0.00028026  448.009    -17.1493241696    -17.1450678859    -17.1447876307   0.269175E+01     0.69
      1615  0.00028141  448.895    -17.1493337036    -17.1450690006    -17.1447875922   0.268145E+01     0.77
      1616  0.00028242  449.742    -17.1493426521    -17.1450698992    -17.1447874806   0.267119E+01     0.72
      1617  0.00028426  450.602    -17.1493526377    -17.1450717129    -17.1447874492   0.266100E+01     0.69
      1618  0.00028687  451.519    -17.1493640768    -17.1450744484    -17.1447875739   0.265086E+01     0.69
      1619  0.00028859  452.501    -17.1493752185    -17.1450762572    -17.1447876668   0.264078E+01     0.69
      1620  0.00028832  453.523    -17.1493846559    -17.1450759809    -17.1447876562   0.263075E+01     0.69
      1621  0.00028651  454.538    -17.1493924606    -17.1450741446    -17.1447876315   0.262077E+01     0.68
      1622  0.00028399  455.495    -17.1493990140    -17.1450716074    -17.1447876143   0.261085E+01     0.69
      1623  0.00028154  456.352    -17.1494046458    -17.1450691003    -17.1447875581   0.260097E+01     0.75
      1624  0.00028029  457.075    -17.1494102128    -17.1450678001    -17.1447875121   0.259115E+01     0.69
      1625  0.00028105  457.638    -17.1494163725    -17.1450686035    -17.1447875488   0.258137E+01     0.68
      1626  0.00028346  458.034    -17.1494226151    -17.1450710842    -17.1447876240   0.257164E+01     0.68
      1627  0.00028622  458.283    -17.1494278065    -17.1450739158    -17.1447876955   0.256196E+01     0.67
      1628  0.00028787  458.436    -17.1494309009    -17.1450755571    -17.1447876914   0.255232E+01     0.69
      1629  0.00028789  458.561    -17.1494320179    -17.1450754844    -17.1447875961   0.254271E+01     0.69
      1630  0.00028709  458.714    -17.1494325897    -17.1450746037    -17.1447875112   0.253315E+01     0.71
      1631  0.00028645  458.914    -17.1494338723    -17.1450739799    -17.1447875298   0.252361E+01     0.75
      1632  0.00028602  459.139    -17.1494356562    -17.1450736279    -17.1447876091   0.251411E+01     0.70
      1633  0.00028513  459.325    -17.1494366590    -17.1450728686    -17.1447877351   0.250464E+01     0.69
      1634  0.00028300  459.380    -17.1494350779    -17.1450707585    -17.1447877624   0.249519E+01     0.66
      1635  0.00028002  459.215    -17.1494304659    -17.1450677224    -17.1447877035   0.248577E+01     0.67
      1636  0.00027756  458.772    -17.1494237274    -17.1450651892    -17.1447876332   0.247637E+01     0.69
      1637  0.00027661  458.063    -17.1494159869    -17.1450641823    -17.1447875686   0.246700E+01     0.67
      1638  0.00027755  457.160    -17.1494083002    -17.1450650764    -17.1447875289   0.245765E+01     0.71
      1639  0.00027989  456.160    -17.1494011957    -17.1450674749    -17.1447875858   0.244834E+01     0.72
      1640  0.00028222  455.149    -17.1493939516    -17.1450698300    -17.1447876054   0.243905E+01     0.69
      1641  0.00028362  454.188    -17.1493862144    -17.1450712224    -17.1447876035   0.242978E+01     0.69
      1642  0.00028381  453.305    -17.1493779995    -17.1450714034    -17.1447875946   0.242053E+01     0.69
      1643  0.00028304  452.493    -17.1493694783    -17.1450705952    -17.1447875554   0.241130E+01     0.68
      1644  0.00028217  451.716    -17.1493612284    -17.1450697212    -17.1447875485   0.240209E+01     0.70
      1645  0.00028163  450.918    -17.1493532221    -17.1450693022    -17.1447876696   0.239290E+01     0.68
      1646  0.00028049  450.035    -17.1493437635    -17.1450682255    -17.1447877357   0.238371E+01     0.74
      1647  0.00027831  449.027    -17.1493319065    -17.1450659487    -17.1447876394   0.237453E+01     0.75
      1648  0.00027641  447.888    -17.1493190612    -17.1450639237    -17.1447875162   0.236537E+01     0.70
      1649  0.00027612  446.656    -17.1493070565    -17.1450636279    -17.1447875091   0.235621E+01     0.67
      1650  0.00027710  445.393    -17.1492960969    -17.1450646676    -17.1447875659   0.234705E+01     0.68
      1651  0.00027805  444.165    -17.1492854055    -17.1450656383    -17.1447875854   0.233791E+01     0.67
      1652  0.00027824  443.025    -17.1492747099    -17.1450657789    -17.1447875436   0.232877E+01     0.67
      1653  0.00027792  441.998    -17.1492646118    -17.1450654344    -17.1447875114   0.231963E+01     0.66
      1654  0.00027750  441.087    -17.1492555636    -17.1450650400    -17.1447875402   0.231050E+01     0.74
      1655  0.00027680  440.276    -17.1492471955    -17.1450643757    -17.1447875710   0.230138E+01     0.70
      1656  0.00027557  439.540    -17.1492389902    -17.1450631687    -17.1447875984   0.229227E+01     0.67
      1657  0.00027390  438.841    -17.1492306281    -17.1450614441    -17.1447875454   0.228317E+01     0.66
      1658  0.00027282  438.133    -17.1492228085    -17.1450603469    -17.1447875237   0.227407E+01     0.69
      1659  0.00027295  437.373    -17.1492157924    -17.1450605514    -17.1447876055   0.226500E+01     0.67
      1660  0.00027339  436.545    -17.1492084105    -17.1450610407    -17.1447876486   0.225593E+01     0.69
      1661  0.00027342  435.672    -17.1492000676    -17.1450609851    -17.1447875689   0.224688E+01     0.67
      1662  0.00027348  434.811    -17.1491918669    -17.1450609648    -17.1447874836   0.223785E+01     0.74
      1663  0.00027423  434.022    -17.1491851085    -17.1450617077    -17.1447874751   0.222882E+01     0.71
      1664  0.00027532  433.347    -17.1491798731    -17.1450628796    -17.1447875620   0.221981E+01     0.68
      1665  0.00027555  432.808    -17.1491749901    -17.1450631254    -17.1447875737   0.221082E+01     0.68
      1666  0.00027474  432.400    -17.1491702509    -17.1450622573    -17.1447875223   0.220183E+01     0.69
      1667  0.00027364  432.105    -17.1491663481    -17.1450611532    -17.1447875103   0.219286E+01     0.68
      1668  0.00027279  431.889    -17.1491634846    -17.1450603432    -17.1447875547   0.218390E+01     0.67
      1669  0.00027191  431.703    -17.1491609263    -17.1450595576    -17.1447876507   0.217494E+01     0.68
      1670  0.00027040  431.486    -17.1491573448    -17.1450580397    -17.1447876427   0.216601E+01     0.73
      1671  0.00026879  431.181    -17.1491527980    -17.1450563814    -17.1447875909   0.215708E+01     0.69
      1672  0.00026792  430.764    -17.1491479663    -17.1450555153    -17.1447875956   0.214818E+01     0.69
      1673  0.00026781  430.251    -17.1491429235    -17.1450553514    -17.1447875435   0.213930E+01     0.69
      1674  0.00026863  429.689    -17.1491383699    -17.1450561363    -17.1447875032   0.213045E+01     0.68
      1675  0.00027046  429.128    -17.1491348853    -17.1450579745    -17.1447875117   0.212162E+01     0.70
      1676  0.00027298  428.601    -17.1491323947    -17.1450604897    -17.1447875104   0.211283E+01     0.68
      1677  0.00027595  428.119    -17.1491308299    -17.1450635087    -17.1447875589   0.210406E+01     0.71
      1678  0.00027854  427.685    -17.1491293954    -17.1450661990    -17.1447876631   0.209534E+01     0.74
      1679  0.00027922  427.310    -17.1491265580    -17.1450669248    -17.1447877017   0.208664E+01     0.70
      1680  0.00027731  427.004    -17.1491216957    -17.1450649643    -17.1447876583   0.207799E+01     0.69
      1681  0.00027357  426.753    -17.1491154715    -17.1450611308    -17.1447875561   0.206937E+01     0.68
      1682  0.00026994  426.499    -17.1491093895    -17.1450574554    -17.1447875121   0.206080E+01     0.67
      1683  0.00026777  426.170    -17.1491041238    -17.1450553154    -17.1447875410   0.205227E+01     0.69
      1684  0.00026733  425.714    -17.1490993452    -17.1450548748    -17.1447875435   0.204378E+01     0.67
      1685  0.00026844  425.127    -17.1490949106    -17.1450560163    -17.1447875771   0.203534E+01     0.72
      1686  0.00027028  424.451    -17.1490903422    -17.1450578714    -17.1447875932   0.202696E+01     0.72
      1687  0.00027198  423.743    -17.1490853294    -17.1450595809    -17.1447876022   0.201862E+01     0.69
      1688  0.00027303  423.054    -17.1490797894    -17.1450605899    -17.1447875603   0.201034E+01     0.68
      1689  0.00027362  422.414    -17.1490742765    -17.1450611547    -17.1447875341   0.200212E+01     0.69
      1690  0.00027404  421.837    -17.1490692156    -17.1450615789    -17.1447875414   0.199395E+01     0.67
      1691  0.00027409  421.322    -17.1490644369    -17.1450616925    -17.1447876056   0.198584E+01     0.70
      1692  0.00027290  420.864    -17.1490589632    -17.1450605629    -17.1447876608   0.197779E+01     0.68
      1693  0.00026999  420.457    -17.1490520801    -17.1450575548    -17.1447875680   0.196980E+01     0.74
      1694  0.00026667  420.081    -17.1490450806    -17.1450541202    -17.1447874524   0.196188E+01     0.72
      1695  0.00026470  419.717    -17.1490396607    -17.1450521599    -17.1447874559   0.195402E+01     0.69
      1696  0.00026419  419.356    -17.1490357885    -17.1450517235    -17.1447875326   0.194622E+01     0.68
      1697  0.00026399  419.016    -17.1490323702    -17.1450515349    -17.1447875485   0.193849E+01     0.70
      1698  0.00026346  418.737    -17.1490291512    -17.1450509646    -17.1447875024   0.193083E+01     0.68
      1699  0.00026282  418.553    -17.1490267397    -17.1450502961    -17.1447874745   0.192324E+01     0.68
      1700  0.00026244  418.473    -17.1490255984    -17.1450499181    -17.1447874819   0.191572E+01     0.67
      1701  0.00026234  418.474    -17.1490255644    -17.1450498730    -17.1447875292   0.190827E+01     0.74
      1702  0.00026237  418.517    -17.1490260104    -17.1450499160    -17.1447875422   0.190089E+01     0.72
      1703  0.00026244  418.559    -17.1490265638    -17.1450500629    -17.1447876211   0.189359E+01     0.68
      1704  0.00026187  418.583    -17.1490261845    -17.1450494624    -17.1447875954   0.188637E+01     0.67
      1705  0.00026090  418.599    -17.1490252569    -17.1450483760    -17.1447874735   0.187923E+01     0.67
      1706  0.00026087  418.645    -17.1490255791    -17.1450482626    -17.1447873935   0.187216E+01     0.68
      1707  0.00026259  418.756    -17.1490283681    -17.1450499960    -17.1447874074   0.186518E+01     0.68
      1708  0.00026571  418.956    -17.1490334646    -17.1450531920    -17.1447874794   0.185828E+01     0.72
      1709  0.00026904  419.260    -17.1490397503    -17.1450565946    -17.1447875528   0.185146E+01     0.80
      1710  0.00027153  419.680    -17.1490462030    -17.1450590535    -17.1447875217   0.184473E+01     0.73
      1711  0.00027331  420.233    -17.1490531944    -17.1450607963    -17.1447874836   0.183807E+01     0.70
      1712  0.00027471  420.933    -17.1490612650    -17.1450622181    -17.1447875053   0.183151E+01     0.71
      1713  0.00027535  421.791    -17.1490701094    -17.1450629047    -17.1447875562   0.182502E+01     0.71
      1714  0.00027460  422.806    -17.1490789924    -17.1450621452    -17.1447875470   0.181862E+01     0.70
      1715  0.00027297  423.950    -17.1490881245    -17.1450604095    -17.1447874405   0.181230E+01     0.70
      1716  0.00027217  425.175    -17.1490989647    -17.1450596099    -17.1447874358   0.180605E+01     0.77
      1717  0.00027261  426.433    -17.1491115082    -17.1450602061    -17.1447875915   0.179989E+01     0.81
      1718  0.00027261  427.689    -17.1491235278    -17.1450602955    -17.1447876871   0.179380E+01     0.71
      1719  0.00027101  428.927    -17.1491336151    -17.1450586154    -17.1447876065   0.178778E+01     0.69
      1720  0.00026886  430.151    -17.1491429580    -17.1450563292    -17.1447874669   0.178184E+01     0.69
      1721  0.00026789  431.376    -17.1491536005    -17.1450553394    -17.1447874536   0.177598E+01     0.70
      1722  0.00026822  432.613    -17.1491657841    -17.1450557723    -17.1447875531   0.177018E+01     0.70
      1723  0.00026879  433.854    -17.1491781756    -17.1450563684    -17.1447875753   0.176446E+01     0.68
      1724  0.00026939  435.069    -17.1491903294    -17.1450569772    -17.1447875844   0.175882E+01     0.74
      1725  0.00027017  436.219    -17.1492020687    -17.1450577910    -17.1447876186   0.175324E+01     0.74
      1726  0.00027101  437.279    -17.1492129483    -17.1450586060    -17.1447875952   0.174774E+01     0.70
      1727  0.00027224  438.245    -17.1492232962    -17.1450597750    -17.1447875354   0.174232E+01     0.68
      1728  0.00027460  439.132    -17.1492340394    -17.1450620856    -17.1447874812   0.173697E+01     0.70
      1729  0.00027853  439.965    -17.1492459221    -17.1450660605    -17.1447875313   0.173169E+01     0.68
      1730  0.00028299  440.770    -17.1492581774    -17.1450706623    -17.1447876680   0.172648E+01     0.69
      1731  0.00028588  441.579    -17.1492688133    -17.1450736136    -17.1447877308   0.172134E+01     0.67
      1732  0.00028617  442.412    -17.1492769195    -17.1450738124    -17.1447876452   0.171627E+01     0.75
      1733  0.00028498  443.263    -17.1492837335    -17.1450725419    -17.1447875645   0.171125E+01     0.72
      1734  0.00028359  444.101    -17.1492903678    -17.1450712096    -17.1447876204   0.170629E+01     0.68
      1735  0.00028198  444.890    -17.1492962397    -17.1450695891    -17.1447876051   0.170139E+01     0.67
      1736  0.00028043  445.609    -17.1493014916    -17.1450680101    -17.1447875806   0.169654E+01     0.70
      1737  0.00027908  446.263    -17.1493064075    -17.1450667131    -17.1447876376   0.169174E+01     0.67
      1738  0.00027726  446.867    -17.1493103039    -17.1450648704    -17.1447876110   0.168698E+01     0.68
      1739  0.00027516  447.427    -17.1493134864    -17.1450627314    -17.1447875723   0.168227E+01     0.67
      1740  0.00027350  447.929    -17.1493165714    -17.1450610474    -17.1447875522   0.167760E+01     0.74
      1741  0.00027281  448.346    -17.1493198563    -17.1450603698    -17.1447875591   0.167297E+01     0.71
      1742  0.00027322  448.658    -17.1493232611    -17.1450608100    -17.1447875905   0.166839E+01     0.67
      1743  0.00027428  448.864    -17.1493263113    -17.1450619020    -17.1447876173   0.166385E+01     0.67
      1744  0.00027549  448.980    -17.1493286227    -17.1450631084    -17.1447876205   0.165934E+01     0.68
      1745  0.00027656  449.028    -17.1493301390    -17.1450641709    -17.1447876082   0.165488E+01     0.69
      1746  0.00027759  449.019    -17.1493310608    -17.1450651798    -17.1447875891   0.165045E+01     0.69
      1747  0.00027890  448.948    -17.1493316929    -17.1450664831    -17.1447875830   0.164606E+01     0.69
      1748  0.00028059  448.808    -17.1493320865    -17.1450682119    -17.1447876199   0.164169E+01     0.76
      1749  0.00028222  448.603    -17.1493317612    -17.1450698281    -17.1447876060   0.163736E+01     0.71
      1750  0.00028387  448.359    -17.1493310007    -17.1450713869    -17.1447875178   0.163306E+01     0.69
      1751  0.00028612  448.107    -17.1493309079    -17.1450736870    -17.1447875707   0.162879E+01     0.68
      1752  0.00028821  447.881    -17.1493308858    -17.1450758207    -17.1447876146   0.162454E+01     0.69
      1753  0.00028914  447.709    -17.1493302030    -17.1450767641    -17.1447876237   0.162032E+01     0.70
      1754  0.00028864  447.618    -17.1493287883    -17.1450762144    -17.1447875700   0.161612E+01     0.68
      1755  0.00028728  447.623    -17.1493274211    -17.1450747995    -17.1447875208   0.161193E+01     0.71
      1756  0.00028560  447.736    -17.1493268239    -17.1450731348    -17.1447875380   0.160777E+01     0.75
      1757  0.00028339  447.964    -17.1493268049    -17.1450709476    -17.1447875606   0.160361E+01     0.70
      1758  0.00028041  448.307    -17.1493270646    -17.1450679503    -17.1447875411   0.159946E+01     0.70
      1759  0.00027696  448.743    -17.1493277837    -17.1450645232    -17.1447875616   0.159532E+01     0.69
      1760  0.00027332  449.229    -17.1493287432    -17.1450608688    -17.1447875501   0.159118E+01     0.68
      1761  0.00027017  449.703    -17.1493300705    -17.1450576939    -17.1447875242   0.158704E+01     0.70
      1762  0.00026833  450.105    -17.1493320865    -17.1450558878    -17.1447875609   0.158290E+01     0.69
      1763  0.00026757  450.399    -17.1493342083    -17.1450552156    -17.1447876439   0.157876E+01     0.74
      1764  0.00026674  450.580    -17.1493351507    -17.1450544422    -17.1447877024   0.157462E+01     0.73
      1765  0.00026506  450.658    -17.1493341316    -17.1450526807    -17.1447876185   0.157047E+01     0.70
      1766  0.00026357  450.642    -17.1493323613    -17.1450510594    -17.1447874923   0.156633E+01     0.68
      1767  0.00026395  450.537    -17.1493317212    -17.1450514189    -17.1447874680   0.156218E+01     0.71
      1768  0.00026651  450.350    -17.1493325939    -17.1450540668    -17.1447875542   0.155803E+01     0.69
      1769  0.00027000  450.097    -17.1493337429    -17.1450576252    -17.1447876207   0.155388E+01     0.70
      1770  0.00027342  449.798    -17.1493342538    -17.1450609701    -17.1447875495   0.154973E+01     0.68
      1771  0.00027727  449.484    -17.1493350585    -17.1450647620    -17.1447874968   0.154558E+01     0.76
      1772  0.00028199  449.183    -17.1493369492    -17.1450695139    -17.1447875205   0.154143E+01     0.72
      1773  0.00028697  448.916    -17.1493395047    -17.1450746043    -17.1447876295   0.153728E+01     0.69
      1774  0.00029069  448.692    -17.1493411465    -17.1450783710    -17.1447876854   0.153313E+01     0.68
      1775  0.00029227  448.512    -17.1493409927    -17.1450799302    -17.1447876578   0.152898E+01     0.69
      1776  0.00029202  448.373    -17.1493393930    -17.1450796508    -17.1447876297   0.152483E+01     0.70
      1777  0.00029042  448.272    -17.1493367903    -17.1450780060    -17.1447875833   0.152068E+01     0.68
      1778  0.00028842  448.197    -17.1493339797    -17.1450759072    -17.1447874873   0.151653E+01     0.70
      1779  0.00028743  448.123    -17.1493322872    -17.1450749228    -17.1447874947   0.151238E+01     0.77
      1780  0.00028746  448.023    -17.1493315156    -17.1450750966    -17.1447876406   0.150824E+01     0.71
      1781  0.00028679  447.894    -17.1493296415    -17.1450744524    -17.1447876643   0.150408E+01     0.69
      1782  0.00028473  447.753    -17.1493261800    -17.1450723226    -17.1447875922   0.149993E+01     0.68
      1783  0.00028200  447.628    -17.1493221932    -17.1450695251    -17.1447875288   0.149577E+01     0.68
      1784  0.00027935  447.526    -17.1493185786    -17.1450668832    -17.1447875356   0.149161E+01     0.70
      1785  0.00027702  447.424    -17.1493153201    -17.1450645917    -17.1447875695   0.148744E+01     0.68
      1786  0.00027479  447.281    -17.1493118095    -17.1450624418    -17.1447876544   0.148327E+01     0.71
      1787  0.00027203  447.057    -17.1493068980    -17.1450596580    -17.1447876285   0.147909E+01     0.75
      1788  0.00026932  446.727    -17.1493009569    -17.1450568541    -17.1447875348   0.147490E+01     0.70
      1789  0.00026802  446.273    -17.1492953191    -17.1450555254    -17.1447875070   0.147071E+01     0.68
      1790  0.00026863  445.684    -17.1492903956    -17.1450561961    -17.1447875681   0.146652E+01     0.69
      1791  0.00027037  444.964    -17.1492853208    -17.1450579686    -17.1447875987   0.146233E+01     0.68
      1792  0.00027246  444.142    -17.1492795849    -17.1450600407    -17.1447875851   0.145813E+01     0.71
      1793  0.00027433  443.276    -17.1492732568    -17.1450619374    -17.1447876110   0.145395E+01     0.69
      1794  0.00027523  442.432    -17.1492660664    -17.1450627695    -17.1447875441   0.144977E+01     0.73
      1795  0.00027561  441.656    -17.1492589893    -17.1450630581    -17.1447874440   0.144560E+01     0.72
      1796  0.00027661  440.969    -17.1492534513    -17.1450640505    -17.1447874432   0.144144E+01     0.69
      1797  0.00027829  440.369    -17.1492495132    -17.1450658084    -17.1447875195   0.143730E+01     0.68
      1798  0.00027948  439.856    -17.1492459460    -17.1450671162    -17.1447876360   0.143316E+01     0.69
      1799  0.00027870  439.433    -17.1492411247    -17.1450663152    -17.1447876170   0.142903E+01     0.68
      1800  0.00027614  439.098    -17.1492352697    -17.1450636385    -17.1447875020   0.142492E+01     0.70
      1801  0.00027356  438.830    -17.1492300757    -17.1450609980    -17.1447874396   0.142081E+01     0.68
      1802  0.00027230  438.577    -17.1492264622    -17.1450597819    -17.1447874813   0.141672E+01     0.75
      1803  0.00027247  438.284    -17.1492239021    -17.1450600039    -17.1447875355   0.141264E+01     0.73
      1804  0.00027346  437.918    -17.1492214796    -17.1450610598    -17.1447875986   0.140857E+01     0.68
      1805  0.00027453  437.491    -17.1492184091    -17.1450620535    -17.1447875246   0.140453E+01     0.68
      1806  0.00027600  437.055    -17.1492156714    -17.1450634566    -17.1447874548   0.140050E+01     0.69
      1807  0.00027816  436.686    -17.1492143328    -17.1450656166    -17.1447874521   0.139649E+01     0.69
      1808  0.00028048  436.458    -17.1492144866    -17.1450679454    -17.1447874699   0.139250E+01     0.69
      1809  0.00028224  436.414    -17.1492158558    -17.1450697253    -17.1447874869   0.138854E+01     0.70
      1810  0.00028304  436.568    -17.1492181526    -17.1450705585    -17.1447875219   0.138460E+01     0.76
      1811  0.00028259  436.901    -17.1492208644    -17.1450701125    -17.1447875186   0.138068E+01     0.71
      1812  0.00028136  437.377    -17.1492240930    -17.1450688203    -17.1447874632   0.137678E+01     0.69
      1813  0.00028017  437.958    -17.1492284871    -17.1450676953    -17.1447875252   0.137290E+01     0.69
      1814  0.00027876  438.602    -17.1492332447    -17.1450663322    -17.1447875738   0.136905E+01     0.69
      1815  0.00027680  439.262    -17.1492375740    -17.1450643852    -17.1447875807   0.136522E+01     0.70
      1816  0.00027466  439.898    -17.1492414093    -17.1450621859    -17.1447875308   0.136141E+01     0.69
      1817  0.00027319  440.485    -17.1492454681    -17.1450606601    -17.1447874714   0.135763E+01     0.71
      1818  0.00027320  441.029    -17.1492506426    -17.1450606708    -17.1447874721   0.135387E+01     0.75
      1819  0.00027444  441.553    -17.1492569214    -17.1450619726    -17.1447875284   0.135013E+01     0.70
      1820  0.00027591  442.094    -17.1492635332    -17.1450634397    -17.1447875346   0.134643E+01     0.70
      1821  0.00027712  442.687    -17.1492703673    -17.1450646390    -17.1447875195   0.134274E+01     0.68
      1822  0.00027807  443.348    -17.1492776086    -17.1450656034    -17.1447875318   0.133909E+01     0.68
      1823  0.00027867  444.071    -17.1492851029    -17.1450662270    -17.1447875546   0.133547E+01     0.70
      1824  0.00027887  444.834    -17.1492925484    -17.1450664268    -17.1447875551   0.133187E+01     0.68
      1825  0.00027897  445.598    -17.1492999035    -17.1450665284    -17.1447875608   0.132831E+01     0.72
      1826  0.00027928  446.315    -17.1493070679    -17.1450668773    -17.1447875951   0.132478E+01     0.73
      1827  0.00027983  446.947    -17.1493136098    -17.1450674116    -17.1447875809   0.132128E+01     0.70
      1828  0.00028086  447.478    -17.1493196767    -17.1450684365    -17.1447875809   0.131782E+01     0.67
      1829  0.00028229  447.914    -17.1493252861    -17.1450699048    -17.1447876107   0.131440E+01     0.70
      1830  0.00028355  448.277    -17.1493300116    -17.1450711790    -17.1447876255   0.131101E+01     0.67
      1831  0.00028411  448.600    -17.1493336335    -17.1450717370    -17.1447876261   0.130766E+01     0.70
      1832  0.00028364  448.920    -17.1493361681    -17.1450712310    -17.1447875913   0.130434E+01     0.68
      1833  0.00028250  449.272    -17.1493382624    -17.1450699738    -17.1447874715   0.130106E+01     0.74
      1834  0.00028204  449.674    -17.1493416192    -17.1450695113    -17.1447874683   0.129782E+01     0.73
      1835  0.00028235  450.115    -17.1493462537    -17.1450699596    -17.1447876089   0.129461E+01     0.70
      1836  0.00028212  450.562    -17.1493502867    -17.1450697448    -17.1447876279   0.129143E+01     0.68
      1837  0.00028113  450.977    -17.1493532491    -17.1450687663    -17.1447876407   0.128829E+01     0.70
      1838  0.00027953  451.329    -17.1493549895    -17.1450671662    -17.1447876314   0.128518E+01     0.68
      1839  0.00027781  451.598    -17.1493557489    -17.1450653619    -17.1447875472   0.128209E+01     0.69
      1840  0.00027702  451.775    -17.1493566490    -17.1450645883    -17.1447875698   0.127904E+01     0.68
      1841  0.00027703  451.850    -17.1493574431    -17.1450646629    -17.1447876287   0.127602E+01     0.76
      1842  0.00027703  451.831    -17.1493572674    -17.1450646687    -17.1447876392   0.127303E+01     0.72
      1843  0.00027666  451.735    -17.1493559625    -17.1450642793    -17.1447876186   0.127007E+01     0.69
      1844  0.00027593  451.574    -17.1493537332    -17.1450635776    -17.1447876433   0.126714E+01     0.68
      1845  0.00027478  451.341    -17.1493503336    -17.1450623958    -17.1447876110   0.126424E+01     0.69
      1846  0.00027397  451.008    -17.1493462752    -17.1450614970    -17.1447875317   0.126137E+01     0.69
      1847  0.00027467  450.553    -17.1493426614    -17.1450622028    -17.1447875309   0.125853E+01     0.68
      1848  0.00027716  449.983    -17.1493397042    -17.1450646632    -17.1447875034   0.125572E+01     0.71
      1849  0.00028130  449.344    -17.1493377758    -17.1450688088    -17.1447875053   0.125295E+01     0.76
      1850  0.00028623  448.710    -17.1493367867    -17.1450738444    -17.1447876170   0.125020E+01     0.70
      1851  0.00028975  448.159    -17.1493351506    -17.1450774406    -17.1447876861   0.124749E+01     0.70
      1852  0.00029043  447.752    -17.1493318897    -17.1450780451    -17.1447876121   0.124480E+01     0.67
      1853  0.00028887  447.517    -17.1493280254    -17.1450764155    -17.1447875489   0.124214E+01     0.68
      1854  0.00028615  447.445    -17.1493245819    -17.1450736565    -17.1447875039   0.123951E+01     0.70
      1855  0.00028331  447.500    -17.1493222576    -17.1450708120    -17.1447875061   0.123690E+01     0.67
      1856  0.00028074  447.628    -17.1493209870    -17.1450683198    -17.1447875840   0.123432E+01     0.70
      1857  0.00027796  447.770    -17.1493196131    -17.1450655968    -17.1447876397   0.123177E+01     0.74
      1858  0.00027473  447.871    -17.1493173228    -17.1450623473    -17.1447876216   0.122925E+01     0.69
      1859  0.00027154  447.896    -17.1493143289    -17.1450591185    -17.1447875773   0.122675E+01     0.69
      1860  0.00026920  447.830    -17.1493113256    -17.1450567418    -17.1447875389   0.122428E+01     0.69
      1861  0.00026812  447.673    -17.1493088137    -17.1450557173    -17.1447875986   0.122185E+01     0.68
      1862  0.00026747  447.437    -17.1493059658    -17.1450551103    -17.1447876387   0.121944E+01     0.70
      1863  0.00026668  447.143    -17.1493022785    -17.1450542231    -17.1447875458   0.121706E+01     0.68
      1864  0.00026670  446.814    -17.1492990894    -17.1450541597    -17.1447874581   0.121471E+01     0.73
      1865  0.00026839  446.476    -17.1492976192    -17.1450558957    -17.1447875046   0.121240E+01     0.74
      1866  0.00027111  446.156    -17.1492973356    -17.1450586519    -17.1447875397   0.121011E+01     0.70
      1867  0.00027413  445.874    -17.1492976678    -17.1450616701    -17.1447875389   0.120785E+01     0.68
      1868  0.00027730  445.632    -17.1492985583    -17.1450648568    -17.1447875530   0.120562E+01     0.70
      1869  0.00028049  445.420    -17.1492997835    -17.1450680926    -17.1447875980   0.120341E+01     0.68
      1870  0.00028309  445.227    -17.1493006020    -17.1450707450    -17.1447876554   0.120124E+01     0.69
      1871  0.00028437  445.051    -17.1493002181    -17.1450720332    -17.1447876611   0.119910E+01     0.68
      1872  0.00028403  444.894    -17.1492984151    -17.1450717230    -17.1447876917   0.119699E+01     0.75
      1873  0.00028186  444.750    -17.1492948402    -17.1450695203    -17.1447876599   0.119491E+01     0.73
      1874  0.00027839  444.604    -17.1492899366    -17.1450660042    -17.1447876123   0.119286E+01     0.69
      1875  0.00027457  444.440    -17.1492844882    -17.1450621108    -17.1447875433   0.119085E+01     0.68
      1876  0.00027153  444.242    -17.1492795285    -17.1450590304    -17.1447874983   0.118888E+01     0.70
      1877  0.00027019  443.992    -17.1492757995    -17.1450576762    -17.1447874842   0.118694E+01     0.69
      1878  0.00027074  443.673    -17.1492733978    -17.1450583044    -17.1447875691   0.118504E+01     0.69
      1879  0.00027218  443.274    -17.1492711118    -17.1450598136    -17.1447876344   0.118318E+01     0.69
      1880  0.00027368  442.789    -17.1492679738    -17.1450612853    -17.1447876062   0.118136E+01     0.77
      1881  0.00027533  442.215    -17.1492642117    -17.1450629705    -17.1447876365   0.117958E+01     0.72
      1882  0.00027689  441.550    -17.1492594600    -17.1450645332    -17.1447876463   0.117785E+01     0.68
      1883  0.00027818  440.797    -17.1492535595    -17.1450657893    -17.1447876079   0.117617E+01     0.69
      1884  0.00027945  439.975    -17.1492470242    -17.1450670647    -17.1447876127   0.117454E+01     0.68
      1885  0.00028037  439.114    -17.1492397837    -17.1450680035    -17.1447876340   0.117296E+01     0.69
      1886  0.00028055  438.230    -17.1492315598    -17.1450681818    -17.1447876328   0.117143E+01     0.68
      1887  0.00027992  437.312    -17.1492222460    -17.1450675882    -17.1447876702   0.116995E+01     0.70
      1888  0.00027841  436.344    -17.1492114659    -17.1450660035    -17.1447875890   0.116852E+01     0.74
      1889  0.00027694  435.328    -17.1492002904    -17.1450644808    -17.1447875457   0.116715E+01     0.69
      1890  0.00027593  434.292    -17.1491894325    -17.1450634667    -17.1447875404   0.116583E+01     0.70
      1891  0.00027499  433.279    -17.1491789203    -17.1450625765    -17.1447875913   0.116457E+01     0.68
      1892  0.00027322  432.327    -17.1491680925    -17.1450607889    -17.1447875735   0.116336E+01     0.68
      1893  0.00027071  431.450    -17.1491571860    -17.1450582185    -17.1447875094   0.116221E+01     0.70
      1894  0.00026842  430.626    -17.1491470836    -17.1450559443    -17.1447875271   0.116112E+01     0.68
      1895  0.00026664  429.806    -17.1491375596    -17.1450542111    -17.1447875662   0.116009E+01     0.72
      1896  0.00026533  428.927    -17.1491279637    -17.1450529685    -17.1447876336   0.115913E+01     0.73
      1897  0.00026404  427.933    -17.1491172587    -17.1450517087    -17.1447876713   0.115823E+01     0.70
      1898  0.00026255  426.792    -17.1491048864    -17.1450501747    -17.1447876217   0.115739E+01     0.67
      1899  0.00026149  425.502    -17.1490915313    -17.1450490692    -17.1447875815   0.115663E+01     0.69
      1900  0.00026111  424.093    -17.1490777586    -17.1450486871    -17.1447875799   0.115593E+01     0.67
      1901  0.00026118  422.622    -17.1490637791    -17.1450486798    -17.1447874978   0.115530E+01     0.70
      1902  0.00026196  421.171    -17.1490507261    -17.1450494100    -17.1447874549   0.115474E+01     0.68
      1903  0.00026345  419.821    -17.1490393586    -17.1450508763    -17.1447874241   0.115425E+01     0.73
      1904  0.00026558  418.620    -17.1490301080    -17.1450530287    -17.1447874513   0.115384E+01     0.74
      1905  0.00026787  417.579    -17.1490225755    -17.1450553840    -17.1447875121   0.115350E+01     0.70
      1906  0.00026959  416.677    -17.1490157979    -17.1450571819    -17.1447875878   0.115325E+01     0.68
      1907  0.00026997  415.883    -17.1490086475    -17.1450575776    -17.1447876040   0.115307E+01     0.71
      1908  0.00026897  415.174    -17.1490008584    -17.1450565196    -17.1447875500   0.115298E+01     0.69
      1909  0.00026743  414.543    -17.1489932480    -17.1450549032    -17.1447874740   0.115297E+01     0.69
      1910  0.00026637  413.996    -17.1489869584    -17.1450538109    -17.1447874360   0.115305E+01     0.68
      1911  0.00026614  413.548    -17.1489825268    -17.1450536336    -17.1447874981   0.115321E+01     0.76
      1912  0.00026574  413.218    -17.1489790563    -17.1450533037    -17.1447875663   0.115345E+01     0.72
      1913  0.00026425  413.015    -17.1489756000    -17.1450517703    -17.1447875171   0.115378E+01     0.69
      1914  0.00026232  412.931    -17.1489728166    -17.1450497880    -17.1447874724   0.115419E+01     0.68
      1915  0.00026071  412.929    -17.1489712601    -17.1450482459    -17.1447875360   0.115469E+01     0.68
      1916  0.00025928  412.967    -17.1489701718    -17.1450468018    -17.1447875260   0.115528E+01     0.69
      1917  0.00025830  413.013    -17.1489695995    -17.1450457892    -17.1447874939   0.115595E+01     0.68
      1918  0.00025826  413.061    -17.1489700110    -17.1450457471    -17.1447874895   0.115671E+01     0.71
      1919  0.00025917  413.121    -17.1489715033    -17.1450466714    -17.1447874971   0.115756E+01     0.76
      1920  0.00026073  413.211    -17.1489739463    -17.1450482548    -17.1447875201   0.115850E+01     0.70
      1921  0.00026244  413.348    -17.1489769818    -17.1450499870    -17.1447875478   0.115953E+01     0.70
      1922  0.00026402  413.541    -17.1489803179    -17.1450514903    -17.1447874741   0.116065E+01     0.68
      1923  0.00026624  413.795    -17.1489849282    -17.1450536931    -17.1447874574   0.116186E+01     0.68
      1924  0.00026933  414.115    -17.1489911096    -17.1450568348    -17.1447875047   0.116316E+01     0.70
      1925  0.00027251  414.511    -17.1489981312    -17.1450600881    -17.1447875814   0.116454E+01     0.68
      1926  0.00027459  414.994    -17.1490048430    -17.1450622155    -17.1447876275   0.116602E+01     0.71
      1927  0.00027500  415.561    -17.1490105944    -17.1450625818    -17.1447875796   0.116758E+01     0.74
      1928  0.00027443  416.199    -17.1490160424    -17.1450619701    -17.1447875415   0.116923E+01     0.71
      1929  0.00027353  416.896    -17.1490217744    -17.1450610763    -17.1447875490   0.117097E+01     0.67
      1930  0.00027224  417.656    -17.1490277196    -17.1450598035    -17.1447875659   0.117278E+01     0.70
      1931  0.00027030  418.492    -17.1490336913    -17.1450578313    -17.1447875313   0.117468E+01     0.68
      1932  0.00026802  419.413    -17.1490401594    -17.1450555442    -17.1447875196   0.117666E+01     0.70
      1933  0.00026564  420.406    -17.1490472644    -17.1450532163    -17.1447875714   0.117872E+01     0.68
      1934  0.00026302  421.428    -17.1490543382    -17.1450505862    -17.1447875621   0.118085E+01     0.75
      1935  0.00026076  422.421    -17.1490614803    -17.1450482958    -17.1447875332   0.118307E+01     0.73
      1936  0.00025968  423.339    -17.1490691169    -17.1450472117    -17.1447875269   0.118536E+01     0.70
      1937  0.00026000  424.162    -17.1490773157    -17.1450475828    -17.1447875782   0.118773E+01     0.69
      1938  0.00026098  424.898    -17.1490853324    -17.1450486088    -17.1447876246   0.119017E+01     0.70
      1939  0.00026194  425.562    -17.1490925410    -17.1450495158    -17.1447875751   0.119269E+01     0.68
      1940  0.00026332  426.165    -17.1490996148    -17.1450508531    -17.1447875346   0.119529E+01     0.69
      1941  0.00026556  426.720    -17.1491071519    -17.1450531185    -17.1447875630   0.119795E+01     0.69
      1942  0.00026813  427.239    -17.1491147179    -17.1450557576    -17.1447876290   0.120069E+01     0.75
      1943  0.00027018  427.735    -17.1491214517    -17.1450577798    -17.1447875960   0.120349E+01     0.73
      1944  0.00027189  428.219    -17.1491277219    -17.1450594541    -17.1447875685   0.120635E+01     0.69
      1945  0.00027366  428.695    -17.1491340092    -17.1450612120    -17.1447875504   0.120927E+01     0.67
      1946  0.00027575  429.167    -17.1491405743    -17.1450632987    -17.1447875485   0.121225E+01     0.68
      1947  0.00027815  429.637    -17.1491474689    -17.1450657221    -17.1447875716   0.121528E+01     0.69
      1948  0.00028028  430.122    -17.1491542788    -17.1450679268    -17.1447876472   0.121837E+01     0.69
      1949  0.00028087  430.647    -17.1491598960    -17.1450685593    -17.1447876881   0.122151E+01     0.71
      1950  0.00027934  431.241    -17.1491638700    -17.1450668892    -17.1447875445   0.122470E+01     0.76
      1951  0.00027731  431.927    -17.1491682411    -17.1450647390    -17.1447874292   0.122793E+01     0.71
      1952  0.00027634  432.716    -17.1491747753    -17.1450637767    -17.1447874404   0.123121E+01     0.69
      1953  0.00027645  433.608    -17.1491834123    -17.1450639415    -17.1447874916   0.123453E+01     0.67
      1954  0.00027684  434.598    -17.1491933121    -17.1450644376    -17.1447875976   0.123789E+01     0.68
      1955  0.00027614  435.674    -17.1492028953    -17.1450637987    -17.1447876546   0.124129E+01     0.70
      1956  0.00027383  436.806    -17.1492113040    -17.1450614507    -17.1447876232   0.124473E+01     0.68
      1957  0.00027072  437.941    -17.1492189402    -17.1450583006    -17.1447875846   0.124821E+01     0.71
      1958  0.00026796  439.015    -17.1492263812    -17.1450555415    -17.1447875804   0.125172E+01     0.74
      1959  0.00026627  439.974    -17.1492337773    -17.1450538242    -17.1447875518   0.125526E+01     0.69
      1960  0.00026621  440.797    -17.1492415343    -17.1450537644    -17.1447875502   0.125884E+01     0.69
      1961  0.00026767  441.493    -17.1492496426    -17.1450552658    -17.1447875992   0.126244E+01     0.68
      1962  0.00026983  442.092    -17.1492574822    -17.1450574081    -17.1447875804   0.126606E+01     0.68
      1963  0.00027235  442.645    -17.1492652472    -17.1450599240    -17.1447875738   0.126971E+01     0.71
      1964  0.00027475  443.210    -17.1492730251    -17.1450623340    -17.1447875824   0.127337E+01     0.68
      1965  0.00027653  443.845    -17.1492807796    -17.1450640576    -17.1447875315   0.127705E+01     0.73
      1966  0.00027800  444.589    -17.1492892592    -17.1450654627    -17.1447874593   0.128074E+01     0.73
      1967  0.00027990  445.459    -17.1492994637    -17.1450674041    -17.1447875037   0.128445E+01     0.70
      1968  0.00028166  446.444    -17.1493107045    -17.1450692917    -17.1447876349   0.128817E+01     0.67
      1969  0.00028183  447.510    -17.1493210642    -17.1450695175    -17.1447876924   0.129190E+01     0.70
      1970  0.00027998  448.612    -17.1493296418    -17.1450676295    -17.1447876484   0.129564E+01     0.67
      1971  0.00027721  449.699    -17.1493370997    -17.1450647576    -17.1447875503   0.129940E+01     0.70
      1972  0.00027510  450.737    -17.1493448475    -17.1450626445    -17.1447875442   0.130317E+01     0.68
      1973  0.00027385  451.714    -17.1493529642    -17.1450614818    -17.1447876321   0.130695E+01     0.74
      1974  0.00027241  452.635    -17.1493602745    -17.1450600413    -17.1447876307   0.131075E+01     0.73
      1975  0.00027064  453.510    -17.1493667506    -17.1450582034    -17.1447875602   0.131456E+01     0.69
      1976  0.00026945  454.342    -17.1493734205    -17.1450569680    -17.1447875212   0.131838E+01     0.69
      1977  0.00026948  455.121    -17.1493808784    -17.1450570268    -17.1447875450   0.132221E+01     0.70
      1978  0.00027055  455.823    -17.1493887146    -17.1450581906    -17.1447876399   0.132606E+01     0.69
      1979  0.00027176  456.423    -17.1493956131    -17.1450593942    -17.1447876379   0.132991E+01     0.69
      1980  0.00027317  456.900    -17.1494015160    -17.1450607650    -17.1447875977   0.133377E+01     0.69
      1981  0.00027522  457.243    -17.1494068796    -17.1450628716    -17.1447876563   0.133765E+01     0.76
      1982  0.00027726  457.445    -17.1494108946    -17.1450649585    -17.1447876985   0.134152E+01     0.73
      1983  0.00027873  457.515    -17.1494129572    -17.1450663638    -17.1447876386   0.134541E+01     0.69
      1984  0.00028011  457.476    -17.1494139016    -17.1450676779    -17.1447875711   0.134930E+01     0.69
      1985  0.00028195  457.368    -17.1494147192    -17.1450695170    -17.1447875621   0.135319E+01     0.69
      1986  0.00028413  457.227    -17.1494155700    -17.1450717127    -17.1447875876   0.135709E+01     0.70
      1987  0.00028615  457.069    -17.1494161012    -17.1450737423    -17.1447875944   0.136100E+01     0.68
      1988  0.00028787  456.901    -17.1494162041    -17.1450754408    -17.1447875694   0.136492E+01     0.71
      1989  0.00028957  456.726    -17.1494162366    -17.1450771402    -17.1447875664   0.136884E+01     0.76
      1990  0.00029117  456.543    -17.1494161651    -17.1450788053    -17.1447876323   0.137278E+01     0.70
      1991  0.00029192  456.347    -17.1494150878    -17.1450795888    -17.1447876648   0.137672E+01     0.69
      1992  0.00029136  456.124    -17.1494124170    -17.1450790324    -17.1447876770   0.138068E+01     0.67
      1993  0.00028963  455.856    -17.1494080686    -17.1450772369    -17.1447876038   0.138465E+01     0.68
      1994  0.00028781  455.523    -17.1494030431    -17.1450753674    -17.1447875541   0.138864E+01     0.70
      1995  0.00028671  455.123    -17.1493981320    -17.1450742607    -17.1447875462   0.139265E+01     0.69
      1996  0.00028632  454.666    -17.1493934300    -17.1450738990    -17.1447875786   0.139667E+01     0.72
      1997  0.00028594  454.177    -17.1493884440    -17.1450735630    -17.1447876202   0.140072E+01     0.75
      1998  0.00028474  453.681    -17.1493825335    -17.1450723586    -17.1447876227   0.140478E+01     0.70
      1999  0.00028248  453.202    -17.1493756713    -17.1450700535    -17.1447875758   0.140887E+01     0.68
      2000  0.00027966  452.750    -17.1493685128    -17.1450671903    -17.1447875328   0.141297E+01     0.68
