      1        9.99970883888945       10.11118208059988       10.00036638293356       -0.00006780475616        0.00005153860158        0.00008984529737
      1        8.55018054985184        8.96980617203696       10.00002738163176        0.00068690957897       -0.00136427008160        0.00000644541109
      1       11.45414870874748        8.97746120164870        9.99417974104127        0.00039588475746        0.00053688946111       -0.00144896363453
      2        9.99944045749969       10.11138473650396       10.00072011334013       -0.00006635439675        0.00004955128242        0.00008677229995
      2        8.55291811114355        8.96437472827110       10.00005255381485        0.00068079156543       -0.00134802657877        0.00000606632748
      2       11.45572343025792        8.97960129203378        9.98840853634363        0.00039026958114        0.00053234682990       -0.00143359592992
      3        9.99917800371544       10.11157849085923       10.00106056133314       -0.00006549473918        0.00004775367369        0.00008438289396
      3        8.55562688237528        8.95902195940677       10.00007591225159        0.00067394044259       -0.00132792601156        0.00000563907924
      3       11.45727086539660        8.98171997628789        9.98271097360187        0.00038330237280        0.00052719753088       -0.00141526619295
      4        9.99891649958622       10.11176676589348       10.00139517649182       -0.00006595619938        0.00004699660165        0.00008410527298
      4        8.55830963468430        8.95375132017863       10.00009766644879        0.00066842803242       -0.00130839028273        0.00000533312923
      4       11.45878984924029        8.98381887228079        9.97708640680002        0.00037663953669        0.00052284913103       -0.00139857306507
      5        9.99865035412042       10.11195446367239       10.00173340351696       -0.00006740130123        0.00004721177507        0.00008560446782
      5        8.56097430663461        8.94855483714490       10.00011857728544        0.00066513586189       -0.00129140342551        0.00000523715658
      5       11.46028398169016        8.98590276933616        9.97152238908129        0.00037119029678        0.00051977074690       -0.00138556173706
      6        9.99837728917641       10.11214446009406       10.00208001223435       -0.00006892959442        0.00004779535518        0.00008755499668
      6        8.56363072157943        8.94342009277457       10.00013956370145        0.00066437849696       -0.00127769535918        0.00000535465095
      6       11.46175937161452        8.98797703825600        9.96600191290352        0.00036744270574        0.00051799254698       -0.00137698557933
      7        9.99809891736506       10.11233682651383       10.00243384349043       -0.00006981161199        0.00004819284398        0.00008883247461
      7        8.56628933461031        8.93833327427148       10.00016141449303        0.00066610018860       -0.00126716847825        0.00000563760117
      7       11.46322352333604        8.99004670971203        9.96050650444664        0.00036552638251        0.00051734651043       -0.00137273187982
      8        9.99781879628048       10.11253000284589       10.00279067203124       -0.00006987037913        0.00004817503057        0.00008911444764
      8        8.56895952308825        8.93328274494857       10.00018466451080        0.00066993301330       -0.00125911368553        0.00000601729144
      8       11.46468358267461        8.99211581033941        9.95502005786494        0.00036513363952        0.00051766923292       -0.00137200607807
      9        9.99753995433203       10.11272222675837       10.00314675907155       -0.00006940478532        0.00004777429946        0.00008873544243
      9        8.57164879871669        8.92826036478722       10.00020955282459        0.00067542365669       -0.00125271622463        0.00000641339824
      9       11.46614459245220        8.99418806357538        9.94953045582204        0.00036563764974        0.00051901354236       -0.00137384803370
     10        9.99726355799789       10.11291219724154       10.00350055557071       -0.00006884721220        0.00004709268565        0.00008817748736
     10        8.57436291234180        8.92326101515150       10.00023597169669        0.00068213183389       -0.00124720608834        0.00000673667004
     10       11.46760868387251        8.99626791867832        9.94402927359534        0.00036637558568        0.00052152173624       -0.00137731519576
     11        9.99698917663443       10.11309896824359       10.00385217897042       -0.00006847354588        0.00004618601473        0.00008769409262
     11        8.57710585338777        8.91828271608054       10.00026344618495        0.00068967672569       -0.00124185633425        0.00000691131655
     11       11.46907559713767        8.99836023746531        9.93851193425595        0.00036697126426        0.00052519641790       -0.00138152254626
     12        9.99671576963082       10.11328168535938       10.00420210831165       -0.00006834990782        0.00004507736487        0.00008729006274
     12        8.57988032614736        8.91332616447748       10.00029126222911        0.00069782000571       -0.00123613801475        0.00000691235374
     12       11.47054445398656        9.00046949002149        9.93297709322524        0.00036747608562        0.00052989094247       -0.00138582326203
     13        9.99644237737187       10.11345958716256       10.00455049947233       -0.00006844013542        0.00004381461246        0.00008690459777
     13        8.58268841343342        8.90839361196255       10.00031874501489        0.00070639563157       -0.00122971569046        0.00000678486759
     13       11.47201540582265        9.00259936500505        9.92742534815969        0.00036817567658        0.00053539785089       -0.00138978452907
     14        9.99616824854744       10.11363220225906       10.00489734509383       -0.00006871392946        0.00004248941363        0.00008655762082
     14        8.58553149119988        8.90348843895381       10.00034554116984        0.00071520008219       -0.00122237134084        0.00000662657624
     14       11.47348985939921        9.00475267282864        9.92185881699264        0.00036928299112        0.00054154560917       -0.00139308550776
     15        9.99589266593622       10.11379950247158       10.00524296043889       -0.00006917399529        0.00004120399586        0.00008635344852
     15        8.58841001409093        8.89861464123579       10.00037175762482        0.00072402270807       -0.00121405716360        0.00000654635635
     15       11.47496966975161        9.00693172987844        9.91628066409764        0.00037079645689        0.00054828324591       -0.00139558095343
     16        9.99561485658512       10.11396183422597       10.00558817268199       -0.00006981150602        0.00004001498907        0.00008637561820
     16        8.59132367286441        8.89377598164497       10.00039791202062        0.00073268621703       -0.00120484361396        0.00000662414273
     16       11.47645623105431        9.00913893879592        9.91069416936523        0.00037252847775        0.00055563689645       -0.00139727905373
     17        9.99533417388806       10.11411962238414       10.00593396538446       -0.00007056413008        0.00003890430431        0.00008659732065
     17        8.59427150382720        8.88897589232409       10.00042475076663        0.00074105771018       -0.00119479156851        0.00000689113154
     17       11.47794989757360        9.01137682505007        9.90510243166781        0.00037421503705        0.00056360163365       -0.00139823943384
     18        9.99505034354451       10.11427306866047       10.00628095124718       -0.00007133462436        0.00003780401582        0.00008689951579
     18        8.59725213454588        8.88421764909692       10.00045304107292        0.00074909753295       -0.00118395607429        0.00000733367747
     18       11.47944995135074        9.01364775186509        9.89950825389447        0.00037563319778        0.00057211545169       -0.00139858778818
     19        9.99476349689322       10.11442205451070       10.00662916151076       -0.00007204272946        0.00003664517518        0.00008715677738
     19        8.60026428409079        8.87950424372976       10.00048342018638        0.00075685638713       -0.00117238416071        0.00000791064969
     19       11.48095496315583        9.01595374866357        9.89391372936237        0.00037664509032        0.00058107085139       -0.00139849626120
     20        9.99447400170882       10.11456623006188       10.00697820546623       -0.00007265704567        0.00003538928272        0.00008730338149
     20        8.60330698564294        8.87483857581121       10.00051632627046        0.00076441275503       -0.00116006504581        0.00000857244553
     20       11.48246311207332        9.01829631867621        9.88832028380486        0.00037717735617        0.00059032543830       -0.00139809860754
     21        9.99418224052785       10.11470516877249       10.00732758856270       -0.00007319314526        0.00003403290817        0.00008734626715
     21        8.60637958613104        8.87022372336326       10.00055199975065        0.00077185461424       -0.00114697212936        0.00000927561192
     21       11.48397238200516        9.02067635216999        9.88272894050205        0.00037720419154        0.00059974889011       -0.00139750195200
     22        9.99388845654677       10.11483849332721       10.00767697560344       -0.00007368636293        0.00003259256986        0.00008733161112
     22        8.60948182255686        8.86566279877633       10.00059053116579        0.00077926925702       -0.00113310138161        0.00000999089266
     22       11.48548074560565        9.02309430979711        9.87714026818886        0.00037673810282        0.00060925290297       -0.00139680503786
     23        9.99359274962440       10.11496590933139       10.00802624145169       -0.00007416011864        0.00003108456774        0.00008729710420
     23        8.61261374018721        8.86115891231041       10.00063192689196        0.00078670922618       -0.00111843958800        0.00001070530813
     23       11.48698628682770        9.02555037539374        9.87155450019917        0.00037581582432        0.00061877707409       -0.00139605778306
     24        9.99329517559763       10.11508716986910       10.00837535243701       -0.00007461656916        0.00002951757499        0.00008725290301
     24        8.61577549636629        8.85671528207237       10.00067617363086        0.00079419782285       -0.00110297879450        0.00001142063816
     24       11.48848727220019        9.02804452638984        9.86597180592440        0.00037449058162        0.00062829169241       -0.00139527709139
     25        9.99299581707115       10.11520204993129       10.00872426467579       -0.00007504782844        0.00002789717197        0.00008719399293
     25        8.61896732277003        8.85233508195444       10.00072329199721        0.00080174616520       -0.00108674392736        0.00001214948805
     25       11.48998221148066        9.03057670893303        9.86039228346804        0.00037282089779        0.00063780723965       -0.00139447669537
     26        9.99269479297010       10.11531034724485       10.00907290438047       -0.00007544706296        0.00002622962484        0.00008711577707
     26        8.62218946568786        8.84802133065345       10.00077336953527        0.00080934117992       -0.00106976951300        0.00001290937035
     26       11.49146983938254        9.03314698430704        9.85481599236141        0.00037085221958        0.00064735989308       -0.00139364593872
     27        9.99239224056747       10.11541188692998       10.00942119089232       -0.00007581316046        0.00002452196935        0.00008702121428
     27        8.62544205220941        8.84377692585045       10.00082656696004        0.00081695353335       -0.00105210357948        0.00001371647101
     27       11.49294902923729        9.03575558807765        9.84924311595825        0.00036861216702        0.00065700535776       -0.00139275912543
     28        9.99208828768638       10.11550652299966       10.00976907409474       -0.00007614928270        0.00002277982107        0.00008691862456
     28        8.62872509395463        8.83960450201760       10.00088310130336        0.00082455753830       -0.00103382775638        0.00001458108442
     28       11.49441873671869        9.03840302716909        9.84367391935794        0.00036611939839        0.00066681635051       -0.00139180300599
     29        9.99178304630585       10.11559412549854       10.01011653988876       -0.00007645691567        0.00002100422309        0.00008681263808
     29        8.63203851251579        8.83550630379941       10.00094321563536        0.00083212387584       -0.00101503406531        0.00001550552925
     29       11.49587798442444        9.04109011888172        9.83810869191033        0.00036339153268        0.00067686128331       -0.00139076326941
     30        9.99147663236106       10.11567455678438       10.01046357519935       -0.00007673477258        0.00001919265540        0.00008670186249
     30        8.63538208496136        8.83148422949510       10.00100714553733        0.00083961853558       -0.00099581432942        0.00001648462597
     30       11.49732586898010        9.04381791743558        9.83254781320267        0.00036045169099        0.00068719271945       -0.00138962297559
     31        9.99116916812522       10.11574766674177       10.01081015478869       -0.00007698295268        0.00001734333129        0.00008658424585
     31        8.63875546080041        8.82753978916408       10.00107509264314        0.00084701352122       -0.00097627335988        0.00001750815557
     31       11.49876159795238        9.04658766063729        9.82699170810563        0.00035733248979        0.00069785053424       -0.00138837941307
     32        9.99086076873965       10.11581330343468       10.01115624916616       -0.00007720354301        0.00001545668529        0.00008645809629
     32        8.64215819313112        8.82367404261609       10.00114721078189        0.00085427833116       -0.00095651587640        0.00001856383145
     32       11.50018452889844        9.04940072170948        9.82144077789810        0.00035407301559        0.00070885881874       -0.00138703389656
     33        9.99055153978111       10.11587132022407       10.01150181955904       -0.00007739989913        0.00001353546583        0.00008632262756
     33        8.64558968744969        8.81988766215292       10.00122360329478        0.00086137397678       -0.00093663696667        0.00001963973184
     33       11.50159418207712        9.05225853118719        9.81589543693315        0.00035071289291        0.00072022880553       -0.00138558521593
     34        9.99024156954659       10.11592158716133       10.01184683018663       -0.00007757690880        0.00001158482741        0.00008618075887
     34        8.64904918494537        8.81618094688273       10.00130432863661        0.00086826120318       -0.00091673349041        0.00002072598485
     34       11.50299023204171        9.05516255215371        9.81035609617069        0.00034728819185        0.00073196898351       -0.00138404007205
     35        9.98993092451073       10.11596399884333       10.01219126562997       -0.00007773691809        0.00000960964319        0.00008603515338
     35        8.65253577707515        8.81255379422964       10.00138941117356        0.00087489921488       -0.00089689858904        0.00002181567929
     35       11.50437248761192        9.05811428305528        9.80482311635675        0.00034383046674        0.00074408471051       -0.00138240865197
     36        9.98961967420187       10.11599846430687       10.01253511141367       -0.00007787736067        0.00000761289087        0.00008588490383
     36        8.65604837866443        8.80900575817040       10.00147885407096        0.00088124393195       -0.00087721171433        0.00002290544590
     36       11.50574087577563        9.06111522983780        9.79929682695495        0.00034036676448        0.00075657737865       -0.00138069875594
     37        9.98930790562538       10.11602490197028       10.01287834486060       -0.00007799608321        0.00000559819395        0.00008573054231
     37        8.65958572853076        8.80553610051503       10.00157265474077        0.00088725409740       -0.00085774352371        0.00002399610083
     37       11.50709542172778        9.06416690208448        9.79377752630925        0.00033691696644        0.00076944901172       -0.00137892036979
     38        9.98899570553620       10.11604324985845       10.01322095575219       -0.00007809236740        0.00000356991564        0.00008557255996
     38        8.66314641144367        8.80214380998069       10.00167082287759        0.00089288917886       -0.00083855465828        0.00002509256907
     38       11.50843621150713        9.06727082193157        9.78826546399664        0.00033349324468        0.00078269851329       -0.00137708381238
     39        9.98868316668617       10.11605346129540       10.01356292534030       -0.00007816172202        0.00000153076345        0.00008540522025
     39        8.66672884196160        8.79882766324878       10.00177339529329        0.00089810725562       -0.00081969366891        0.00002620280964
     39       11.50976336768519        9.07042849019080        9.78276085581019        0.00033010446617        0.00079631719714       -0.00137519728556
     40        9.98837041176002       10.11605549596601       10.01390419751419       -0.00007819999450       -0.00000051532803        0.00008522536002
     40        8.67033126948861        8.79558626062940       10.00188044535469        0.00090287117052       -0.00080120505462        0.00002733703860
     40       11.51107704723650        9.07364135950868        9.77726388571215        0.00032675779381        0.00081029449603       -0.00137326942024
     41        9.98805756673020       10.11604933867119       10.01424472822046       -0.00007821170293       -0.00000255970875        0.00008504188871
     41        8.67395181132575        8.79241802281185       10.00199209160212        0.00090714723148       -0.00078312892499        0.00002850702408
     41       11.51237743003565        9.07691084615900        9.77177470044830        0.00032345603804        0.00082462090287       -0.00137130873615
     42        9.98774471813656       10.11603501829599       10.01458453262389       -0.00007820383655       -0.00000459316807        0.00008486444717
     42        8.67758844734041        8.78932122922950       10.00210850154734        0.00091089885429       -0.00076549531796        0.00002972419512
     42       11.51366469554080        9.08023832673168        9.76629341582294        0.00032019480813        0.00083928216115       -0.00136932307299
     43        9.98743193603782       10.11601259332665       10.01492364379781       -0.00007817338811       -0.00000661118477        0.00008469279698
     43        8.68123900216010        8.78629406026819       10.00222988516306        0.00091408778082       -0.00074832792162        0.00003099840975
     43       11.51493898850071        9.08362510344819        9.76082011586434        0.00031695989776        0.00085425687810       -0.00136731796811
     44        9.98711933103170       10.11598212881787       10.01526207499977       -0.00007810932791       -0.00000861334134        0.00008452451498
     44        8.68490114958699        8.78333460585651       10.00235648882533        0.00091667786636       -0.00073164642445        0.00003233903243
     44       11.51620037472286        9.08707238175647        9.75535487207808        0.00031373180665        0.00086952211384       -0.00136529330196
     45        9.98680706141453       10.11594368659591       10.01559983991764       -0.00007800583517       -0.00001060075844        0.00008435792016
     45        8.68857242509097        8.78044088887262       10.00248859742249        0.00091863767252       -0.00071546388702        0.00003375553261
     45       11.51744884295393        9.09058128035893        9.74989776944868        0.00031049916830        0.00088505618560       -0.00136324674896
     46        9.98649528435031       10.11589732275035       10.01593693836104       -0.00007786855681       -0.00001257354936        0.00008418222508
     46        8.69225025096716        8.77761089476034       10.00262653308625        0.00091994217606       -0.00069978966179        0.00003525572310
     46       11.51868436806927        9.09415283124129        9.74444889808637        0.00030726307211        0.00090083227027       -0.00136117841864
     47        9.98618411296006       10.11584309820101       10.01627329771827       -0.00007770673557       -0.00001452794288        0.00008398232884
     47        8.69593196249944        8.77484257157828       10.00277064320732        0.00092057116360       -0.00068463408740        0.00003684391251
     47       11.51990694753084        9.09778793852107        9.73900834209952        0.00030402298274        0.00091681481423       -0.00135908971994
     48        9.98587363046579       10.11578109920731       10.01660879699174       -0.00007752101753       -0.00001645677849        0.00008376289760
     48        8.69961482027594        8.77213382206112       10.00292128438635        0.00092050888672       -0.00067000664280        0.00003852099904
     48       11.52111655193121        9.10148734975512        9.73357618032688        0.00030076220188        0.00093296659279       -0.00135697868645
     49        9.98556394481979       10.11571144397309       10.01694340089906       -0.00007730120664       -0.00001835343645        0.00008355435668
     49        8.70329603359323        8.76948251843589       10.00307881119963        0.00091974587285       -0.00065591008609        0.00004028718473
     49       11.52231304514592        9.10525167126340        9.72815251260794        0.00029745535812        0.00094925271479       -0.00135483216029
     50        9.98525522081270       10.11563427171571       10.01727723184520       -0.00007703456731       -0.00002021518477        0.00008337771254
     50        8.70697278725876        8.76688654137242       10.00324358186421        0.00091827620574       -0.00064233883106        0.00004214567206
     50       11.52349619479620        9.10908137147342        9.72273752304454        0.00029409703044        0.00096563533790       -0.00135263122099
     51        9.98494766828131       10.11554972249489       10.01761042259938       -0.00007671292504       -0.00002204532140        0.00008320641213
     51        8.71064224323918        8.76434380778741       10.00341597657611        0.00091609322622       -0.00062928493323        0.00004410126279
     51       11.52466582138943        9.11297675396661        9.71733146283998        0.00029071705472        0.00098207056342       -0.00135037319031
     52        9.98464151741235       10.11545790914450       10.01794288314224       -0.00007633460507       -0.00002385134012        0.00008298745318
     52        8.71430153306853        8.76185226190655       10.00359639196651        0.00091318859233       -0.00061674412596        0.00004615307696
     52       11.52582193123397        9.11693793598075        9.71193453752202        0.00028735390200        0.00099851219903       -0.00134807235664
     53        9.98433699144073       10.11535891177391       10.01827432222479       -0.00007590641389       -0.00002563457508        0.00008271451118
     53        8.71794775197781        8.75940985477976       10.00378520119182        0.00090955284925       -0.00060471808432        0.00004829175889
     53       11.52696465260545        9.12096485155885        9.70654688398688        0.00028401685525        0.00101492027578       -0.00134573977389
     54        9.98403426610122       10.11525283254389       10.01860459923171       -0.00007544364426       -0.00002738054714        0.00008245998300
     54        8.72157795586256        8.75701451723196       10.00398272603764        0.00090517855444       -0.00059321647927        0.00005050531677
     54       11.52809406607599        9.12505729818701        9.70116861933089        0.00028068701844        0.00103126704882       -0.00134338210681
     55        9.98373344228668       10.11513986739682       10.01893400208877       -0.00007496002509       -0.00002906767410        0.00008230418512
     55        8.72518918041336        8.75466412294562       10.00418924372595        0.00090006409526       -0.00058225347048        0.00005278404538
     55       11.52921014875298        9.12921498794942        9.69579982713243        0.00027734997210        0.00104752774271       -0.00134100619218
     56        9.98343458590051       10.11502029115108       10.01926303271267       -0.00007445044237       -0.00003069168999        0.00008222962735
     56        8.72877846862465        8.75235648946813       10.00440499840068        0.00089421231438       -0.00057184014160        0.00005512033280
     56       11.53031286585279        9.13343752012873        9.69044056979346        0.00027401825597        0.00106366747445       -0.00133861190921
     57        9.98313783874772       10.11489433387690       10.01959183910757       -0.00007388590873       -0.00003227720924        0.00008210862109
     57        8.73234287892843        8.75008940181278       10.00463020638836        0.00088762711140       -0.00056198773537        0.00005750828743
     57       11.53140229480077        9.13772432774499        9.68509093185877        0.00027072674893        0.00107964731575       -0.00133619966875
     58        9.98284349863068       10.11476207347719       10.01991990168141       -0.00007323710824       -0.00003385540841        0.00008181793527
     58        8.73587948551587        8.74786058758517       10.00486506470012        0.00088031414618       -0.00055271461886        0.00005994337405
     58       11.53247867984424        9.14207469865473        9.67975097244341        0.00026751193044        0.00109543806514       -0.00133377737238
     59        9.98255194188182       10.11462349060962       10.02024638258977       -0.00007250932034       -0.00003542637003        0.00008136989971
     59        8.73938539209788        8.74566768486190       10.00510975338075        0.00087228637388       -0.00054404114554        0.00006242173602
     59       11.53354239024428        9.14648783226609        9.67442071287970        0.00026439684472        0.00111102493349       -0.00133134301064
     60        9.98226342406800       10.11447866251698       10.02057086087906       -0.00007174685886       -0.00003694942359        0.00008091963604
     60        8.74285777650690        8.74350825842088       10.00536443858830        0.00086356950325       -0.00053598367020        0.00006494219268
     60       11.53459385460201        9.15096289812266        9.66910022835833        0.00026139354072        0.00112641002881       -0.00132888346910
     61        9.98197796701091       10.11432789522091       10.02089373967812       -0.00007099604643       -0.00003837794254        0.00008063152227
     61        8.74629394812385        8.74137981550031       10.00562929092217        0.00085419668238       -0.00052855588475        0.00006750581656
     61       11.53563353857001        9.15549911249654        9.66378964512691        0.00025851159895        0.00114160814528       -0.00132639509095
     62        9.98169545569655       10.11417163897669       10.02121591305720       -0.00007026674521       -0.00003970456823        0.00008053270785
     62        8.74969134996598        8.73927981134290       10.00590448512077        0.00084419594451       -0.00052176889957        0.00007010911688
     62       11.53666194739363        9.16009576328490        9.65848906763074        0.00025576404886        0.00115663264946       -0.00132388166284
     63        9.98141583304922       10.11401025867506       10.02153800134093       -0.00006953068212       -0.00004097057047        0.00008049259158
     63        8.75304751567993        8.73720566430375       10.00619016385721        0.00083358903919       -0.00051563524910        0.00007274154733
     63       11.53767965096091        9.16475217369222        9.65319859182419        0.00025317162293        0.00117149231357       -0.00132134697457
     64        9.98113921023962       10.11384387441297       10.02185985378983       -0.00006875029660       -0.00004223113023        0.00008034100234
     64        8.75636006227948        8.73515472935013       10.00648641749945        0.00082239739220       -0.00051017745173        0.00007539135831
     64       11.53868732037706        9.16946770179350        9.64791829183420        0.00025075473893        0.00118619698272       -0.00131880589526
     65        9.98086583067644       10.11367240963323       10.02218072935966       -0.00006790836357       -0.00004350994570        0.00008001079294
     65        8.75962669481753        8.73312424468992       10.00679329472366        0.00081063961860       -0.00050542491090        0.00007804781128
     65       11.53968568887233        9.17424174955398        9.64264814466209        0.00024851806315        0.00120075337313       -0.00131627915972
     66        9.98059594333107       10.11349579484739       10.02249994013334       -0.00006701805171       -0.00004478187881        0.00007958098136
     66        8.76284517922830        8.73111133006293       10.00711079998969        0.00079833143541       -0.00050140447511        0.00008069902407
     66       11.54067546488222        9.17907372877857        9.63738805855641        0.00024645666600        0.00121516323188       -0.00131377445661
     67        9.98032968626277       10.11331415460275       10.02281737721055       -0.00006610898191       -0.00004599443756        0.00007919666735
     67        8.76601334630080        8.72911300888906       10.00743888691619        0.00078549508678       -0.00049813919033        0.00008333452231
     67       11.54165734220031        9.18396305540903        9.63213794900919        0.00024457642242        0.00122942884409       -0.00131129276959
     68        9.98006707147577       10.11312783934692       10.02313351347211       -0.00006520102139       -0.00004710664949        0.00007894769158
     68        8.76912913992256        8.72712621654027       10.00777747616819        0.00077216366312       -0.00049564613319        0.00008594640774
     68       11.54263207626162        9.18890915953130        9.62689771639967        0.00024289414381        0.00124354886674       -0.00130884325180
     69        9.97980807809166       10.11293730140681       10.02344895874318       -0.00006429000171       -0.00004811354495        0.00007880935535
     69        8.77219065560578        8.72514783982356       10.00812645817811        0.00075838000078       -0.00049392900232        0.00008852383420
     69       11.54360049535078        9.19391144634292        9.62166720299480        0.00024142503496        0.00125751607606       -0.00130643679876
     70        9.97955275146205       10.11274293098735       10.02376398831495       -0.00006335870962       -0.00004904061381        0.00007868266938
     70        8.77519617992881        8.72317478452173       10.00848566684177        0.00074419485782       -0.00049297622840        0.00009105379665
     70       11.54456347654130        9.19896928813982        9.61644622200960        0.00024018041527        0.00127132822945       -0.00130407328192
     71        9.97930120841472       10.11254497649637       10.02407842009821       -0.00006239714538       -0.00004991871152        0.00007848421265
     71        8.77814421446836        8.72120402999635       10.00885488855134        0.00072965784689       -0.00049276364658        0.00009353087043
     71       11.54552193867298        9.20408207217853        9.61123461673947        0.00023916482216        0.00128498908707       -0.00130174350001
     72        9.97905357429897       10.11234358129520       10.02439186201618       -0.00006140751914       -0.00005076376632        0.00007820231981
     72        8.78103344270395        8.71923267534912       10.00923391380518        0.00071481192982       -0.00049325659317        0.00009595884628
     72       11.54647679511858        9.20924920083640        9.60603227400952        0.00023836592541        0.00129849823872       -0.00129944269925
     73        9.97880994826157       10.11213886636579       10.02470403865667       -0.00006039489441       -0.00005157584083        0.00007788288344
     73        8.78386270990691        8.71725797725102       10.00962255932160        0.00069969949961       -0.00049441059559        0.00009834259523
     73       11.54742886607629        9.21447005808829        9.60083907514544        0.00023775441285        0.00131184929302       -0.00129717219587
     74        9.97857041514368       10.11193097456860       10.02501492508373       -0.00005936313674       -0.00005235045348        0.00007757811760
     74        8.78663103870085        8.71527739058437       10.01002065456699        0.00068435982013       -0.00049616846590        0.00010068724109
     74       11.54837883042136        9.21974399518056        9.59565489644259        0.00023729743824        0.00132502828398       -0.00129492250680
     75        9.97833504316764       10.11172006273798       10.02532466359747       -0.00005832044503       -0.00005308653145        0.00007730947597
     75        8.78933758846798        8.71328862952379       10.01042805725035        0.00066882074305       -0.00049846352284        0.00010300543594
     75       11.54932724558223        9.22507028436012        9.59047969509101        0.00023697155786        0.00133800787435       -0.00129267732829
     76        9.97810385158341       10.11150628231701       10.02563340089147       -0.00005728083103       -0.00005378557794        0.00007706359697
     76        8.79198160464521        8.71128968240162       10.01084469805448        0.00065310940846       -0.00050123460295        0.00010531596918
     76       11.55027460288423        9.23044805817533        9.58531347781629        0.00023676401822        0.00135075269115       -0.00129044540320
     77        9.97787679651938       10.11128977811449       10.02594117237323       -0.00005625702738       -0.00005444733213        0.00007681201077
     77        8.79456246373566        8.70927875270017       10.01127058500375        0.00063726613428       -0.00050443045048        0.00010763188762
     77       11.55122135772796        9.23587630588935        9.58015613186543        0.00023666322156        0.00136323006371       -0.00128825794982
     78        9.97765379536435       10.11107070365995       10.02624789697767       -0.00005525463496       -0.00005506759935        0.00007653797369
     78        8.79707973371943        8.70725423879775       10.01170575315544        0.00062133828644       -0.00050799613066        0.00010995612693
     78       11.55216790865670        9.24135389868501        9.57500741421773        0.00023665380727        0.00137541462565       -0.00128612655784
     79        9.97743475943967       10.11084923731967       10.02655347616274       -0.00005427335054       -0.00005564038162        0.00007625168429
     79        8.79953317002717        8.70521478365490       10.01215023401918        0.00060537197606       -0.00051186887297        0.00011229174079
     79       11.55311458818612        9.24687962289455        9.56986711940274        0.00023672204789        0.00138729237853       -0.00128403631988
     80        9.97721960856000       10.11062558060697       10.02685791045202       -0.00005331169775       -0.00005616333840        0.00007598053816
     80        8.80192270952789        8.70315928781402       10.01260408708173        0.00058941447582       -0.00051599033030        0.00011464869081
     80       11.55406168503985        9.25245223771325        9.56473512365867        0.00023685362665        0.00139886116681       -0.00128198136321
     81        9.97700826585763       10.11039993061247       10.02716132046806       -0.00005237049238       -0.00005664194372        0.00007574186940
     81        8.80424848583377        8.70108686101249       10.01306742354564        0.00057351775476       -0.00052031538315        0.00011703284660
     81       11.55500941719932        9.25807051222902        9.55961126849709        0.00023702176572        0.00141012462252       -0.00127997734782
     82        9.97680064462097       10.11017244505718       10.02746384540723       -0.00005145254192       -0.00005708682989        0.00007552601710
     82        8.80651085156597        8.69899676474880       10.01354034985455        0.00055774178700       -0.00052481147595        0.00011943289609
     82       11.55595785916561        9.26373323469341        9.55449530487611        0.00023718565661        0.00142109053005       -0.00127803651134
     83        9.97659664552225       10.10994323597332       10.02776552860487       -0.00005055871982       -0.00005750497279        0.00007531011565
     83        8.80871042012977        8.69688836920493       10.01402288671439        0.00054215142165       -0.00052944973595        0.00012182774417
     83       11.55690690245221        9.26943923646938        9.54938697640633        0.00023729702273        0.00143176782477       -0.00127614421253
     84        9.97639617486242       10.10971240527490       10.02806632633246       -0.00004968387486       -0.00005789374413        0.00007508747008
     84        8.81084806293918        8.69476116686123       10.01451497180791        0.00052680009931       -0.00053419033910        0.00012420646429
     84       11.55785623534741        9.27518737729157        9.54428615117584        0.00023730541711        0.00144215251652       -0.00127426551790
     85        9.97619917452340       10.10948008602029       10.02836622836552       -0.00004881655322       -0.00005824609656        0.00007487612647
     85        8.81292482092427        8.69261484649210       10.01501653842871        0.00051172264619       -0.00053898000873        0.00012657245498
     85       11.55880534578908        9.28097645660151        9.53919285226315        0.00023717665823        0.00145222250414       -0.00127238175679
     86        9.97600564243665       10.10924643650244       10.02866533534420       -0.00004794426059       -0.00005856299290        0.00007469558329
     86        8.81494184410867        8.69044932679140       10.01552755144773        0.00049694994586       -0.00054376759616        0.00012892480565
     86       11.55975364861322        9.28680515732470        9.53410709712154        0.00023692042576        0.00146195346792       -0.00127051906501
     87        9.97581562043865       10.10901158207708       10.02896379303187       -0.00004706340443       -0.00005885904636        0.00007454033998
     87        8.81690042049112        8.68826470572282       10.01604793687388        0.00048252176505       -0.00054851666900        0.00013124187228
     87       11.56070070919512        9.29267208434489        9.52902869974306        0.00023659311797        0.00147133441997       -0.00126872703130
     88        9.97562913520122       10.10877556413156       10.02926165806401       -0.00004618813838       -0.00005915227110        0.00007438178414
     88        8.81880201822911        8.68606119343940       10.01657748642597        0.00046848941127       -0.00055320506521        0.00013349098705
     88       11.56164639355699        9.29857583268445        9.52395728087111        0.00023627170751        0.00148036873111       -0.00126702886162
     89        9.97544611533164       10.10853836390828       10.02955884730503       -0.00004534838793       -0.00005944540131        0.00007419702704
     89        8.82064833578131        8.68383906520113       10.01711586477031        0.00045492192598       -0.00055781903135        0.00013565595684
     89       11.56259088285521        9.30451503419377        9.51889246885008        0.00023602279173        0.00148906666855       -0.00126540175533
     90        9.97526634809781       10.10830000092111       10.02985523428029       -0.00004457442715       -0.00005971805355        0.00007399449112
     90        8.82244139363695        8.68159864118859       10.01766273408071        0.00044190418353       -0.00056234211742        0.00013775160441
     90       11.56353457589081        9.31048836603287        9.51383406682846        0.00023587329973        0.00149743384822       -0.00126380120172
     91        9.97508951991443       10.10806061947986       10.03015080323397       -0.00004387856287       -0.00005994161041        0.00007380922759
     91        8.82418356924958        8.67934032826175       10.01821787760555        0.00042951078744       -0.00056674232197        0.00013980846730
     91       11.56447786925306        9.31649450497950        9.50878205923634        0.00023578929830        0.00150546367395       -0.00126219772208
     92        9.97491531959488       10.10782046803785       10.03044570810101       -0.00004324536024       -0.00006010622389        0.00007367150213
     92        8.82587747993645        8.67706470261281       10.01878120181908        0.00041777737612       -0.00057097327909        0.00014184123221
     92       11.56542089027722        9.32253207542446        9.50373648505182        0.00023568390180        0.00151314605627       -0.00126059905002
     93        9.97474355703249       10.10757976968874       10.03074017525105       -0.00004263241013       -0.00006023574503        0.00007357797437
     93        8.82752578825855        8.67477254202904       10.01935260746324        0.00040669620511       -0.00057499165149        0.00014382905158
     93       11.56636334046744        9.32859967342967        9.49869726683615        0.00023544928429        0.00152048446375       -0.00125904630466
     94        9.97457426031386       10.10733858207760       10.03103433189599       -0.00004198294885       -0.00006037701915        0.00007349063362
     94        8.82913104957731        8.67246476940093       10.01993183423173        0.00039623138921       -0.00057877241274        0.00014572699368
     94       11.56730448455155        9.33469595113447        9.49366411461453        0.00023498561316        0.00152749917964       -0.00125758490302
     95        9.97440769344167       10.10709675353553       10.03132810032002       -0.00004125304067       -0.00006057178787        0.00007336408081
     95        8.83069563937227        8.67014236272714       10.02051842341264        0.00038634301966       -0.00058230952272        0.00014750299287
     95       11.56824322537269        9.34081966686677        9.48863658761203        0.00023422164925        0.00153421623437       -0.00125623214221
     96        9.97424423598853       10.10685400777461       10.03162124454246       -0.00004044089229       -0.00006083192770        0.00007317899487
     96        8.83222179373456        8.66780629321916       10.02111185817470        0.00037702107654       -0.00058560854030        0.00014916919911
     96       11.56917825774558        9.34696968100946        9.48361425747687        0.00023313226569        0.00154065995731       -0.00125496877621
     97        9.97408416630338       10.10661009811397       10.03191353227895       -0.00003959430780       -0.00006113493956        0.00007295392938
     97        8.83371180798460        8.66545749440472       10.02171177700552        0.00036831266810       -0.00058867940077        0.00015077836269
     97       11.57010828349824        9.35314494652528        9.47859683740237        0.00023174318360        0.00154684816563       -0.00125375279532
     98        9.97392748152611       10.10636492825815       10.03220487597751       -0.00003879050551       -0.00006144026029        0.00007272757837
     98        8.83516829507938        8.66309685801301       10.02231808507622        0.00036031043526       -0.00059152565993        0.00015238887393
     98       11.57103220321440        9.35934446633454        9.47358423511435        0.00023011878539        0.00155277794208       -0.00125253367756
     99        9.97377384225931       10.10611857603167       10.03249535290593       -0.00003810495083       -0.00006171179585        0.00007253172682
     99        8.83659429146667        8.66072528912528       10.02293088799697        0.00035310801813       -0.00059413113271        0.00015402655531
     99       11.57194923378133        9.36556717006191        9.46857656798193        0.00022834286476        0.00155841774626       -0.00125126288336
    100        9.97362264191948       10.10587123389132       10.03278512979205       -0.00003758330244       -0.00006193256400        0.00007237791095
    100        8.83799315922443        8.65834380895130       10.02355029751867        0.00034676538874       -0.00059645661042        0.00015566301018
    100       11.57285894613250        9.37181180830459        9.46357413204746        0.00022649564712        0.00156372442419       -0.00124990533098
    101        9.97347317583981       10.10562311551968       10.03307437619351       -0.00003722292633       -0.00006210787553        0.00007226107196
    101        8.83936841457660        8.65595363624195       10.02417619207838        0.00034129804176       -0.00059844633212        0.00015721599305
    101       11.57376119895826        9.37807696545545        9.45857732533409        0.00022462546740        0.00156866136982       -0.00124844153424
    102        9.97332485850887       10.10537437088706       10.03336321836773       -0.00003697341121       -0.00006225931389        0.00007217051511
    102        8.84072354355852        8.65355623829438       10.02480802546306        0.00033667477876       -0.00060003251315        0.00015857617209
    102       11.57465594987168        9.38436109926315        9.45358659977357        0.00022272038970        0.00157319552340       -0.00124685866872
    103        9.97317738855011       10.10512504100853       10.03365174031438       -0.00003676008879       -0.00006241394531        0.00007209878786
    103        8.84206181280672        8.65115337613674       10.02544480145513        0.00033282954676       -0.00060114259539        0.00015965526940
    103       11.57554296207588        9.39066252964263        9.44860245598436        0.00022069224429        0.00157729865102       -0.00124514984390
    104        9.97303077779853       10.10487505932458       10.03394000867064       -0.00003651824738       -0.00006259546851        0.00007204399812
    104        8.84338617993261        8.64874709753129       10.02608526761830        0.00032969420340       -0.00060171592238        0.00016042782123
    104       11.57642148782597        9.39697948847134        9.44362540102237        0.00021839195570        0.00158096878053       -0.00124332422469
    105        9.97288524257107       10.10462427726048       10.03422809229933       -0.00003621888117       -0.00006282000808        0.00007200720012
    105        8.84469936643396        8.64633964875769       10.02672822402494        0.00032722875467       -0.00060171725865        0.00016093832023
    105       11.57729009772144        9.40331027988690        9.43865586218681        0.00021566087141        0.00158423953689       -0.00124140788030
    106        9.97274102674916       10.10437249925993       10.03451606627163       -0.00003587361589       -0.00006309253334        0.00007198855532
    106        8.84600400996997        8.64393335946208       10.02737277418013        0.00032543043429       -0.00060113964889        0.00016127679605
    106       11.57814677479721        9.40965340476649        9.43369413797994        0.00021238775088        0.00158716053073       -0.00123943234570
    107        9.97259825364397       10.10411953699375       10.03480400074189       -0.00003551973553       -0.00006340278649        0.00007198437453
    107        8.84730280990831        8.64153053156658       10.02801843839338        0.00032432702864       -0.00060000336407        0.00016154648681
    107       11.57898919972846        9.41600756413277        9.42874040342122        0.00020853954568        0.00158977868025       -0.00123742931983
    108        9.97245686886490       10.10386527696802       10.03509194126783       -0.00003519859260       -0.00006372737568        0.00007198673827
    108        8.84859862619908        8.63913333254950       10.02866514607459        0.00032396424815       -0.00059835131158        0.00016183512580
    108       11.57981509116267        9.42237163420851        9.42379470342133        0.00020416581294        0.00159214034623       -0.00123543791412
    109        9.97231666490314       10.10360971798827       10.03537989464804       -0.00003493977939       -0.00006404196637        0.00007198431180
    109        8.84989452389349        8.63674372107397       10.02931311939977        0.00032439982670       -0.00059623920964        0.00016218817983
    109       11.58062252623202        9.42874468690259        9.41885690010824        0.00019937856725        0.00159429517112       -0.00123350834396
    110        9.97217735062981       10.10335294123709       10.03566781576222       -0.00003475271819       -0.00006433492884        0.00007196245739
    110        8.85119382481268        8.63436341887240       10.02996265151323        0.00032570550208       -0.00059372277060        0.00016258946350
    110       11.58141011970064        9.43512599557750        9.41392663666965        0.00019430012894        0.00159628232348       -0.00123168674819
    111        9.97203864315760       10.10309503855752       10.03595559430716       -0.00003462504089       -0.00006460902168        0.00007190911268
    111        8.85250016791010        8.63199393890915       10.03061383510777        0.00032795480939       -0.00059084209652        0.00016296211735
    111       11.58217692726353        9.44151494549046        9.40900340612275        0.00018900344086        0.00159811150578       -0.00122999037280
    112        9.97190035030273       10.10283606906362       10.03624308866368       -0.00003452986539       -0.00006487159094        0.00007182721027
    112        8.85381746328784        8.62963668210022       10.03126634845203        0.00033119889464       -0.00058761386961        0.00016319508511
    112       11.58292214722752        9.44791088762375        9.40408671368724        0.00018349010215        0.00159976470909       -0.00122839662337
    113        9.97176240423450       10.10257606583002       10.03653021198932       -0.00003443870201       -0.00006512924736        0.00007173382732
    113        8.85514975906719        8.62729302795229       10.03191939578866        0.00033546323067       -0.00058404070755        0.00016318392226
    113       11.58364484808076        9.45431306316316        9.39917623313579        0.00017771046922        0.00160121866019       -0.00122685177699
    114        9.97162484068668       10.10231503508474       10.03681695928228       -0.00003433212816       -0.00006539415160        0.00007163827469
    114        8.85650116913323        8.62496435643980       10.03257181983010        0.00034075811698       -0.00058011697966        0.00016286257543
    114       11.58434383098128        9.46072063690524        9.39427189947128        0.00017159179562        0.00160245949002       -0.00122528394317
    115        9.97148774720921       10.10205291261721       10.03710331818682       -0.00003420469320       -0.00006568718766        0.00007152918324
    115        8.85787582400302        8.62265209211498       10.03322229639206        0.00034706789204       -0.00057581868796        0.00016220875875
    115       11.58501758244571        9.46713273908328        9.38937396159040        0.00016505600769        0.00160347534633       -0.00122360724308
    116        9.97135120314109       10.10178953758343       10.03738919274820       -0.00003406485716       -0.00006602497366        0.00007139406267
    116        8.85927771226953        8.62035780693616       10.03386948990009        0.00035433080143       -0.00057110595318        0.00016123031087
    116       11.58566427904276        9.47354843967587        9.38448304152666        0.00015803502313        0.00160424417742       -0.00122172077598
    117        9.97121522835196       10.10152471282797       10.03767447068818       -0.00003393131793       -0.00006640210904        0.00007124748932
    117        8.86071047041449        8.61808324448953       10.03451213887899        0.00036243976410       -0.00056594645838        0.00015995575002
    117       11.58628186263073        9.47996669250261        9.37960019538258        0.00015048904332        0.00160473376412       -0.00121952217859
    118        9.97107975259766       10.10125832071114       10.03795917266280       -0.00003382644368       -0.00006679025719        0.00007113007798
    118        8.86217723038234        8.61583023526914       10.03514913590022        0.00037125670583       -0.00056032698162        0.00015843819632
    118       11.58686819138932        9.48638630978881        9.37472686409797        0.00014241831422        0.00160491164891       -0.00121694722474
    119        9.97094461680255       10.10099039077044       10.03824351131201       -0.00003376747184       -0.00006715819887        0.00007107418616
    119        8.86368052406112        8.61360062863660       10.03577964444954        0.00038062966270       -0.00055424649875        0.00015675732138
    119       11.58742120914447        9.49280598569391        9.36986461758464        0.00013385481359        0.00160475549239       -0.00121400594019
    120        9.97080961282297       10.10072105512019       10.03852776615209       -0.00003376037268       -0.00006749423729        0.00007106947888
    120        8.86522226768393        8.61139626327913       10.03640319447125        0.00039041871286       -0.00054771329917        0.00015500066929
    120       11.58793902989806        9.49922435372790        9.36501481657643        0.00012483198951        0.00160425588418       -0.00121077379394
    121        9.97067453382109       10.10045043687211       10.03881206714306       -0.00003380275353       -0.00006780843846        0.00007106817642
    121        8.86680387376399        8.60921892224328       10.03701964980389        0.00040052207773       -0.00054074790229        0.00015322778112
    121       11.58841986506058        9.50564003276738        9.36017842723314        0.00011535303477        0.00160340808340       -0.00120734610800
    122        9.97053919079470       10.10017858761247       10.03909631156343       -0.00003389160651       -0.00006811273328        0.00007103271363
    122        8.86842644430577        8.60707028006080       10.03762901672023        0.00041088745623       -0.00053338638411        0.00015144344506
    122       11.58886185417624        9.51205161839512        9.35535604771243        0.00010538941781        0.00160220227571       -0.00120379908403
    123        9.97040340096899       10.09990553500586       10.03938032885211       -0.00003402490452       -0.00006840218234        0.00007097747419
    123        8.87009097341386        8.60495183117042       10.03823119736438        0.00042151070270       -0.00052568575426        0.00014960388391
    123       11.58926298040305        9.51845765097305        9.35054803456093        0.00009491331502        0.00160063015543       -0.00120018072385
    124        9.97026699155853       10.09963137015378       10.03966413135694       -0.00003419590491       -0.00006865998028        0.00007095599612
    124        8.87179852992734        8.60286479402676       10.03882584779150        0.00043242849480       -0.00051772018362        0.00014765400939
    124       11.58962116069640        9.52485665963857        9.34575460192162        0.00008392657254        0.00159870687083       -0.00119652850226
    125        9.97012983372970       10.09935625516361       10.03994797682105       -0.00003438692232       -0.00006888088712        0.00007100266323
    125        8.87355040137227        8.60081006970143       10.03941242943947        0.00044370879638       -0.00050956503751        0.00014556898201
    125       11.58993439298334        9.53124730593966        9.34097580654286        0.00007246063659        0.00159647857440       -0.00119289252279
    126        9.96999189617999       10.09908032305685       10.04023215266281       -0.00003456777103       -0.00006908645010        0.00007108777628
    126        8.87534820029838        8.59878827372665       10.03999039964756        0.00045543995779       -0.00050128814601        0.00014336638686
    126       11.59020084578912        9.53762848823374        9.33621146173933        0.00006056527824        0.00159399682805       -0.00118933181420
    127        9.96985329156149       10.09880356356282       10.04051667903127       -0.00003470549204       -0.00006931367199        0.00007113662712
    127        8.87719392103456        8.59679976453337       10.04055936053439        0.00046771239942       -0.00049295146401        0.00014107672702
    127       11.59041891520923        9.54399928056403        9.33146115202929        0.00004829926893        0.00159128755301       -0.00118588127052
    128        9.96971425224369       10.09852581368090       10.04080124567978       -0.00003478564202       -0.00006958541924        0.00007110134200
    128        8.87908989949377        8.59484466201457       10.04111901346371        0.00048059757875       -0.00048461017981        0.00013870169438
    128       11.59058723994056        9.55035878865785        9.32672441157520        0.00003571341831        0.00158834942890       -0.00118252580198
    129        9.96957500642529       10.09824688020890       10.04108548976731       -0.00003482553975       -0.00006988968371        0.00007101431285
    129        8.88103870166453        8.59292288309486       10.04166897408947        0.00049413861784       -0.00047631184407        0.00013620258879
    129       11.59070462255568        9.55670607599526        9.32200094561342        0.00002283793165        0.00158517361593       -0.00117920578236
    130        9.96943564792566       10.09796669621122       10.04136936018259       -0.00003486048117       -0.00007018766139        0.00007096651958
    130        8.88304300843647        8.59103416726199       10.04220863417404        0.00050834299239       -0.00046809645863        0.00013352173650
    130       11.59076994339373        9.56304017758528        9.31729076531634        0.00000969313831        0.00158176134774       -0.00117584932630
    131        9.96929612257593       10.09768537891775       10.04165322192397       -0.00003491421386       -0.00007044328927        0.00007103285344
    131        8.88510544560367        8.58917811142584       10.04273714798147        0.00052316380777       -0.00045999076329        0.00013060903321
    131       11.59078216766219        9.56936016677716        9.31259415100303       -0.00000369331868        0.00157813489868       -0.00117241502472
    132        9.96915633421479       10.09740314989709       10.04193762301008       -0.00003498111671       -0.00007064802248        0.00007121281604
    132        8.88722831889861        8.58735424115564       10.04325350643975        0.00053849582152       -0.00045200989450        0.00012744210979
    132       11.59074039684425        9.57566525677472        9.30791144511862       -0.00001728192032        0.00157433444681       -0.00116890833033
    133        9.96901627364226       10.09712019473788       10.04222292445231       -0.00003503131183       -0.00007082262127        0.00007142929837
    133        8.88941341217581        8.58556203226982       10.04375668485982        0.00055420780877       -0.00044417554444        0.00012403975783
    133       11.59064391229961        9.58195484235161        9.30324288436035       -0.00003102723748        0.00157039392334       -0.00116534589185
    134        9.96887608372019       10.09683656892695       10.04250905739706       -0.00003503070398       -0.00007099868581        0.00007158087529
    134        8.89166198136875        8.58380083680012       10.04424582450241        0.00057017668414       -0.00043652728130        0.00012045717971
    134       11.59049217894438        9.58822840816143        9.29858867798383       -0.00004490008502        0.00156631863798       -0.00116170743390
    135        9.96873602801039       10.09655220525136       10.04279557145462       -0.00003496244689       -0.00007119466649        0.00007160973579
    135        8.89397482564894        8.58206981401946       10.04472034229748        0.00058628732376       -0.00042911378996        0.00011676379899
    135       11.59028471161943        9.59448539145548        9.29394922488912       -0.00005891720739        0.00156208538805       -0.00115792964261
    136        9.96859638414506       10.09626701159503       10.04308193528336       -0.00003483785646       -0.00007140058180        0.00007153696082
    136        8.89635227995881        8.58036792648042       10.04517993489435        0.00060241736503       -0.00042198198412        0.00011302140585
    136       11.59002084128523        9.60072509126582        9.28932524084299       -0.00007314288777        0.00155765320732       -0.00115393586938
    137        9.96845732515869       10.09598100059692       10.04336786714119       -0.00003469100295       -0.00007157984249        0.00007144231701
    137        8.89879416456920        8.57869395814649       10.04562451354428        0.00061844041195       -0.00041517255139        0.00010926418545
    137       11.58969956851723        9.60694661711400        9.28471773793405       -0.00008766340186        0.00155297569576       -0.00114967126826
    138        9.96831885612149       10.09569437285511       10.04365347381940       -0.00003456155710       -0.00007168759559        0.00007140717337
    138        8.90129980325443        8.57704654606933       10.04605404837792        0.00063424556536       -0.00040871398162        0.00010547806141
    138       11.58931953407036        9.61314889683193        9.28012787069691       -0.00010256152153        0.00154801670951       -0.00114513260695
    139        9.96818083270192       10.09540749983223       10.04393912452812       -0.00003447814814       -0.00007169388114        0.00007146036132
    139        8.90386812909209        8.57542424629356       10.04646833803560        0.00064975335110       -0.00040261575001        0.00010160071983
    139       11.58887907634499        9.61933075079011        9.27555667707843       -0.00011788209342        0.00154275708397       -0.00114037812160
    140        9.96804303093637       10.09512082180598       10.04422515670997       -0.00003445248510       -0.00007159542806        0.00007156471514
    140        8.90649783006327        8.57382562006922       10.04686685413654        0.00066492208531       -0.00039686638272        0.00009755099208
    140       11.58837647732297        9.62549095350372        9.27100484572409       -0.00013359791130        0.00153719108054       -0.00113550795221
    141        9.96790521282112       10.09483473640774       10.04451164224923       -0.00003448314725       -0.00007140995441        0.00007165571480
    141        8.90918750577455        8.57224931523183       10.04724874597226        0.00067974915700       -0.00039144114447        0.00009326051379
    141       11.58781029305456        9.63162827943444        9.26647261346072       -0.00014962872697        0.00153133037760       -0.00113063238862
    142        9.96776716575837       10.09454954217067       10.04479840242836       -0.00003455974733       -0.00007116266653        0.00007169642411
    142        8.91193582331928        8.57069409091343       10.04761293824685        0.00069426582040       -0.00038632470077        0.00008869332572
    142       11.58717944750724        9.63774159652455        9.26195978661516       -0.00016589715544        0.00152520656011       -0.00112583761332
    143        9.96762873484252       10.09426543507551       10.04508521364208       -0.00003466285333       -0.00007087821150        0.00007169738820
    143        8.91474163233779        8.56915871762571       10.04795829257804        0.00070852088518       -0.00038153921535        0.00008386210954
    143       11.58648311581102        9.64382993191529        9.25746591255418       -0.00018234544577        0.00151885304312       -0.00112115043520
    144        9.96748986293169       10.09398251647866       10.04537198153394       -0.00003476316767       -0.00007057963917        0.00007169437543
    144        8.91760399040071        8.56764177719059       10.04828383512313        0.00072255799830       -0.00037715620678        0.00007882810389
    144       11.58572068394105        9.64989242086948        9.25299058313355       -0.00019891814739        0.00151228718684       -0.00111653008485
    145        9.96735062950114       10.09370079796213       10.04565876864550       -0.00003482441185       -0.00007028577048        0.00007171797301
    145        8.92052209632418        8.56614146797147       10.04858891740917        0.00073639861695       -0.00037328718107        0.00007366898650
    145       11.58489177063193        9.65592822941005        9.24853367187536       -0.00021556447117        0.00150551234732       -0.00111190120711
    146        9.96721126763688       10.09342023031486       10.04594572531804       -0.00003481212456       -0.00007000295670        0.00007177983098
    146        8.92349517933634        8.56465547974199       10.04887318701512        0.00075003865007       -0.00037006258569        0.00006844318958
    146       11.58399616817166        9.66193651964807        9.24409537347669       -0.00023224569597        0.00149852023828       -0.00110719305013
    147        9.96707213250465       10.09314077430856       10.04623300729334       -0.00003470724167       -0.00006971795090        0.00007187642300
    147        8.92652240552477        8.56318096728593       10.04913646292580        0.00076345698960       -0.00036760157436        0.00006318324836
    147       11.58303380506414        9.66791639131627        9.23967612747434       -0.00024891979432        0.00149128833133       -0.00110236094149
    148        9.96693360970351       10.09286248670766       10.04652073670206       -0.00003451607104       -0.00006939976879        0.00007200129634
    148        8.92960283525317        8.56171466714708       10.04937865300199        0.00077662667684       -0.00036597807486        0.00005790336311
    148       11.58200480981711        9.67386682629873        9.23527648594476       -0.00026553279947        0.00148379576801       -0.00109739962026
    149        9.96679600393635       10.09258557615825       10.04680901766404       -0.00003426532859       -0.00006901171237        0.00007215081252
    149        8.93273541893951        8.56025314268705       10.04959968983069        0.00078952283207       -0.00036520277765        0.00005259864012
    149       11.58090954266840        9.67978675746037        9.23089693051227       -0.00028203401905        0.00147604976483       -0.00109234333181
    150        9.96665948707480       10.09231039300871       10.04709794320224       -0.00003398266956       -0.00006852968860        0.00007231427476
    150        8.93591901790970        8.55879304492589       10.04979944212295        0.00080213002346       -0.00036522987223        0.00004724746346
    150       11.57974853766471        9.68567522441740        9.22653773929031       -0.00029838664610        0.00146808804615       -0.00108724772653
    151        9.96652414257985       10.09203733864947       10.04738753186213       -0.00003368108720       -0.00006795647886        0.00007246391689
    151        8.93915245912723        8.55733130370923       10.04997766953840        0.00081444556320       -0.00036597208127        0.00004182788233
    151       11.57852244949958        9.69153146182957        9.22219894870001       -0.00031456035641        0.00145995755018       -0.00108217975856
    152        9.96639003837724       10.09176674117787       10.04767765453736       -0.00003336543680       -0.00006731697122        0.00007256829155
    152        8.94243458241533        8.55586526827576       10.05013406518161        0.00082646928665       -0.00036731369024        0.00003633233299
    152       11.57723205481347        9.69735488481886        9.21788030122181       -0.00033052031138        0.00145169758807       -0.00107722277975
    153        9.96625721908543       10.09149880287968       10.04796807819450       -0.00003305225886       -0.00006663511944        0.00007262185611
    153        8.94576421342043        8.55439279418728       10.05026832820232        0.00083819101970       -0.00036913817762        0.00003076835270
    153       11.57587828700853        9.70314504253416        9.21358116646200       -0.00034622303632        0.00144333524597       -0.00107246676598
    154        9.96612562030634       10.09123366022233       10.04825862938622       -0.00003277313041       -0.00006591738435        0.00007265580885
    154        8.94914011057296        8.55291216285483       10.05038021200324        0.00084959653680       -0.00037137471175        0.00002515075739
    154       11.57446227052289        9.70890156678664        9.20930056709393       -0.00036162207462        0.00143488288962       -0.00106797886735
    155        9.96599503404216       10.09097146380487       10.04854932466533       -0.00003255323953       -0.00006515872514        0.00007271608389
    155        8.95256098571484        8.55142179649327       10.05046953426145        0.00086068147969       -0.00037402604574        0.00001949085472
    155       11.57298531041155        9.71462410565115        9.20503733552324       -0.00037667944440        0.00142633656698       -0.00106378323595
    156        9.96586519439011       10.09071239042123       10.04884035805734       -0.00003239177235       -0.00006435532539        0.00007283507471
    156        8.95602556241049        8.54991995448893       10.05053613884098        0.00087144984024       -0.00037715274831        0.00001378824493
    156       11.57144883496768        9.72031225932245        9.20079030120631       -0.00039136985268        0.00141767743226       -0.00105986243435
    157        9.96573589986336       10.09045662120178       10.04913200526305       -0.00003226440425       -0.00006350579301        0.00007302337921
    157        8.95953258443678        8.54840457450678       10.05057984022085        0.00088190494799       -0.00038084659669        0.00000803362664
    157       11.56985435159014        9.72596552510923        9.19655843604841       -0.00040567369399        0.00140887263151       -0.00105617169812
    158        9.96560707915611       10.09020434407718       10.04942454509100       -0.00003213757579       -0.00006260664174        0.00007327611205
    158        8.96308080199441        8.54687318171540       10.05060040785410        0.00089204859804       -0.00038522171335        0.00000221633689
    158       11.56820344541572        9.73158324037455        9.19234092762135       -0.00041957240676        0.00139988098785       -0.00105265671564
    159        9.96547879925703       10.08995576806787       10.04971821415946       -0.00003198074361       -0.00006165188591        0.00007358116923
    159        8.96666897322107        8.54532280079997       10.05059757091595        0.00090187895265       -0.00039039595783       -0.00000367724845
    159       11.56649777233605        9.73716457301199        9.18813718232327       -0.00043305574202        0.00139067286590       -0.00104926790165
    160        9.96535123320725       10.08971112898993       10.05001319444485       -0.00003177595042       -0.00006063454713        0.00007392937484
    160        8.97029583361561        8.54375001405276       10.05057098986653        0.00091138283523       -0.00039644769152       -0.00000966715557
    160       11.56473899947954        9.74270862330172        9.18394678440816       -0.00044613290386        0.00138125024963       -0.00104597384558
    161        9.96522459165364       10.08947069169080       10.05030964915819       -0.00003152177563       -0.00005955002473        0.00007431902474
    161        8.97396003590291        8.54215121926784       10.05052023367135        0.00092053796188       -0.00040339202375       -0.00001577156558
    161       11.56292870910518        9.74821457500899        9.17976939155866       -0.00045883709342        0.00137164403703       -0.00104277672919
    162        9.96509905900218       10.08923472879209       10.05060774664276       -0.00003122692977       -0.00005840377653        0.00007474213594
    162        8.97766013731066        8.54052287786275       10.05044481734192        0.00092932450346       -0.00041120076286       -0.00002199726603
    162       11.56106830273217        9.75368177559794        9.17560457057465       -0.00047122187812        0.00136189589978       -0.00103971051502
    163        9.96497477621550       10.08900346147858       10.05090758624574       -0.00003090107916       -0.00005721425621        0.00007516694031
    163        8.98139463193059        8.53886161316499       10.05034425554308        0.00093772692852       -0.00041982631434       -0.00002834061253
    163       11.55915893408022        9.75910974220725        9.17145170743853       -0.00048334675416        0.00135204603153       -0.00103680908514
    164        9.96485185036892       10.08877701474239       10.05120908216522       -0.00003055252638       -0.00005600283196        0.00007554581218
    164        8.98516195273883        8.53716426734800       10.05021809244169        0.00094572433822       -0.00042920111274       -0.00003478792530
    164       11.55720152869889        9.76449814385018        9.16731009789353       -0.00049525021669        0.00134212298467       -0.00103407217162
    165        9.96473035600446       10.08855543882288       10.05151195274316       -0.00003018929646       -0.00005478088532        0.00007584519018
    165        8.98896042663635        8.53542800426310       10.05006595214071        0.00095328291253       -0.00043923411257       -0.00004130748128
    165       11.55519693234671        9.76984672608457        9.16317913006560       -0.00050692877671        0.00133212791608       -0.00103146107184
    166        9.96461033599724       10.08833876765985       10.05181584368669       -0.00002981770486       -0.00005354701513        0.00007606560878
    166        8.99278821603909        8.53365039444743       10.04988763259149        0.00096035492830       -0.00044981950098       -0.00004784486480
    166       11.55314609848520        9.77515516717878        9.15905840931877       -0.00051834775884        0.00132203396368       -0.00102892110020
    167        9.96449181436560       10.08812706270186       10.05212047761343       -0.00002944243881       -0.00005229092879        0.00007623826655
    167        8.99664326606277        8.53182944825523       10.04968319322234        0.00096688469810       -0.00046084583009       -0.00005433366880
    167       11.55105015027597        9.78042299779402        9.15494776126397       -0.00052947669464        0.00131181495544       -0.00102641248056
    168        9.96437479648680       10.08792044022954       10.05242574981909       -0.00002907255471       -0.00005099647780        0.00007641212152
    168        9.00052329362386        8.52996362780674       10.04945296324113        0.00097282585521       -0.00047220605962       -0.00006072181577
    168       11.54891028492811        9.78564968682232        9.15084710947430       -0.00054031075470        0.00130147312940       -0.00102393661345
    169        9.96425923392788       10.08771909087949       10.05273177458559       -0.00002872650170       -0.00004964661131        0.00007664081286
    169        9.00442587290442        8.52805179977830       10.04919741869615        0.00097816307968       -0.00048381970019       -0.00006699689977
    169       11.54672766423838        9.79083478282924        9.14675626835637       -0.00055085940887        0.00129103368012       -0.00102154641657
    170        9.96414498447322       10.08752326733905       10.05303887632199       -0.00002842615619       -0.00004823287505        0.00007696241980
    170        9.00834859826129        8.52609307020524       10.04891698804299        0.00098291920305       -0.00049565384284       -0.00007318348634
    170       11.54450340965717        9.79597795626331        9.14267473814175       -0.00056112798354        0.00128052594160       -0.00101933445094
    171        9.96403182467838       10.08733322787911       10.05334747394396       -0.00002818257675       -0.00004676163041        0.00007737483941
    171        9.01228922652884        8.52408656903559       10.04861195080543        0.00098714277461       -0.00050771842008       -0.00007931458998
    171       11.54223864037009        9.80107899036205        9.13860159274883       -0.00057111971029        0.00126998595080       -0.00101740273148
    172        9.96391952385921       10.08714917429580       10.05365787503726       -0.00002798750328       -0.00004524937615        0.00007783215649
    172        9.01624574045817        8.52203132284458       10.04828247132317        0.00099089161460       -0.00052004124367       -0.00008541601148
    172       11.53993445197487        9.80613784386974        9.13453551628992       -0.00058084225503        0.00125946599190       -0.00101582904258
    173        9.96380792465217       10.08697123286990       10.05397013119587       -0.00002781843971       -0.00004371169183        0.00007827609701
    173        9.02021635944564        8.51992623908625       10.04792862271355        0.00099422461094       -0.00053265409540       -0.00009151952127
    173       11.53759190232983        9.81115471829724        9.13047496040821       -0.00059029145312        0.00124901742999       -0.00101464919512
    174        9.96369697634154       10.08679948076114       10.05428408381330       -0.00002765113883       -0.00004215696854        0.00007867507748
    174        9.02419953734565        8.51777009008135       10.04755031515301        0.00099720030592       -0.00054560100629       -0.00009767660704
    174       11.53521212034990        9.81612998330969        9.12641832272900       -0.00059943161421        0.00123866063670       -0.00101385631761
    175        9.96358671554154       10.08663397712159       10.05459953181570       -0.00002746972501       -0.00004058937857        0.00007903309276
    175        9.02819396189300        8.51556143103591       10.04714720985724        0.00099987680944       -0.00055894372165       -0.00010394652210
    175       11.53279644941612        9.82106400339085        9.12236410986729       -0.00060820616807        0.00122837790573       -0.00101340213434
    176        9.96347721854150       10.08647476573258       10.05491634855542       -0.00002727075633       -0.00003901445420        0.00007936943093
    176        9.03219855182115        8.51329854030816       10.04671874297622        0.00100230949256       -0.00057274133285       -0.00011036068691
    176       11.53034647100533        9.82595700655557        9.11831110565430       -0.00061655996730        0.00121812641887       -0.00101320661043
    177        9.96336854949088       10.08632186148797       10.05523448726310       -0.00002706236906       -0.00003743824745        0.00007970013986
    177        9.03621243783349        8.51097950037310       10.04626432436196        0.00100454905431       -0.00058701509417       -0.00011689149471
    177       11.52786396967775        9.83080901474183        9.11425845698383       -0.00062443700944        0.00120785235547       -0.00101319153907
    178        9.96326071958900       10.08617525975300       10.05555394967427       -0.00002686065540       -0.00003586060321        0.00008003860246
    178        9.04023494425565        8.50860241955479       10.04578361101850        0.00100664697809       -0.00060172545752       -0.00012346396133
    178       11.52535097492983        9.83561982539936        9.11020557334174       -0.00063176736608        0.00119751408740       -0.00101331415478
    179        9.96315366424771       10.08603497666226       10.05587479608278       -0.00002668388014       -0.00003427324579        0.00008040573749
    179        9.04426561365818        8.50616569671292       10.04527661267132        0.00100866423707       -0.00061677671623       -0.00013000551508
    179       11.52280983074914        9.84038912744100        9.10615194374558       -0.00063847436113        0.00118711809456       -0.00101356565201
    180        9.96304724854791       10.08590107378671       10.05619719557417       -0.00002654349030       -0.00003267028392        0.00008083040208
    180        9.04830425815218        8.50366820582495       10.04474356689784        0.00101067070362       -0.00063204797722       -0.00013647629196
    180       11.52024318004078        9.84511677015584        9.10209704812565       -0.00064449391325        0.00117673629179       -0.00101394720341
    181        9.96294131632531       10.08577361439089       10.05652143929941       -0.00002643534326       -0.00003106369154        0.00008133156642
    181        9.05235097928714        8.50110931289512       10.04418480233562        0.00101273649851       -0.00064742622383       -0.00014285520263
    181       11.51765387944317        9.84980301777530        9.09804036611833       -0.00064978435110        0.00116647949049       -0.00101445631663
    182        9.96283576580187       10.08565256425441       10.05684784810556       -0.00002634178436       -0.00002948559155        0.00008189847327
    182        9.05640615014030        8.49848879603431       10.04360072527680        0.00101492434451       -0.00066280659780       -0.00014912084754
    182       11.51504490523198        9.85444860607978        9.09398139759259       -0.00065432869043        0.00115644538178       -0.00101508661027
    183        9.96273058205044       10.08553772965845       10.05717662708559       -0.00002624822325       -0.00002796830104        0.00008249414724
    183        9.06047037404323        8.49580686011273       10.04299183555530        0.00101728401207       -0.00067806847952       -0.00015525554155
    183       11.51241924991970        9.85905458082951        9.08991967323614       -0.00065813765013        0.00114667703176       -0.00101583109524
    184        9.96262578001586       10.08542881784611       10.05750780128344       -0.00002615760769       -0.00002651877117        0.00008308046427
    184        9.06454442223685        8.49306424819817       10.04235868094439        0.00101985266893       -0.00069307859949       -0.00016126214834
    184       11.50977980403098        9.86362202233389        9.08585474883068       -0.00066124962138        0.00113714817395       -0.00101668782150
    185        9.96252132118892       10.08532557948912       10.05784127079973       -0.00002608465560       -0.00002511574223        0.00008363685459
    185        9.06862919539470        8.49026223131684       10.04170173836860        0.00102266249010       -0.00070772465820       -0.00016717705886
    185       11.50712925294867        9.86815176622109        9.08178617066418       -0.00066372594594        0.00112777309789       -0.00101766355102
    186        9.96241710277108       10.08522789190828       10.05817689612019       -0.00002603987397       -0.00002373215838        0.00008416028456
    186        9.07272572215766        8.48740245093255       10.04102126447355        0.00102573720539       -0.00072192362798       -0.00017306137349
    186       11.50446999646348        9.87264420711698        9.07771344042255       -0.00066564903836        0.00111843881625       -0.00101877458054
    187        9.96231300219713       10.08513572222204       10.05851455307617       -0.00002602759551       -0.00002235405287        0.00008466105341
    187        9.07683509303782        8.48448684229302       10.04031724738067        0.00102907093308       -0.00073559588145       -0.00017896876841
    187       11.50180406064177        9.87709927675110        9.07363597401988       -0.00066712256832        0.00110905378225       -0.00102005722065
    188        9.96220888200699       10.08504905948536       10.05885418454745       -0.00002605480679       -0.00002097829982        0.00008516310660
    188        9.08095828962231        8.48151768388095       10.03958951432628        0.00103261851944       -0.00074865771348       -0.00018492220721
    188       11.49913301591695        9.88151663737501        9.06955298265733       -0.00066826033490        0.00109958538820       -0.00102158089745
    189        9.96210456374284       10.08496789582346       10.05919585792899       -0.00002612646210       -0.00001960550114        0.00008569760846
    189        9.08509604119338        8.47849758058520       10.03883786972298        0.00103631587382       -0.00076104459117       -0.00019091303416
    189       11.49645797796260        9.88589595985671        9.06546332684031       -0.00066916325467        0.00109005277248       -0.00102342791474
    190        9.96199987031017       10.08489221547620       10.05953976541515       -0.00002622925880       -0.00001824510067        0.00008628163562
    190        9.08924881661287        8.47542932715156       10.03806221005300        0.00104010778783       -0.00077272390029       -0.00019689847299
    190       11.49377970987959        9.89023705955485        9.06136555933939       -0.00066990414382        0.00108048683675       -0.00102564071181
    191        9.96189472967241       10.08482193501809       10.05988611101398       -0.00002633343017       -0.00001692298103        0.00008689630394
    191        9.09341690349605        8.47231578938285       10.03726268193904        0.00104395570109       -0.00078367647898       -0.00020279973177
    191       11.49109874481204        9.89453985455070        9.05725820114585       -0.00067052985069        0.00107090962193       -0.00102819628315
    192        9.96178920286882       10.08475683162798       10.06023493584664       -0.00002642148647       -0.00001567368917        0.00008749163813
    192        9.09760046222162        8.46915991531971       10.03643981219884        0.00104782347098       -0.00079386228082       -0.00020852607362
    192       11.48841547107406        9.89880433653028        9.05313998907419       -0.00067106890218        0.00106134933596       -0.00103103229999
    193        9.96168335778064       10.08469654550472       10.06058604411899       -0.00002651569066       -0.00001451749687        0.00008802627351
    193        9.10179949126386        8.46596489113629       10.03559447335011        0.00105166449945       -0.00080320246378       -0.00021401241615
    193       11.48573019359458        9.90303064923837        9.04900994274594       -0.00067153528912        0.00105185600791       -0.00103407340099
    194        9.96157707734353       10.08464069165298       10.06093914603468       -0.00002667131405       -0.00001344253323        0.00008850785827
    194        9.10601377821720        8.46273429560947       10.03472771286962        0.00105543825334       -0.00081161177956       -0.00021924033717
    194       11.48304318876109        9.90721918459354        9.04486740186624       -0.00067193034203        0.00104250108066       -0.00103723099921
    195        9.96146998726826       10.08458900523886       10.06129410698514       -0.00002693247500       -0.00001241443832        0.00008898768757
    195        9.11024299729058        8.45947199689983       10.03384055065276        0.00105914621773       -0.00081906240861       -0.00022423470865
    195       11.48035475085835        9.91137065788364        9.04071209475225       -0.00067224831256        0.00103337363974       -0.00104041336307
    196        9.96136161754351       10.08454137614642       10.06165104753522       -0.00002728766477       -0.00001141016989        0.00008951149783
    196        9.11448694795907        8.45618179634060       10.03293383520041        0.00106284086845       -0.00082560432871       -0.00022903687663
    196       11.47766520226063        9.91548617371146        9.03654409496165       -0.00067249087973        0.00102456794542       -0.00104355348081
    197        9.96125168595009       10.08449772387971       10.06201019896779       -0.00002767277306       -0.00001044160815        0.00009007978162
    197        9.11874572423821        8.45286716227012       10.03200825563972        0.00106659426318       -0.00083131958642       -0.00023366953962
    197       11.47497482382051        9.91956720144696        9.03236366690574       -0.00067268269079        0.00101615687766       -0.00104662000751
    198        9.96114023535903       10.08445784328124       10.06237168578818       -0.00002802227905       -0.00000954355243        0.00009065579429
    198        9.12301970206451        8.44953123964924       10.03106447888347        0.00107046535544       -0.00083627446620       -0.00023812619832
    198       11.47228374073428        9.92361542873275        9.02817113490154       -0.00067287056234        0.00100817233389       -0.00104960796802
    199        9.96102750771766       10.08442137546027       10.06273544532209       -0.00002831473922       -0.00000874186687        0.00009120390251
    199        9.12730944708170        8.44617696654051       10.03010324605319        0.00107449367513       -0.00084051007532       -0.00024239062558
    199       11.46959185932183        9.92763258011805        9.02396680316161       -0.00067311066577        0.00100059892493       -0.00105252241949
    200        9.96091371744529       10.08438790834632       10.06310131700827       -0.00002857258493       -0.00000803447589        0.00009171708049
    200        9.13161565146557        8.44280715904670       10.02912535387883        0.00107870661153       -0.00084404515758       -0.00024646109886
    200       11.46689885540809        9.93162022013220        9.01975095554560       -0.00067346083961        0.00099337333166       -0.00105535140505
    201        9.96079892703820       10.08435709965315       10.06346918196598       -0.00002883253332       -0.00000739760959        0.00009221332383
    201        9.13593909997391        8.43942460527991       10.02813155726231        0.00108312376530       -0.00084687664924       -0.00025036552204
    201       11.46420417260499        9.93557956677137        9.01552399192117       -0.00067396862578        0.00098640625770       -0.00105804888982
    202        9.96068305717870       10.08432872746956       10.06383902359890       -0.00002912064439       -0.00000680772733        0.00009271129921
    202        9.14028064158800        8.43603214585275       10.02712242970252        0.00108776119139       -0.00084899365163       -0.00025416320862
    202       11.46150710640182        9.93951147019381        9.01128656442707       -0.00067464289152        0.00097962393840       -0.00106055787502
    203        9.96056596188311       10.08430263783450       10.06421087235963       -0.00002944370292       -0.00000626174064        0.00009320948178
    203        9.14464118950502        8.43263265606689       10.02609825159338        0.00109264216999       -0.00085039555200       -0.00025793081747
    203       11.45880702947285        9.94341655827855        9.00703952892101       -0.00067543610820        0.00097298505604       -0.00106284981607
    204        9.96044750755535       10.08427863354443       10.06458469945315       -0.00002979422356       -0.00000577964625        0.00009368430542
    204        9.14902177894793        8.42922898143672       10.02505898316273        0.00109780543798       -0.00085108966154       -0.00026174400492
    204       11.45610361753621        9.94729535064213        9.00278376589849       -0.00067626326757        0.00096647059909       -0.00106493878400
    205        9.96032760809466       10.08425640066453       10.06496034680299       -0.00003016406063       -0.00000538680858        0.00009410412459
    205        9.15342363300883        8.42582393877455       10.02400429955401        0.00110329462745       -0.00085107586484       -0.00026566056575
    205       11.45339692333232        9.95114832307125        8.99852001864903       -0.00067703714048        0.00096008445297       -0.00106687107983
    206        9.96020619507029       10.08423553907582       10.06533753244983       -0.00003055576548       -0.00000509119266        0.00009444816404
    206        9.15784813596756        8.42242037451803       10.02293369863672        0.00110913346771       -0.00085033940415       -0.00026969931569
    206       11.45068732041238        9.95497602626587        8.99424879725984       -0.00067769507456        0.00095385874272       -0.00106870688046
    207        9.96008316197085       10.08421567112324       10.06571593211531       -0.00003098007321       -0.00000487475065        0.00009472254778
    207        9.16229670075050        8.41902122354139       10.02184670502853        0.00111531136069       -0.00084885187556       -0.00027382760916
    207       11.44797536273582        9.95877919301298        8.98997036360539       -0.00067822168198        0.00094784633404       -0.00107049845320
    208        9.95995835448464       10.08419654107066       10.06609531283205       -0.00003143936758       -0.00000470477265        0.00009496386342
    208        9.16677062685307        8.41562955951355       10.02074307776342        0.00112179453713       -0.00084657829315       -0.00027797093255
    208       11.44526154695652        9.96255879693815        8.98568480963425       -0.00067865905100        0.00094211715911       -0.00107226507101
    209        9.95983164703020       10.08417803294205       10.06647564302265       -0.00003191073750       -0.00000455625451        0.00009522082692
    209        9.17127105704754        8.41224859719619       10.01962293756809        0.00112855547091       -0.00084349362464       -0.00028203132751
    209       11.44254609032779        9.96631613028589        8.98139224303734       -0.00067907682397        0.00093674722277       -0.00107396613538
    210        9.95970306858463       10.08416009103455       10.06685707944742       -0.00003234682932       -0.00000443201010        0.00009552110996
    210        9.17579907062037        8.40888161051645       10.01848682714331        0.00113559322315       -0.00083958928350       -0.00028590590052
    210       11.43982893236479        9.97005277472032        8.97709308055123       -0.00067952034880        0.00093177679235       -0.00107549529190
    211        9.95957287239560       10.08414257686127       10.06723981190235       -0.00003270158926       -0.00000436938015        0.00009584950583
    211        9.18035580283278        8.40553188292822       10.01733569036392        0.00114291612393       -0.00083484771584       -0.00028950585570
    211       11.43710992753736        9.97377034462470        8.97278828070211       -0.00067999781395        0.00092718293345       -0.00107672386536
    212        9.95944145587058       10.08412513599338       10.06762387549408       -0.00003296620976       -0.00000442444414        0.00009615841028
    212        9.18494239961184        8.40220282878973       10.01617078029773        0.00115050023605       -0.00082920900551       -0.00029276256700
    212       11.43438894985317        9.97747023818795        8.96847928962834       -0.00068051546020        0.00092290841086       -0.00107756078558
    213        9.95930914271748       10.08410718130813       10.06800907918463       -0.00003318626029       -0.00000463532591        0.00009640363832
    213        9.18955980472121        8.39889821088411       10.01499358982795        0.00115827504482       -0.00082256992929       -0.00029562284766
    213       11.43166580385574        9.98115361191154        8.96416779441750       -0.00068110454947        0.00091890064317       -0.00107796439595
    214        9.95917596578822       10.08408805338610       10.06839510460061       -0.00003343905715       -0.00000498942124        0.00009657724167
    214        9.19420859997042        8.39562226935541       10.01380579751645        0.00116615488121       -0.00081481917236       -0.00029805399140
    214       11.42894011345737        9.98482144333331        8.95985557446072       -0.00068181567295        0.00091511700283       -0.00107791519670
    215        9.95904163026032       10.08406726593820       10.06878169711797       -0.00003378076532       -0.00000542658994        0.00009671267229
    215        9.19888904377086        8.39237965750519       10.01260915789678        0.00117408321447       -0.00080588881080       -0.00030005094918
    215       11.42621127847218        9.98847454793422        8.95554447284390       -0.00068271363297        0.00091152043825       -0.00107740828983
    216        9.95890571966569       10.08404464066659       10.06916880597895       -0.00003420451992       -0.00000587996931        0.00009685747336
    216        9.20360126568614        8.38917515886904       10.01140538992299        0.00118205784485       -0.00079579494573       -0.00030163587418
    216       11.42347840439359        9.99211360683930        8.95123630814212       -0.00068388506175        0.00090808513125       -0.00107647265910
    217        9.95876799410092       10.08402022618374       10.06955655690487       -0.00003464781702       -0.00000631988671        0.00009703180076
    217        9.20834550652965        8.38601329793936       10.01019607090337        0.00119012320997       -0.00078463158943       -0.00030286914805
    217       11.42074019797820        9.99573922898425        8.94693269157112       -0.00068543234411        0.00090480101045       -0.00107518239994
    218        9.95862853712949       10.08399408157287       10.06994506038501       -0.00003504245346       -0.00000676601709        0.00009720801373
    218        9.21312225136594        8.38289810615357       10.00898243673863        0.00119832817769       -0.00077251784485       -0.00030385886957
    218       11.41799494564073        9.99935201492291        8.94263484894262       -0.00068745120890        0.00090167481359       -0.00107364199530
    219        9.95848765447327       10.08396609804703       10.07033422101475       -0.00003536124991       -0.00000726309219        0.00009733506844
    219        9.21793213195114        8.37983315518055       10.00776519994680        0.00120667655359       -0.00075955145693       -0.00030472814531
    219       11.41524058830702       10.00295262749294        8.93834355560868       -0.00069001884069        0.00089873028786       -0.00107194623859
    220        9.95834564713025       10.08393597683538       10.07072374093250       -0.00003562526504       -0.00000784407190        0.00009738617456
    220        9.22277566379466        8.37682169449812       10.00654461157615        0.00121510942091       -0.00074580072517       -0.00030556337515
    220       11.41247479491521       10.00654185722579        8.93405927903389       -0.00069319640849        0.00089600217709       -0.00107013024508
    221        9.95820265235295       10.08390334547179       10.07111331041123       -0.00003587377032       -0.00000851049373        0.00009737923557
    221        9.22765300731841        8.37386674937919       10.00532069294558        0.00122352640485       -0.00073131612940       -0.00030640011369
    221       11.40969501703912       10.01012064490969        8.92978251364807       -0.00069702302312        0.00089352322893       -0.00106814267213
    222        9.95805865696772       10.08386789288557       10.07150277481705       -0.00003612538845       -0.00000924098244        0.00009735039101
    222        9.23256387503350        8.37097116546294       10.00409341066660        0.00123182226832       -0.00071614826276       -0.00030724026491
    222       11.40689861073022       10.01369004305721        8.92551413765682       -0.00070149509757        0.00089131050683       -0.00106586496610
    223        9.95791364924534       10.08382941761226       10.07189211353930       -0.00003636139020       -0.00001001451413        0.00009731204901
    223        9.23750758546499        8.36813756327709       10.00286277082628        0.00123991128370       -0.00070037032134       -0.00030806327448
    223       11.40408305625859       10.01725112896433        8.92125559391927       -0.00070655495347        0.00088936402344       -0.00106317009937
    224        9.95776776584613       10.08378777677252       10.07228127120912       -0.00003654557510       -0.00001082652730        0.00009723605863
    224        9.24248316530309        8.36536820289223       10.00162890447078        0.00124772738949       -0.00068408629583       -0.00030882717734
    224       11.40124617110243       10.02080495524472        8.91700877686184       -0.00071210720765        0.00088768740854       -0.00105999324689
    225        9.95762128464457       10.08374280539386       10.07267000200834       -0.00003666342635       -0.00001168491845        0.00009707341410
    225        9.24748940458092        8.36266487291045       10.00039215340759        0.00125521820546       -0.00066741637685       -0.00030946930948
    225       11.39838619859735       10.02435262823263        8.91277564794415       -0.00071804772193        0.00088631144552       -0.00105637204168
    226        9.95747445843531       10.08369429742494       10.07305785852196       -0.00003674062274       -0.00001259109565        0.00009679197814
    226        9.25252491094675        8.36002887187741        9.99915314999495        0.00126235471147       -0.00065047668416       -0.00030991288730
    226       11.39550178932703       10.02789544680885        8.90855780052841       -0.00072427794273        0.00088528891164       -0.00105242261236
    227        9.95732735966263       10.08364207662865       10.07344433783346       -0.00003681982635       -0.00001352755311        0.00009640246587
    227        9.25758824227268        8.35746105943716        9.99791285030920        0.00126914384902       -0.00063336463188       -0.00031008330563
    227       11.39259197505550       10.03143493952578        8.90435626704530       -0.00073070299860        0.00088466137556       -0.00104826819032
    228        9.95717989982451       10.08358607700008       10.07382907824892       -0.00003692124590       -0.00001446840244        0.00009595533549
    228        9.26267806173890        8.35496195482240        9.99667248354994        0.00127562655952       -0.00061615433384       -0.00030991870474
    228       11.38965616533824       10.03497273781336        8.90017165500583       -0.00073723221749        0.00088442703407       -0.00104397872530
    229        9.95703198969546       10.08352632940916       10.07421198051741       -0.00003702909085       -0.00001540364488        0.00009551424642
    229        9.26779325474885        8.35253182476644        9.99543350067124        0.00128187095162       -0.00059890529718       -0.00030936363872
    229       11.38669411731561       10.03851035579832        8.89600443724293       -0.00074379008056        0.00088453626216       -0.00103955518633
    230        9.95688366709771       10.08346284784107       10.07459319222031       -0.00003711196846       -0.00001635425415        0.00009512113998
    230        9.27293302935189        8.35017071244493        9.99419757444019        0.00128796102083       -0.00058166533772       -0.00030837441891
    230       11.38370584469377       10.04204902791063        8.89185521351519       -0.00075033053317        0.00088492193112       -0.00103493987876
    231        9.95673509394779       10.08339549537597       10.07497294963727       -0.00003714949658       -0.00001736601970        0.00009476927203
    231        9.27809694291546        8.34787850206465        9.99296650531999        0.00129396632463       -0.00056445253964       -0.00030695374043
    231       11.38069147305022       10.04558973124728        8.88772491821283       -0.00075684712159        0.00088553856880       -0.00103002945375
    232        9.95658647112511       10.08332391968348       10.07535134639656       -0.00003714173957       -0.00001848453414        0.00009440646399
    232        9.28328475994893        8.34565509212782        9.99174194451676        0.00129990839349       -0.00054724640727       -0.00030517041875
    232       11.37765106772107       10.04913333646105        8.88361497788522       -0.00076337263028        0.00088637427425       -0.00102469666104
    233        9.95643796003124       10.08324761910286       10.07572820134915       -0.00003710179228       -0.00001972424042        0.00009397580059
    233        9.28849621006340        8.34350053080646        9.99052514197002        0.00130575577535       -0.00053001491186       -0.00030312402353
    233       11.37458449200801       10.05268072544127        8.87952734492452       -0.00076996154320        0.00088743979117       -0.00101882639796
    234        9.95628965678688       10.08316612576008       10.07610315280128       -0.00003704221007       -0.00002105313516        0.00009346087568
    234        9.29373080615170        8.34141497283293        9.98931695232854        0.00131145134090       -0.00051274873670       -0.00030089147801
    234       11.37149137537550       10.05623285479040        8.87546436670151       -0.00077666048817        0.00088876427623       -0.00101234998710
    235        9.95614162235072       10.08307919402160       10.07647588835460       -0.00003696441174       -0.00002240636864        0.00009289445638
    235        9.29898782079063        8.33939854091289        9.98811801014598        0.00131695345372       -0.00049547137570       -0.00029851725163
    235       11.36837120810267       10.05979083965113        8.87142854502769       -0.00078348996857        0.00089039530412       -0.00100526235001
    236        9.95599394149296       10.08298687481099       10.07684630845232       -0.00003685611538       -0.00002371851656        0.00009233027940
    236        9.30426643378150        8.33745120182729        9.98692881431546        0.00132226119237       -0.00047823699444       -0.00029604154104
    236       11.36522345562696       10.06335601722339        8.86742226790147       -0.00079045574692        0.00089238205493       -0.00099761691169
    237        9.95584677342765       10.08288944588914       10.07721453058977       -0.00003669684991       -0.00002495359742        0.00009180729746
    237        9.30956591032960        8.33557264495735        9.98574967781763        0.00132739474787       -0.00046112651302       -0.00029351153332
    237       11.36204756212734       10.06692989609053        8.86344760973421       -0.00079757567573        0.00089474978312       -0.00098949972282
    238        9.95570036669364       10.08278724603162       10.07758076683201       -0.00003646999416       -0.00002611756916        0.00009132751168
    238        9.31488559176449        8.33376218972312        9.98458072204893        0.00133234910594       -0.00044422657760       -0.00029096100460
    238       11.35884285022114       10.07051401548831        8.85950627011892       -0.00080489138380        0.00089748894216       -0.00098100248489
    239        9.95555501347438       10.08268050533586       10.07794515068322       -0.00003617756964       -0.00002724578685        0.00009085573184
    239        9.32022470317712        8.33201883233658        9.98342198978083        0.00133707300818       -0.00042759405057       -0.00028839537723
    239       11.35560843105697       10.07410980762779        8.85559958985508       -0.00081245929882        0.00090056028164       -0.00097221489967
    240        9.95541094613656       10.08256927973680       10.07830761268676       -0.00003584454957       -0.00002837355553        0.00009033981629
    240        9.32558217582991        8.33034143731854        9.98227355903106        0.00134147932643       -0.00041123770642       -0.00028580122599
    240       11.35234317583060       10.07771849774144        8.85172855092153       -0.00082033889258        0.00090390280775       -0.00096322261598
    241        9.95526825707786       10.08245351689165       10.07866786921356       -0.00003550128213       -0.00002951588430        0.00008973426021
    241        9.33095653778860        8.32872893068523        9.98113557997293        0.00134545392997       -0.00039513279055       -0.00028315867107
    241       11.34904571991636       10.08134103008976        8.84789380892725       -0.00082858316326        0.00090744279619       -0.00095409024648
    242        9.95512693587953       10.08233315266238       10.07902548676842       -0.00003515824538       -0.00003067165916        0.00008901133575
    242        9.33634580726967        8.32718037499413        9.98000828966251        0.00134886454650       -0.00037925259206       -0.00028043880865
    242       11.34571451052456       10.08497804011099        8.84409582894968       -0.00083722193661        0.00091111112643       -0.00094484521478
    243        9.95498699111482       10.08220814361840       10.07937995989953       -0.00003480178625       -0.00003183523885        0.00008816541778
    243        9.34174745416061        8.32569490994875        9.97889206950375        0.00135159276144       -0.00036360002988       -0.00027759249330
    243       11.34234794442349       10.08862991910121        8.84033504720904       -0.00084624189702        0.00091486589967       -0.00093548541806
    244        9.95484852158949       10.08207847075160       10.07973081011066       -0.00003441461359       -0.00003299465379        0.00008722001202
    244        9.34715854936121        8.32427157475507        9.97778754971608        0.00135357881984       -0.00034823224253       -0.00027454555507
    244       11.33894457534842       10.09229696730832        8.83661194560517       -0.00085557924313        0.00091870534840       -0.00092600133884
    245        9.95471167420612       10.08194418638808       10.08007771999567       -0.00003399467137       -0.00003412564810        0.00008622931171
    245        9.35257608471934        8.32290905200851        9.97669570506317        0.00135484708295       -0.00033326483637       -0.00027121114803
    245       11.33550331047845       10.09597956188842        8.83292703649831       -0.00086512987392        0.00092266263402       -0.00091638932921
    246        9.95457656421851       10.08180546556678       10.08042064460437       -0.00003355154551       -0.00003520369593        0.00008526132650
    246        9.35799732602482        8.32160545606413        9.97561786053186        0.00135549356406       -0.00031884191532       -0.00026751305782
    246       11.33202353635708       10.09967826838051        8.82928083097146       -0.00087477066646        0.00092679102991       -0.00090664694820
    247        9.95444326184203       10.08166255682061       10.08075981060770       -0.00003308838552       -0.00003622935929        0.00008436505385
    247        9.36342003323185        8.32035831668596        9.97455560060063        0.00135564338769       -0.00030508289199       -0.00026340038804
    247       11.32850514514675       10.10339389012767        8.82567386091273       -0.00088438636130        0.00093115255998       -0.00089675825456
    248        9.95431185713433       10.08151563069247       10.08109556503518       -0.00003259326294       -0.00003723618358        0.00008354201167
    248        9.36884247312635        8.31916479292822        9.97351065742756        0.00135541097270       -0.00029204006792       -0.00025885045256
    248       11.32494844546666       10.10712748886037        8.82210676493501       -0.00089389398592        0.00093580820626       -0.00088668657010
    249        9.95418251573853       10.08136466735201       10.08142814670105       -0.00003205174129       -0.00003826537757        0.00008274850919
    249        9.37426332101344        8.31802199614260        9.97248479698013        0.00135488754777       -0.00027969472576       -0.00025387602528
    249       11.32135399325938       10.11088035577773        8.81858036835197       -0.00090325136238        0.00094079588789       -0.00087638712130
    250        9.95405544320401       10.08120950767194       10.08175755310871       -0.00003146554499       -0.00003933084927        0.00008193369788
    250        9.37968157350850        8.31692723512214        9.97147964922535        0.00135414362861       -0.00026799162517       -0.00024853698414
    250       11.31772243456763       10.11465385596347        8.81509566796464       -0.00091244687947        0.00094610213950       -0.00086583442629
    251        9.95393079137860       10.08105002055787       10.08208361628412       -0.00003085232998       -0.00004041103038        0.00008107905249
    251        9.38509647004232        8.31587806314123        9.97049650110698        0.00135322670378       -0.00025688343446       -0.00024293449793
    251       11.31405441822358       10.11844917289376        8.81165369294165       -0.00092148406403        0.00095165874919       -0.00085504312655
    252        9.95380862456418       10.08088621942889       10.08240618552860       -0.00003022476747       -0.00004147384141        0.00008019859109
    252        9.39050738713872        8.31487216764647        9.96953617324191        0.00135215548705       -0.00024635310663       -0.00023718017237
    252       11.31035056205542       10.12226712595699        8.80825532295225       -0.00093037007877        0.00095737406653       -0.00084406207176
    253        9.95368899323883       10.08071822982657       10.08272520501280       -0.00002957490576       -0.00004250499137        0.00007930505638
    253        9.39591371393869        8.31390723828816        9.96859905972802        0.00135091648167       -0.00023641317999       -0.00023136330813
    253       11.30661145759343       10.12610816542597        8.80490119636758       -0.00093910651615        0.00096317326769       -0.00083295325571
    254        9.95357202531806       10.08054617949794       10.08304062597962       -0.00002888430360       -0.00004350852690        0.00007838720025
    254        9.40131471899209        8.31298086220656        9.96768526677685        0.00134946508784       -0.00022710526386       -0.00022554167389
    254       11.30283770992623       10.12997251209853        8.80159169690658       -0.00094768697119        0.00096903160055       -0.00082179155182
    255        9.95345791880999       10.08037016161135       10.08335230261477       -0.00002814867149       -0.00004448263449        0.00007742407463
    255        9.40670943464142        8.31209039617728        9.96679472633693        0.00134773303605       -0.00021850327567       -0.00021974984193
    255       11.29902996182391       10.13386041823036        8.79832686395304       -0.00095610491050        0.00097499309241       -0.00081068076347
    256        9.95334683594612       10.08019031842199       10.08366001857667       -0.00002738831103       -0.00004540498722        0.00007641304566
    256        9.41209658328051        8.31123283600119        9.96592726804144        0.00134563461512       -0.00021070120968       -0.00021399962784
    256       11.29518887064224       10.13777245683785        8.79510625079885       -0.00096435745322        0.00098114774361       -0.00079973762823
    257        9.95323881232175       10.08000692171356       10.08396360698005       -0.00002663337366       -0.00004624980009        0.00007537537955
    257        9.41747451156241        8.31040478649985        9.96508272931422        0.00134307079919       -0.00020378552259       -0.00020827080507
    257       11.29131510219817       10.14170960017922        8.79192896292720       -0.00097243575054        0.00098757379433       -0.00078904393530
    258        9.95313376895682       10.07982032002127       10.08426302161310       -0.00002590240010       -0.00004701388504        0.00007433838245
    258        9.42284114967405        8.30960255182047        9.96426110160087        0.00133994714225       -0.00019781535490       -0.00020251458463
    258       11.28740938463793       10.14567304719250        8.78879389931643       -0.00098031736487        0.00099430987759       -0.00077862759344
    259        9.95303159312097       10.07963081063328       10.08455831403968       -0.00002519583144       -0.00004771543760        0.00007332049364
    259        9.42819408870041        8.30882226366065        9.96346261263719        0.00133619598163       -0.00019281890271       -0.00019667490198
    259       11.28347256327924       10.14966407919993        8.78569994217968       -0.00098797138213        0.00100137734760       -0.00076849055386
    260        9.95293220230533       10.07943859652043       10.08484958556221       -0.00002450315208       -0.00004837069023        0.00007232872058
    260        9.43353071752709        8.30806000059880        9.96268770238502        0.00133176987342       -0.00018879346960       -0.00019071051833
    260       11.27950561358087       10.15368406597330        8.78264597488554       -0.00099536697842        0.00100879492976       -0.00075863556062
    261        9.95283556790435       10.07924384511140       10.08513694380432       -0.00002381065930       -0.00004898392616        0.00007135613549
    261        9.43884824768780        8.30731191590388        9.96193692849053        0.00132662113111       -0.00018570570900       -0.00018460653360
    261       11.27550962745184       10.15773443863798        8.77963085769476       -0.00100248043741        0.00101656142523       -0.00074906310307
    262        9.95274171703090       10.07904672511113       10.08542043464612       -0.00002310832136       -0.00004955839559        0.00007038048728
    262        9.44414368657598        8.30657435492680        9.96121085011622        0.00132071778294       -0.00018350508105       -0.00017837000056
    262       11.27148577008158       10.16181655737514        8.77665347006098       -0.00100930059736        0.00102464321921       -0.00073975677096
    263        9.95265070133344       10.07884737794666       10.08569998770259       -0.00002239797459       -0.00005010281535        0.00006937840119
    263        9.44941398995131        8.30584387525549        9.96050996848607        0.00131408831923       -0.00018215283965       -0.00017201114303
    263       11.26743522267297       10.16593158439166        8.77371280352706       -0.00101582506616        0.00103298179636       -0.00073067783433
    264        9.95256253323417       10.07864590258830       10.08597546185561       -0.00002169307007       -0.00005062308040        0.00006834818907
    264        9.45465639312985        8.30511713220960        9.95983476097196        0.00130683800816       -0.00018164183540       -0.00016553474562
    264       11.26335916955228       10.17008041174603        8.77080804738637       -0.00102205002798        0.00104151253935       -0.00072177533736
    265        9.95247715677285       10.07844239330348       10.08624677321511       -0.00002100360676       -0.00005111482525        0.00006731558317
    265        9.45986869401663        8.30439074057232        9.95918569052109        0.00129912223503       -0.00018198557999       -0.00015895902693
    265       11.25925882244911       10.17426368470643        8.76793860082815       -0.00102796829476        0.00105019232142       -0.00071300819653
    266        9.95239450438012       10.07823698398632       10.08651398652095       -0.00002032139430       -0.00005156681791        0.00006631606878
    266        9.46504937101009        8.30366124756967        9.95856308875648        0.00129111210275       -0.00018319217124       -0.00015233013139
    266       11.25513542319421       10.17848195031743        8.76510398181411       -0.00103357294629        0.00105900873843       -0.00070436231787
    267        9.95231458561848       10.07802985876022       10.08677730176533       -0.00001962308964       -0.00005197052889        0.00006537316096
    267        9.47019759083865        8.30292520320242        9.95796704946999        0.00128297114718       -0.00018524917717       -0.00014569557923
    267       11.25099023887879       10.18273575461387        8.76230370228517       -0.00103885532153        0.00106794816200       -0.00069584557309
    268        9.95223751966302       10.07782121975522       10.08703697180860       -0.00001888602010       -0.00005233076782        0.00006448820075
    268        9.47531314018757        8.30217925415231        9.95739752412264        0.00127483100434       -0.00018811764697       -0.00013905829584
    268       11.24682458062200       10.18702553561341        8.75953721722938       -0.00104380483114        0.00107696952930       -0.00068746809312
    269        9.95216349745771       10.07761121261768       10.08729320737136       -0.00001810069838       -0.00005267086909        0.00006363997824
    269        9.48039623887335        8.30142026202670        9.95685458310329        0.00126676360037       -0.00019173120453       -0.00013235868864
    269       11.24263980022964       10.19135151084829        8.75680395754022       -0.00104841777914        0.00108603009134       -0.00067923419427
    270        9.95209271407598       10.07739985280251       10.08754609163455       -0.00001727469250       -0.00005302225605        0.00006279121496
    270        9.48544724899052        8.30064540451611        9.95633865461349        0.00125877257656       -0.00019601554541       -0.00012549973057
    270       11.23843723838886       10.19571377634417        8.75410334367523       -0.00105270289697        0.00109512068075       -0.00067115515910
    271        9.95202529991775       10.07718703456927       10.08779553709105       -0.00001643056974       -0.00005340069465        0.00006190786015
    271        9.49046641948581        8.29985213766340        9.95585058525875        0.00125081866858       -0.00020092045210       -0.00011840083588
    271       11.23421817705388       10.20011247629426        8.75143471626741       -0.00105667707946        0.00110425858820       -0.00066326049235
    272        9.95196126951807       10.07697264724534       10.08804135451572       -0.00001559883038       -0.00005378973919        0.00006098764424
    272        9.49545379833916        8.29903804089929        9.95539144792642        0.00124285912076       -0.00020642743516       -0.00011104856290
    272       11.22998382175315       10.20454784504974        8.74879725973643       -0.00106036214669        0.00111346192350       -0.00065558916754
    273        9.95190050927472       10.07675671665572       10.08828343824494       -0.00001480789799       -0.00005414819767        0.00006007015365
    273        9.50040929245185        8.29820071818216        9.95496219675554        0.00123486999460       -0.00021252795063       -0.00010350183076
    273       11.22573527988034       10.20902017168227        8.74619000292705       -0.00106378618846        0.00112274309393       -0.00064817641309
    274        9.95184280633417       10.07653946166396       10.08852191574490       -0.00001407556214       -0.00005443554127        0.00005920661656
    274        9.50533275829596        8.29733781729425        9.95456343328036        0.00122684375980       -0.00021920232342       -0.00009585031065
    274       11.22147353224545       10.21352978980119        8.74361184843168       -0.00106697944962        0.00113211389312       -0.00064105592995
    275        9.95178790477758       10.07632123232553       10.08875709117739       -0.00001340369253       -0.00005463400479        0.00005841252741
    275        9.51022404253026        8.29644709959479        9.95419539427031        0.00121877453910       -0.00022641140071       -0.00008817931214
    275       11.21719944428335       10.21807708282724        8.74106155548741       -0.00106996232024        0.00114158521875       -0.00063426736756
    276        9.95173557679396       10.07610238962567       10.08898921596417       -0.00001277773251       -0.00005475282937        0.00005765144611
    276        9.51508295460878        8.29552652608854        9.95385799878325        0.00121064298267       -0.00023409686791       -0.00008056521535
    276       11.21291383368357       10.22266247155122        8.73853770949123       -0.00107273765580        0.00115115991440       -0.00062784957722
    277        9.95168568291751       10.07588320969060       10.08921830274628       -0.00001217359251       -0.00005481806911        0.00005686724216
    277        9.51990918639159        8.29457432465155        9.95355087254754        0.00120240770068       -0.00024219418451       -0.00007306690183
    277       11.20861754303699       10.22728636214242        8.73603875886966       -0.00107529686161        0.00116082206093       -0.00062182087328
    278        9.95163818805384       10.07566384507275       10.08944415390148       -0.00001156809991       -0.00005486006738        0.00005603397581
    278        9.52470221621424        8.29358897261246        9.95327346356860        0.00119400896018       -0.00025064878291       -0.00006570805929
    278       11.20431145879069       10.23194904803868        8.73356314250497       -0.00107762943941        0.00117053331690       -0.00061616513376
    279        9.95159313811824       10.07544432915159       10.08966657455280       -0.00001094473447       -0.00005490381754        0.00005517765179
    279        9.52946125807306        8.29256913438825        9.95302520807321        0.00118538837812       -0.00025941350459       -0.00005848792232
    279       11.19999650752169       10.23665062867760        8.73110943779957       -0.00107971544826        0.00118024507663       -0.00061084265172
    280        9.95155063017805       10.07522461453242       10.08988557511580       -0.00001029483992       -0.00005496101100        0.00005435133871
    280        9.53418532323922        8.29151366457572        9.95280556019001        0.00117651797039       -0.00026843486636       -0.00005140602910
    280       11.19567373520464       10.24139100865176        8.72867640129117       -0.00108150480650        0.00118991429874       -0.00060582074761
    281        9.95151077939888       10.07500464106356       10.09010138526250       -0.00000962053789       -0.00005502749136        0.00005358942763
    281        9.53887340183619        8.29042165545738        9.95261395984043        0.00116741869730       -0.00027765631418       -0.00004445041276
    281       11.19134446906967       10.24616994306752        8.72626287181872       -0.00108292268727        0.00119950938035       -0.00060108894061
    282        9.95147366587491       10.07478439460150       10.09031429053687       -0.00000893760823       -0.00005509132393        0.00005288419088
    282        9.54352467281760        8.28929241406229        9.95244995688794        0.00115815410778       -0.00028703384261       -0.00003757058751
    282       11.18701035370649       10.25098708369455        8.72386768976632       -0.00108392314109        0.00120901341494       -0.00059664078254
    283        9.95143927853303       10.07456391047214       10.09052445878951       -0.00000827031569       -0.00005514488489        0.00005220002612
    283        9.54813863469840        8.28812538471647        9.95231339514034        0.00114880553272       -0.00029653192180       -0.00003069291017
    283       11.18267308394094       10.25584205038705        8.72148974555838       -0.00108454351961        0.00121843159208       -0.00059245822631
    284        9.95140750334936       10.07434323552241       10.09073189074579       -0.00000763699067       -0.00005518913905        0.00005150520874
    284        9.55271511707934        8.28692015868793        9.95220441360654        0.00113944442083       -0.00030609823960       -0.00002375821717
    284       11.17833400554958       10.26073453643118        8.71912802395581       -0.00108489142661        0.00122779326621       -0.00058853277285
    285        9.95137818260771       10.07412239735970       10.09093650045944       -0.00000703653249       -0.00005523161230        0.00005079351202
    285        9.55725419006501        8.28567659879963        9.95212332940302        0.00113011712779       -0.00031565396404       -0.00001672651989
    285       11.17399395252803       10.26566439651672        8.71678148337556       -0.00108507474200        0.00123714181850       -0.00058489218054
    286        9.95135121108946       10.07390138262404       10.09113823884199       -0.00000645102025       -0.00005528650401        0.00005008118699
    286        9.56175605410165        8.28439492697559        9.95207060144741        0.00112085676393       -0.00032511489828       -0.00000956399861
    286       11.16965340761359       10.27063167097918        8.71444888651146       -0.00108515102592        0.00124651809871       -0.00058158177631
    287        9.95132657444571       10.07368010532761       10.09133714995533       -0.00000586908109       -0.00005537130876        0.00004938669721
    287        9.56622104417647        8.28307567961341        9.95204681741413        0.00111171549081       -0.00033441175919       -0.00000225662340
    287       11.16531274432066       10.27563654130642        8.71212882916512       -0.00108512606998        0.00125594935758       -0.00057861356655
    288        9.95130425844077       10.07345841215394       10.09153333241968       -0.00000530990208       -0.00005549045627        0.00004871928510
    288        9.57064977802816        8.28171963290210        9.95205254846021        0.00110278124784       -0.00034348474489        0.00000516595357
    288       11.16097239905372       10.28067926583981        8.70981997797909       -0.00108496678790        0.00126545243480       -0.00057594178119
    289        9.95128409522909       10.07323618167746       10.09172690423613       -0.00000481733213       -0.00005562091446        0.00004808894458
    289        9.57504329415918        8.28032780165432        9.95208814504266        0.00109415566805       -0.00035227235899        0.00001263761556
    289       11.15663301001745       10.28576016078480        8.70752129491557       -0.00108461577698        0.00127504119169       -0.00057348543280
    290        9.95126571978377       10.07301344483823       10.09191804397635       -0.00000442115188       -0.00005572561243        0.00004751564845
    290        9.57940302337254        8.27890145403019        9.95215364938467        0.00108591529138       -0.00036071812910        0.00002008312659
    290       11.15229547283787       10.29087959537334        8.70523209451670       -0.00108402579853        0.00128472006943       -0.00057116955786
    291        9.95124872601403       10.07279037677803       10.09210702942375       -0.00000410172096       -0.00005578784660        0.00004701619217
    291        9.58373061649021        8.27744205662154        9.95224881005536        0.00107809297844       -0.00036878501640        0.00002742725493
    291       11.14796080362923       10.29603792134026        8.70295193845273       -0.00108319748953        0.00129447230737       -0.00056895893437
    292        9.95123290601609       10.07256714206539       10.09229417351373       -0.00000379636742       -0.00005582980574        0.00004658241559
    292        9.58802776720009        8.27595117389902        9.95237306742411        0.00107068634432       -0.00037645693798        0.00003459101195
    292       11.14362989292160       10.30123537383226        8.70068042304170       -0.00108218246754        0.00130425880893       -0.00056687085019
    293        9.95121835507464       10.07234373833208       10.09247968874844       -0.00000344533806       -0.00005589698935        0.00004617592276
    293        9.59229610724480        8.27443040111767        9.95252553815096        0.00106366967716       -0.00038372342903        0.00004150999544
    293       11.13930334388889       10.30647199181166        8.69841697165121       -0.00108105542309        0.00131401156006       -0.00056495559460
    294        9.95120534331159       10.07211996615062       10.09266358089583       -0.00000303599951       -0.00005602558319        0.00004574377930
    294        9.59653712461740        8.27288138646674        9.95270514738760        0.00105699260297       -0.00039055830629        0.00004816808363
    294       11.13498144953685       10.31174746631276        8.69616077828488       -0.00107988919213        0.00132361657933       -0.00056325774080
    295        9.95119406707855       10.07189553366657       10.09284563898284       -0.00000260774608       -0.00005621745197        0.00004524535807
    295        9.60075204806854        8.27130593466738        9.95291088282000        0.00105057978995       -0.00039691132965        0.00005460304470
    295       11.13066423035186       10.31706092444628        8.69391090972480       -0.00107874680530        0.00133292759234       -0.00056179193451
    296        9.95118448134295       10.07167022653485       10.09302554376043       -0.00000221871666       -0.00005643800595        0.00004467684818
    296        9.60494176293698        8.26970609582951        9.95314197174516        0.00104435176599       -0.00040272487526        0.00006087700367
    296       11.12635147509444       10.32241088705149        8.69166644280883       -0.00107767692283        0.00134182139810       -0.00056054128716
    297        9.95117631734529       10.07144402961898       10.09320305376827       -0.00000190493599       -0.00005664183934        0.00004407622530
    297        9.60910686219647        8.26808413566532        9.95339789884934        0.00103825603439       -0.00040796192975        0.00006704447981
    297       11.12204281496919       10.32779549563107        8.68942657942752       -0.00107670011885        0.00135024010473       -0.00055946263139
    298        9.95116924185501       10.07121709182010       10.09337815356283       -0.00000166001625       -0.00005681055198        0.00004350058599
    298        9.61324781121213        8.26644240039154        9.95367832758365        0.00103228196550       -0.00041261853212        0.00007313187904
    298       11.11773787414362       10.33321280788935        8.68719074175775       -0.00107579900490        0.00135819153432       -0.00055849698490
    299        9.95116303721533       10.07098954520316       10.09355105845618       -0.00000144494276       -0.00005697054516        0.00004299055824
    299        9.61736511792050        8.26478318740840        9.95398295388170        0.00102645592000       -0.00041671323344        0.00007912638589
    299       11.11343642293000       10.33866102790562        8.68495860354829       -0.00107493424035        0.00136573933303       -0.00055758688748
    300        9.95115768231290       10.07076132745885       10.09372207802877       -0.00000121924435       -0.00005717400558        0.00004254852550
    300        9.62145945857211        8.26310869452405        9.95431133867076        0.00102083056258       -0.00042027020627        0.00008498689809
    300       11.10913840022081       10.34413872255360        8.68273004665795       -0.00107407523710        0.00137299342501       -0.00055668601530
    301        9.95115328326052       10.07053215315855       10.09389144666021       -0.00000097003481       -0.00005745825871        0.00004214584739
    301        9.62553176242113        8.26142102575822        9.95466284906643        0.00101547156334       -0.00042330788416        0.00009067342397
    301       11.10484382103323       10.34964497530574        8.68050511542590       -0.00107321253187        0.00138007208549       -0.00055575453735
    302        9.95114992203441       10.07030166138917       10.09405924480791       -0.00000071435492       -0.00005781390195        0.00004175005251
    302        9.62958323107884        8.25972223145080        9.95503672606254        0.00101043832783       -0.00042582496958        0.00009616282224
    302       11.10055269996583       10.35517929923754        8.67828401035915       -0.00107235047792        0.00138703896037       -0.00055475194561
    303        9.95114756842118       10.07006964194297       10.09422544708026       -0.00000047232204       -0.00005818793837        0.00004134792727
    303        9.63361526904381        8.25801442600157        9.95543215164435        0.00100576867399       -0.00042778379106        0.00010144672778
    303       11.09626501720984       10.36074128698873        8.67606709986100       -0.00107150367372        0.00139386491244       -0.00055363516445
    304        9.95114614345813       10.06983615788219       10.09439002822610       -0.00000023735013       -0.00005852638615        0.00004094902249
    304        9.63762938047074        8.25629996112231        9.95584829988477        0.00100148319806       -0.00042911737767        0.00010653939287
    304       11.09198067057610       10.36633021853705        8.67385492904357       -0.00107069961041        0.00140044819228       -0.00055236116431
    305        9.95114566962011       10.06960143085375       10.09455303926014        0.00000002487967       -0.00005882323458        0.00004057297641
    305        9.64162713462831        8.25458148698022        9.95628446678728        0.00099760426928       -0.00042976683208        0.00011149078398
    305       11.08769942032654       10.37194487252700        8.67164821054651       -0.00106997664857        0.00140667194857       -0.00055089316742
    306        9.95114634249546       10.06936557200556       10.09471461203738        0.00000034428418       -0.00005912818450        0.00004023133913
    306        9.64561021462502        8.25286182646566        9.95674022615664        0.00099416057453       -0.00042970419144        0.00011637316962
    306       11.08342085738757       10.37758359412559        8.66944778370419       -0.00106937970849        0.00141245293617       -0.00054920951720
    307        9.95114842389354       10.06912840537774       10.09487488997321        0.00000071113081       -0.00005950528827        0.00003991459882
    307        9.64958041922458        8.25114385344867        9.95721545214421        0.00099116057316       -0.00042890854319        0.00012124618623
    307       11.07914438265860       10.38324449601638        8.66725453440889       -0.00106895808947        0.00141775849431       -0.00054731355005
    308        9.95115203154197       10.06888952969943       10.09503392882797        0.00000107196224       -0.00005998403892        0.00003959534746
    308        9.65353949921032        8.24943055812012        9.95771019564646        0.00098856217818       -0.00042732993266        0.00012613453823
    308       11.07486919267184       10.38892566208006        8.66506927530380       -0.00106876225731        0.00142259929271       -0.00054523689620
    309        9.95115699959144       10.06864853306637       10.09519165275292        0.00000135965332       -0.00006054466800        0.00003924682093
    309        9.65748891665003        8.24772521398737        9.95822452845006        0.00098628195851       -0.00042488731813        0.00013102495724
    309       11.07059428460015       10.39462529035805        8.66289263923931       -0.00106883999093        0.00142701116916       -0.00054302662398
    310        9.95116290876851       10.06840517235542       10.09534790339543        0.00000152975999       -0.00006114106202        0.00003885910356
    310        9.66142975487844        8.24603145957507        9.95875839530435        0.00098424399480       -0.00042149883761        0.00013586288096
    310       11.06631847274436       10.40034175143336        8.66072506231193       -0.00106923635240        0.00143103701962       -0.00054072517736
    311        9.95116923767135       10.06815940457025       10.09550252558142        0.00000157690381       -0.00006173399418        0.00003844019714
    311        9.66536286860839        8.24435322328652        9.95931143149772        0.00098242088832       -0.00041711762656        0.00014054580663
    311       11.06204039378098       10.40607358651499        8.65856683782039       -0.00106999647037        0.00143471738778       -0.00053836085136
    312        9.95117552399899       10.06791130040200       10.09565542497258        0.00000152987589       -0.00006230674691        0.00003800733657
    312        9.66928912198499        8.24269451856259        9.95988276175743        0.00098083206260       -0.00041175268210        0.00014493229365
    312       11.05775850098137       10.41181949053558        8.65641817550103       -0.00107116111806        0.00143808550296       -0.00053594314647
    313        9.95118147667845       10.06766095059497       10.09580658427396        0.00000144029130       -0.00006286000936        0.00003757594522
    313        9.67320952510919        8.24105920182968        9.96047088984692        0.00097951343557       -0.00040546224145        0.00014887683839
    313       11.05347110483652       10.41757827053869        8.65427929264860       -0.00107274859436        0.00144115854604       -0.00053344941533
    314        9.95118704632938       10.06740842032711       10.09595603253430        0.00000137212168       -0.00006340447152        0.00003714820177
    314        9.67712522946953        8.23945082063098        9.96107377646453        0.00097848972809       -0.00039832619112        0.00015227675245
    314       11.04917651222653       10.42334875890391        8.65215058017838       -0.00107474051274        0.00144393239765       -0.00053081457050
    315        9.95119245365192       10.06715371482279       10.09610376988812        0.00000138608099       -0.00006395986366        0.00003670968001
    315        9.68103744293392        8.23787259230070        9.96168910386648        0.00097776332965       -0.00039042142415        0.00015510776326
    315       11.04487318073461       10.42912972971992        8.65003277608462       -0.00107709456659        0.00144638690872       -0.00052794147181
    316        9.95119813497732       10.06689674141782       10.09624970997439        0.00000151687118       -0.00006454884943        0.00003624387192
    316        9.68494733610674        8.23632744923778        9.96231463857062        0.00097732175690       -0.00038181124044        0.00015743186819
    316       11.04055975569382       10.43491985417366        8.64792704840387       -0.00107976873802        0.00144848901855       -0.00052472690190
    317        9.95120458862132       10.06663732402731       10.09639372086347        0.00000175591419       -0.00006518055261        0.00003575571934
    317        9.68885601698912        8.23481810237721        9.96294855881202        0.00097715689656       -0.00037254139070        0.00015937246208
    317       11.03623503083044       10.44071764186836        8.64583496086943       -0.00108272552693        0.00145018665619       -0.00052108959174
    318        9.95121218229085       10.06637529699696       10.09653575572914        0.00000205421625       -0.00006583807610        0.00003527955747
    318        9.69276459127925        8.23334711811219        9.96358961826724        0.00097727457204       -0.00036263757389        0.00016107009871
    318       11.03189795147840       10.44652134742321        8.64375833166996       -0.00108592572437        0.00145141336698       -0.00051699486151
    319        9.95122102235135       10.06611061941855       10.09667595732322        0.00000234738225       -0.00006648497082        0.00003485797409
    319        9.69667421356545        8.23191700178608        9.96423711960170        0.00097768434207       -0.00035210511065        0.00016264750583
    319       11.02754762503548       10.45232894880423        8.64169900197738       -0.00108933543195        0.00145211655922       -0.00051246811704
    320        9.95123096134887       10.06584341723041       10.09681461952189        0.00000258963536       -0.00006709162852        0.00003450721421
    320        9.70058606601579        8.23053027722701        9.96489079831389        0.00097839196764       -0.00034093630776        0.00016419532256
    320       11.02318326802277       10.45813827989697        8.63965858673365       -0.00109293430347        0.00145228380463       -0.00050758090804
    321        9.95124173943425       10.06557388639042       10.09695201503694        0.00000277321045       -0.00006766562405        0.00003420152186
    321        9.70450134930655        8.22918951132404        9.96555068218215        0.00097941271893       -0.00032913533604        0.00016575660478
    321       11.01880415060769       10.46394721924125        8.63763835471303       -0.00109671160583        0.00145193825437       -0.00050240763951
    322        9.95125314703251       10.06530209223800       10.09708823169673        0.00000291665902       -0.00006825474235        0.00003389135432
    322        9.70842136776723        8.22789719453872        9.96621685115212        0.00098078565918       -0.00031674796738        0.00016729901868
    322       11.01440957517612       10.46975378593191        8.63563932561760       -0.00110066557045        0.00145111419237       -0.00049698578579
    323        9.95126507270639       10.06502784845164       10.09722314587152        0.00000303533236       -0.00006890586776        0.00003353674342
    323        9.71234763457997        8.22665552758501        9.96688907433160        0.00098256182158       -0.00030385811835        0.00016870991724
    323       11.00999882604410       10.47555613278020        8.63366246842668       -0.00110480966319        0.00144983696871       -0.00049131339916
    324        9.95127742969137       10.06475084529593       10.09735652564407        0.00000312772487       -0.00006961410462        0.00003312852846
    324        9.71628186233988        8.22546632959196        9.96756653049006        0.00098477060318       -0.00029055034183        0.00016984405482
    324       11.00557109787058       10.48135248168157        8.63170881842429       -0.00110916851226        0.00144810523613       -0.00048537121140
    325        9.95129009450531       10.06447093561471       10.09748817409923        0.00000319199314       -0.00007032026942        0.00003268849217
    325        9.72022579940542        8.22433112485041        9.96824782677020        0.00098739117572       -0.00027689072847        0.00017058718037
    325       11.00112547794598       10.48714097466926        8.62977949873547       -0.00111376505444        0.00144587202984       -0.00047913703012
    326        9.95130296563647       10.06418828314058       10.09761803358141        0.00000325027552       -0.00007096485780        0.00003225161190
    326        9.72418099174560        8.22325120376421        9.96893122793299        0.00099034886846       -0.00026294522719        0.00017087721422
    326       10.99666097743504       10.49291945792033        8.62787572218330       -0.00111861495870        0.00144304536437       -0.00047259030707
    327        9.95131609670946       10.06390321675234       10.09774618699444        0.00000334798276       -0.00007154141736        0.00003183804636
    327        9.72814859035307        8.22222756303286        9.96961484448397        0.00099353284817       -0.00024879058943        0.00017068846278
    327       10.99217655827640       10.49868533758423        8.62599877627894       -0.00112373038509        0.00143952073216       -0.00046571446202
    328        9.95132974949853       10.06361595180174       10.09787273795228        0.00000352067225       -0.00007209317582        0.00003143532531
    328        9.73212925453097        8.22126087904878        9.97029673563526        0.00099681600124       -0.00023449586606        0.00017002724324
    328       10.98767113435435       10.50443562377758        8.62415000648716       -0.00112912603958        0.00143522771107       -0.00045849112213
    329        9.95134426208748       10.06332647134576       10.09799766959691        0.00000375776582       -0.00007265848048        0.00003101177169
    329        9.73612311836296        8.22035159610436        9.97097506242985        0.00100007155394       -0.00022010338709        0.00016894271239
    329       10.98314354995977       10.51016715927282        8.62233084730194       -0.00113481825617        0.00143016342670       -0.00045089524075
    330        9.95135981162508       10.06303468395793       10.09812083212582        0.00000400346755       -0.00007322423858        0.00003055103622
    330        9.74012982696251        8.21950005195207        9.97164827733435        0.00100319965169       -0.00020562337183        0.00016751628256
    330       10.97859258830498       10.51587693119120        8.62054284456117       -0.00114080801286        0.00142439232053       -0.00044290616100
    331        9.95137628982786       10.06274067743714       10.09824207788670        0.00000420094990       -0.00007373844161        0.00003007034875
    331        9.74414871557652        8.21870660912971        9.97231519269036        0.00100616142221       -0.00019103707324        0.00016582939766
    331       10.97401708585688       10.52156229783706        8.61878759801395       -0.00114705930151        0.00141801168863       -0.00043451638433
    332        9.95139341922426       10.06244477642508       10.09836139491583        0.00000433775788       -0.00007416892203        0.00002960254993
    332        9.74817911834022        8.21797175536614        9.97297491251562        0.00100899397755       -0.00017631910859        0.00016394387785
    332       10.96941611389290       10.52722102470027        8.61706671348656       -0.00115350162806        0.00141111347319       -0.00042571830331
    333        9.95141099189088       10.06214732606090       10.09847889828616        0.00000444687354       -0.00007454347430        0.00002916510620
    333        9.75222066739690        8.21729605626097        9.97362674371315        0.00101179561406       -0.00016147139891        0.00016189937708
    333       10.96478907283239       10.53285120562262        8.61538185158750       -0.00116006424067        0.00140377249017       -0.00041649327245
    334        9.95142899421255       10.06184842863070       10.09859471576545        0.00000456653098       -0.00007492873175        0.00002875357231
    334        9.75627348325267        8.21667998417487        9.97427010753223        0.00101469899214       -0.00014653247355        0.00015970920843
    334       10.96013559996751       10.53845120462165        8.61373476730695       -0.00116671644226        0.00139605399522       -0.00040683045159
    335        9.95144752413869       10.06154789620693       10.09870892686465        0.00000470451166       -0.00007537328547        0.00002836269368
    335        9.76033825933400        8.21612379647255        9.97490441738061        0.00101784348449       -0.00013155983730        0.00015735944892
    335       10.95545534129433       10.54401963758442        8.61212720797476       -0.00117348310577        0.00138801568129       -0.00039675747920
    336        9.95146663030580       10.06124544234695       10.09882161731486        0.00000484123427       -0.00007586982750        0.00002800085243
    336        9.76441623112862        8.21562750547644        9.97552898312355        0.00102134335563       -0.00011661421040        0.00015482149076
    336       10.95074773512133       10.54955533007199        8.61056070747337       -0.00118042707410        0.00137969813298       -0.00038635067191
    337        9.95148625401282       10.06094093758694       10.09893293368410        0.00000496050307       -0.00007636011725        0.00002767685147
    337        9.76850900617899        8.21519088278932        9.97614298930673        0.00102526276992       -0.00010175067472        0.00015206210170
    337       10.94601192470152       10.55505722264823        8.60903640259950       -0.00118761768434        0.00137111696608       -0.00037572061305
    338        9.95150631433040       10.06063456140895       10.09904303212660        0.00000507227097       -0.00007677021428        0.00002738073832
    338        9.77261833328801        8.21481350007869        9.97674547993715        0.00102961460602       -0.00008701871739        0.00014904079028
    338       10.94124679364661       10.56052426580063        8.60755494256899       -0.00119510757858        0.00136226600748       -0.00036498627900
    339        9.95152683218059       10.06032677587270       10.09915197959064        0.00000520749108       -0.00007705404291        0.00002708580440
    339        9.77674592302716        8.21449473305017        9.97733531562898        0.00103436962810       -0.00007248385847        0.00014571028809
    339       10.93645106407289       10.56595535070807        8.60611651236753       -0.00120291867429        0.00135312261183       -0.00035424526917
    340        9.95154797425901       10.06001812906570       10.09925971856178        0.00000539297244       -0.00007722114532        0.00002676575554
    340        9.78089329031284        8.21423362921091        9.97791116224188        0.00103945183857       -0.00005823987752        0.00014202446619
    340       10.93162344425229       10.57134924669528        8.60472098041560       -0.00121103342909        0.00134364557844       -0.00034354777146
    341        9.95156997596013       10.05970900671016       10.09936610563495        0.00000562746190       -0.00007732545187        0.00002640676245
    341        9.78506153773572        8.21402881403005        9.97847151135852        0.00104473466839       -0.00004436939645        0.00013793983561
    341       10.92676279664019       10.57670451533561        8.60336813019588       -0.00121939987760        0.00133377911870       -0.00033288916527
    342        9.95159299395423       10.05939952545075       10.09947097266139        0.00000587735774       -0.00007741896446        0.00002601088820
    342        9.78925116765994        8.21387867403934        9.97901468092672        0.00105006834065       -0.00003089341525        0.00013341652371
    342       10.92186824523150       10.58201947964492        8.60205786709347       -0.00122794741111        0.00132347460509       -0.00032222742381
    343        9.95161699482203       10.05908965499447       10.09957419274054        0.00000609640187       -0.00007751090849        0.00002559743457
    343        9.79346208446091        8.21378166670802        9.97953884354822        0.00105532429982       -0.00001777912849        0.00012843446092
    343       10.91693921735133       10.58729231217634        8.60079031080543       -0.00123659401062        0.00131271013780       -0.00031151167740
    344        9.95164176516918       10.05877943818286       10.09967575213798        0.00000625569037       -0.00007756889187        0.00002519998441
    344        9.79769376205847        8.21373644101140        9.98004215661408        0.00106041900041       -0.00000499041581        0.00012301129418
    344       10.91197549314651       10.59252116074735        8.59956577367428       -0.00124524525619        0.00130148937524       -0.00030070355545
    345        9.95166704034503       10.05846910385949       10.09977579261585        0.00000636269336       -0.00007755473980        0.00002485178845
    345        9.80194543646420        8.21374174338150        9.98052293390164        0.00106531857574        0.00000747565158        0.00011719921978
    345       10.90697725530182       10.59770422717828        8.59838468236181       -0.00125380312774        0.00128983229402       -0.00028978472879
    346        9.95169266671605       10.05815900026450       10.09987456644561        0.00000645604139       -0.00007745876634        0.00002456414037
    346        9.80621631066439        8.21379624622400        9.98097975037234        0.00107004864946        0.00001957534431        0.00011106579272
    346       10.90194506812460       10.60283981909951        8.59724749584395       -0.00126218476267        0.00127777035476       -0.00027875721748
    347        9.95171868867615       10.05784943372875       10.09997230573883        0.00000657874194       -0.00007730567809        0.00002431747661
    347        9.81050582565986        8.21389834613595        9.98141146024337        0.00107470002850        0.00003121943435        0.00010467428970
    347       10.89687977720050       10.60792639001635        8.59615462462200       -0.00127033944505        0.00126534233662       -0.00026764866543
    348        9.95174529665154       10.05754055483977       10.10006910625851        0.00000674820644       -0.00007712946773        0.00002407828892
    348        9.81481391089239        8.21404600169883        9.98181714468996        0.00107940332934        0.00004229726427        0.00009806833166
    348       10.89178235256421       10.61296255779246        8.59510630652054       -0.00127825917460        0.00125259312320       -0.00025652325661
    349        9.95177267432764       10.05723239798692       10.10016493205023        0.00000694582032       -0.00007693733674        0.00002382891515
    349        9.81914105229455        8.21423672425013        9.98219600689666        0.00108427899473        0.00005270880256        0.00009126703635
    349       10.88665370380369       10.61794713500196        8.59410243856915       -0.00128597367764        0.00123957477909       -0.00024547862725
    350        9.95180086321407       10.05692505614581       10.10025973757968        0.00000713257913       -0.00007669584010        0.00002358505585
    350        9.82348814285026        8.21446767211934        9.98254728098074        0.00108939629947        0.00006237019403        0.00008427455663
    350       10.88149456314313       10.62287915602518        8.59314247750256       -0.00129352417373        0.00122633285455       -0.00023461500731
    351        9.95182973496067       10.05661883126609       10.10035361249699        0.00000727553393       -0.00007635633403        0.00002338837300
    351        9.82785622269029        8.21473568580233        9.98287020334967        0.00109476329086        0.00007119819837        0.00007709052817
    351       10.87630551041383       10.62775779783836        8.59222551851071       -0.00130093614624        0.00121288053907       -0.00022399725140
    352        9.95185906748549       10.05631420547357       10.10044684456369        0.00000736545204       -0.00007589794980        0.00002327752834
    352        9.83224624917715        8.21503725770628        9.98316400520613        0.00110034385792        0.00007911376338        0.00006971074169
    352       10.87108707397321       10.63258220033772        8.59135049949135       -0.00130821032438        0.00119919471045       -0.00021364437134
    353        9.95188865857699       10.05601164766771       10.10053983272368        0.00000741614183       -0.00007534872778        0.00002325512703
    353        9.83665897355369        8.21536859590937        9.98342788928315        0.00110607679862        0.00008607471316        0.00006212618906
    353       10.86583982781880       10.63735135552193        8.59051636354002       -0.00131532465978        0.00118524322467       -0.00020354836864
    354        9.95191839662013       10.05571141565130       10.10063288557993        0.00000744703533       -0.00007476743617        0.00002327969890
    354        9.84109486356615        8.21572585541155        9.98366101471862        0.00111187360654        0.00009210029011        0.00005432472060
    354       10.86056447669499       10.64206414613505        8.58972211254219       -0.00132224398556        0.00117100809121       -0.00019368918799
    355        9.95194823485966       10.05541350817836       10.10072607031486        0.00000746329095       -0.00007420165814        0.00002329561698
    355        9.84555396240600        8.21610539823023        9.98386248704796        0.00111761159610        0.00009725642720        0.00004628767004
    355       10.85526187593430       10.64671942025162        8.58896685003610       -0.00132894060284        0.00115648392922       -0.00018403095362
    356        9.95197810294769       10.05511780238619       10.10081925051575        0.00000745452601       -0.00007365584422        0.00002327363134
    356        9.85003575633493        8.21650390682913        9.98403131607893        0.00112316283894        0.00010162110432        0.00003798516542
    356       10.84993295187231       10.65131601756882        8.58824986491325       -0.00133540223646        0.00114167282383       -0.00017452736395
    357        9.95200787106776       10.05482426142463       10.10091225936556        0.00000741603282       -0.00007309658569        0.00002322372707
    357        9.85453926511751        8.21691836706477        9.98416636837135        0.00112845030360        0.00010526882007        0.00002938427767
    357       10.84457865804261       10.65585280284223        8.58757063112452       -0.00134161212787        0.00112659005891       -0.00016515324768
    358        9.95203743121022       10.05453302970069       10.10100504033232        0.00000736700617       -0.00007248798486        0.00002317551923
    358        9.85906335876374        8.21734605738965        9.98426639030026        0.00113347245735        0.00010827327253        0.00002046762621
    358       10.83920005484933       10.66032873804012        8.58692863893181       -0.00134753862793        0.00111126840934       -0.00015593157269
    359        9.95206680711714       10.05424435754574       10.10109766351941        0.00000733935337       -0.00007181634580        0.00002315311512
    359        9.86360704477632        8.21778455324499        9.98433010938106        0.00113827888963        0.00011069805772        0.00001124323179
    359       10.83379834901917       10.66474295011696        8.58632317854296       -0.00135316173052        0.00109575816339       -0.00014692867983
    360        9.95209614603719       10.05395849893429       10.10119026525324        0.00000734600737       -0.00007107814073        0.00002317008151
    360        9.86816958988076        8.21823164185142        9.98435633615454        0.00114294331855        0.00011257330028        0.00000173795106
    360       10.82837476100520       10.66909480334728        8.58575320949317       -0.00135850021880        0.00108013125069       -0.00013823286243
    361        9.95212557517609       10.05367573241987       10.10128302417149        0.00000736564233       -0.00007025613671        0.00002324347283
    361        9.87275059132472        8.21868513964724        9.98434401298951        0.00114756082974        0.00011388270795       -0.00000801306561
    361       10.82293034726875       10.67338400012245        8.58521731564356       -0.00136360343664        0.00106447907583       -0.00012993506686
    362        9.95215507117580       10.05339644984064       10.10137621303592        0.00000736374960       -0.00006932444869        0.00002339852124
    362        9.87735007651869        8.21914270351503        9.98429223162969        0.00115224543968        0.00011456982821       -0.00001797298663
    362       10.81746593351210       10.67761063595392        8.58471372895831       -0.00136852362851        0.00104889375120       -0.00012211126224
    363        9.95218448517291       10.05312113683036       10.10147021234138        0.00000732696315       -0.00006828107207        0.00002364458954
    363        9.88196855484216        8.21960169827292        9.98420022909645        0.00115711085659        0.00011455625551       -0.00002811242087
    363       10.81198215824064       10.68177515013206        8.58424042554565       -0.00137329787505        0.00103345012126       -0.00011481006656
    364        9.95221368688098       10.05285020126409       10.10156536975221        0.00000727014962       -0.00006716525167        0.00002394945119
    364        9.88660696337143        8.22005915355908        9.98406733226277        0.00116224483300        0.00011376514772       -0.00003841702311
    364       10.80647955051167       10.68587823692399        8.58379524842585       -0.00137794767122        0.00101820229770       -0.00010805214045
    365        9.95224264636985       10.05258381481698       10.10166180795089        0.00000720691812       -0.00006603009319        0.00002425528112
    365        9.89126651350620        8.22051181945465        9.98389289291156        0.00116768505847        0.00011214036048       -0.00004887900628
    365       10.80095857687087       10.68992076851364        8.58337600842204       -0.00138248478992        0.00100318271367       -0.00010183695196
    366        9.95227134222596       10.05232196051858       10.10175941200119        0.00000711965678       -0.00006489295002        0.00002452924641
    366        9.89594844383918        8.22095627644294        9.98367630021256        0.00117340325888        0.00010965624144       -0.00005948289292
    366       10.79541967219231       10.69390369863336        8.58298055281013       -0.00138690375593        0.00098839838924       -0.00009615194346
    367        9.95229960362411       10.05206467121679       10.10185804192220        0.00000696908643       -0.00006371812800        0.00002479398298
    367        9.90065373957728        8.22138906938615        9.98341702976822        0.00117931297477        0.00010632477831       -0.00007020980843
    367       10.78986334682346       10.69782795562756        8.58260679287436       -0.00139116379492        0.00097383339220       -0.00009098096013
    368        9.95232709491739       10.05181221549461       10.10195776386502        0.00000673552895       -0.00006245568912        0.00002510676599
    368        9.90538294763738        8.22180687466939        9.98311462174515        0.00118530032791        0.00010219920381       -0.00008105226051
    368       10.78429036183295       10.70169436577097        8.58225270512912       -0.00139519019569        0.00095945296208       -0.00008630653017
    369        9.95235348785572       10.05156502570381       10.10205889605011        0.00000644283155       -0.00006109597362        0.00002551342206
    369        9.91013614220055        8.22220666301661        9.98276861168417        0.00119125468637        0.00009736567861       -0.00009201686989
    369       10.77870182525792       10.70550357932422        8.58191634063296       -0.00139890314897        0.00094520253132       -0.00008210967188
    370        9.95237863756982       10.05132344770564       10.10216187124154        0.00000613643860       -0.00005968236431        0.00002602127135
    370        9.91491298512832        8.22258580009831        9.98237848678604        0.00119708776568        0.00009192832931       -0.00010312071306
    370       10.77309913664119       10.70925598602154        8.58159582775405       -0.00140224882228        0.00093101497357       -0.00007837442238
    371        9.95240257936453       10.05108756678932       10.10226706622091        0.00000584188121       -0.00005827616785        0.00002660683890
    371        9.91971284432603        8.22294208965111        9.98194364597968        0.00120274957343        0.00008599582112       -0.00011439001717
    371       10.76748383467966       10.71295169911281        8.58128934525396       -0.00140521396629        0.00091683236573       -0.00007509322201
    372        9.95242537261953       10.05085723836286       10.10237472595272        0.00000554805711       -0.00005691558837        0.00002724205409
    372        9.92453498171574        8.22327376666729        9.98146336664869        0.00120824235526        0.00007966664342       -0.00012584843383
    372       10.76185742491084       10.71659064494741        8.58099508197797       -0.00140781776094        0.00090262307240       -0.00007227066234
    373        9.95244696382143       10.05063224208232       10.10248500265361        0.00000522746418       -0.00005560343379        0.00002791569587
    373        9.92937878316810        8.22357942279848        9.98093685850906        0.00121362211929        0.00007301561077       -0.00013749574213
    373       10.75622129259211       10.72017268369205        8.58071117995520       -0.00141008088952        0.00088838219887       -0.00006992715800
    374        9.95246719233300       10.05041241089256       10.10259805151969        0.00000486884351       -0.00005432469501        0.00002863671232
    374        9.93424395867007        8.22385789155343        9.98036340071162        0.00121898329414        0.00006608631596       -0.00014929923384
    374       10.75057677779465       10.72369770253840        8.58043566471397       -0.00141199398866        0.00087412456489       -0.00006809402616
    375        9.95248591456950       10.05019764452221       10.10271409635213        0.00000448971606       -0.00005307192891        0.00002941833170
    375        9.93913064952119        8.22410811332617        9.97974246463833        0.00122442982329        0.00005888260252       -0.00016120493794
    375       10.74492534068284       10.72716568021114        8.58016642774594       -0.00141351015788        0.00085987553909       -0.00006679890544
    376        9.95250311006151       10.04998783546124       10.10283339817325        0.00000411725606       -0.00005185076952        0.00003025652167
    376        9.94403939725635        8.22432895237359        9.97907376120811        0.00123004122060        0.00005136573090       -0.00017315856204
    376       10.73926869653160       10.73057670685112        8.57990127347046       -0.00141455920155        0.00084566074753       -0.00006605931648
    377        9.95251885261796       10.04978283836601       10.10295614852546        0.00000375850902       -0.00005066076476        0.00003112450686
    377        9.94897097928603        8.22451903917337        9.97835719614197        0.00123585045487        0.00004347887441       -0.00018512673018
    377       10.73360886707043       10.73393096619141        8.57963795321412       -0.00141507372388        0.00083150617771       -0.00006589038025
    378        9.95253317813367       10.04958254934319       10.10308239422810        0.00000339234675       -0.00004948200223        0.00003198954603
    378        9.95392620089528        8.22467678336888        9.97759274736666        0.00124184461805        0.00003518569951       -0.00019710884866
    378       10.72794810674053       10.73722875627281        8.57937415042849       -0.00141501912431        0.00081745099194       -0.00006631536013
    379        9.95254599139200       10.04938698234816       10.10321206489366        0.00000298887803       -0.00004828970132        0.00003283496905
    379        9.95890573623046        8.22480052476941        9.97678032535270        0.00124797816036        0.00002648643522       -0.00020913513489
    379       10.72228871407598       10.74047057412690        8.57910743033305       -0.00141440819707        0.00080355283689       -0.00006737345831
    380        9.95255708915788       10.04919623173259       10.10334507398046        0.00000253219119       -0.00004707265326        0.00003367094477
    380        9.96391002617820        8.22488867485066        9.97591966628753        0.00125418433368        0.00001741548531       -0.00022125517952
    380       10.71663284116395       10.74365717896789        8.57883516276199       -0.00141329330354        0.00078987724660       -0.00006911858109
    381        9.95256624892150       10.04901040112208       10.10348143245179        0.00000202814337       -0.00004582715204        0.00003453096863
    381        9.96893921089989        8.22493984865189        9.97501028391652        0.00126038423782        0.00000804793886       -0.00023351780498
    381       10.71098236764770       10.74678959209968        8.57855448168435       -0.00141175318212        0.00077649123247       -0.00007160027223
    382        9.95257331430482       10.04882961451623       10.10362132172947        0.00000150080823       -0.00004454370335        0.00003545385034
    382        9.97399310008072        8.22495305836157        9.97405152384769        0.00126649458862       -0.00000149255038       -0.00024594612526
    382       10.70533881570699       10.74986910882765        8.57826236058417       -0.00140987980784        0.00076347013549       -0.00007483966606
    383        9.95257825538734       10.04865405149527       10.10376506325451        0.00000098313431       -0.00004321511106        0.00003645634352
    383        9.97907116760887        8.22492790824888        9.97304271491448        0.00127243372892       -0.00001104696698       -0.00025852439760
    383       10.69970332918496       10.75289735318362        8.57795576435589       -0.00140775750813        0.00075089503331       -0.00007882267914
    384        9.95258117937932       10.04848389362775       10.10391297247764        0.00000049987746       -0.00004185361861        0.00003751718670
    384        9.98417256991211        8.22486468262574        9.97198332866690        0.00127813813266       -0.00002045109663       -0.00027120411377
    384       10.69407675564195       10.75587626909410        8.57763177915109       -0.00140544376118        0.00073882508255       -0.00008350852177
    385        9.95258225440703       10.04831922254641       10.10406520074809        0.00000004837639       -0.00004048636789        0.00003859196865
    385        9.98929627267016        8.22476429947585        9.97087308200434        0.00128359711713       -0.00002956821830       -0.00028392011329
    385       10.68845977909554       10.75880795384399        8.57728769618176       -0.00140296644491        0.00072726528250       -0.00008883866295
    386        9.95258156639045       10.04816000268461       10.10422170822683       -0.00000040548790       -0.00003913060423        0.00003965126423
    386        9.99444134684911        8.22462813687938        9.96971196776054        0.00128887942504       -0.00003831588125       -0.00029660835564
    386       10.68285302408264       10.76169439135407        8.57692106984749       -0.00140033445555        0.00071615882123       -0.00009474307400
    387        9.95257901050381       10.04800617771259       10.10438241086197       -0.00000090523591       -0.00003778026005        0.00004070964198
    387        9.99960730807044        8.22445777242588        9.96850021515918        0.00129411612506       -0.00004667109320       -0.00030921537571
    387       10.67725710345114       10.76453722441382        8.57652975158979       -0.00139754742740        0.00070540733703       -0.00010114715570
    388        9.95257432450320       10.04785776060419       10.10454738536271       -0.00000146868966       -0.00003642362102        0.00004181594337
    388       10.00479427584962        8.22425476813381        9.96723824475487        0.00129944460540       -0.00005464121636       -0.00032169220092
    388       10.67167264466343       10.76733765005032        8.57611189260190       -0.00139459293346        0.00069490204783       -0.00010797864189
    389        9.95256726098654       10.04771478874446       10.10471693840894       -0.00000207271258       -0.00003507311144        0.00004301027846
    389       10.01000286491362        8.22402064269501        9.96592667755179        0.00130495429836       -0.00006221800765       -0.00033398975647
    389       10.66610035998345       10.77009644079643        8.57566592245466       -0.00139143953217        0.00068455058585       -0.00011517076282
    390        9.95255774280259       10.04757717571269       10.10489146759039       -0.00000267818028       -0.00003376898234        0.00004429064955
    390       10.01523391023649        8.22375702407258        9.96456632670314        0.00131066393362       -0.00006935270674       -0.00034607280168
    390       10.66054112840606       10.77281405473711        8.57519052649931       -0.00138805056663        0.00067429220269       -0.00012266426893
    391        9.95254583554426       10.04744463688573       10.10507126360531       -0.00000327083371       -0.00003254937617        0.00004562107022
    391       10.02048817638259        8.22346582104105        9.96315809513833        0.00131652750146       -0.00007596778159       -0.00035793551431
    391       10.65499595545039       10.77549077841798        8.57468460830320       -0.00138441671490        0.00066409924202       -0.00013041761198
    392        9.95253157613291       10.04731678070332       10.10525643615217       -0.00000387070378       -0.00003142505812        0.00004696209360
    392       10.02576613024815        8.22314928181986        9.96170284258869        0.00132245246002       -0.00008198306862       -0.00036960166983
    392       10.64946579468686       10.77812684867331        8.57414718560351       -0.00138057238274        0.00065396923986       -0.00013841776712
    393        9.95251486991402       10.04719323642075       10.10544696035409       -0.00000450199684       -0.00003039066455        0.00004828806950
    393       10.03106779606276        8.22280995649209        9.96020128177972        0.00132832329950       -0.00008733362399       -0.00038112168249
    393       10.64395137638848       10.78072253233688        8.57357726616624       -0.00137657957899        0.00064391532380       -0.00014666843682
    394        9.95249556015819       10.04707365538696       10.10564274070817       -0.00000516502669       -0.00002945196178        0.00004958883129
    394       10.03639271664411        8.22245061282798        9.95865386912880        0.00133403068574       -0.00009198308799       -0.00039257263929
    394       10.63845315805494       10.78327817126372        8.57297383810895       -0.00137249392069        0.00063395900741       -0.00015516254848
    395        9.95247354970050       10.04695762072650       10.10584367100444       -0.00000584093472       -0.00002862860881        0.00005087100070
    395       10.04174004154864        8.22207409178816        9.95706070066538        0.00133949861588       -0.00009593371599       -0.00040404697343
    395       10.63297142502300       10.78579420439617        8.57233596577843       -0.00136833299508        0.00062412535327       -0.00016387346515
    396        9.95244883268044       10.04684462651651       10.10604970871380       -0.00000651339983       -0.00002792981734        0.00005215623618
    396       10.04710870557112        8.22168314310006        9.95542149334138        0.00134469908568       -0.00009921687726       -0.00041562554160
    396       10.62750649409430       10.78827117408991        8.57166285038777       -0.00136407195144        0.00061443865911       -0.00017276709844
    397        9.95242144250183       10.04673418218779       10.10626092089385       -0.00000717867370       -0.00002733541110        0.00005346808922
    397       10.05249763423406        8.22128035677009        9.95373569633255        0.00134965620346       -0.00010186893739       -0.00042734496760
    397       10.62205884941147       10.79070971366902        8.57095382899090       -0.00135967770250        0.00060491808857       -0.00018181140966
    398        9.95239140329084       10.04662594322770       10.10647745342754       -0.00000783771472       -0.00002680355968        0.00005481547002
    398       10.05790595519883        8.22086819160098        9.95200273360061        0.00135444569254       -0.00010392004283       -0.00043917162009
    398       10.61662907247428       10.79311051879845        8.57020835911045       -0.00135514852428        0.00059557780415       -0.00019098465230
    399        9.95235874078411       10.04651975371032       10.10669944465404       -0.00000848264228       -0.00002629589539        0.00005618591160
    399       10.06333319977439        8.22044899642743        9.95022232337179        0.00135918212224       -0.00010539705732       -0.00045100226085
    399       10.61121766121721       10.79547433610222        8.56942595177247       -0.00135051991503        0.00058643397568       -0.00020028784177
    400        9.95232354215256       10.04641557606460       10.10692694072034       -0.00000909438012       -0.00002579776554        0.00005755182941
    400       10.06877941217678        8.22002501514242        9.94839471551382        0.00136398514175       -0.00010631894259       -0.00046270387066
    400       10.60582491315406       10.79780199060385        8.56860605637629       -0.00134584485636        0.00057750979682       -0.00020974217952
    401        9.95228598574313       10.04631337158600       10.10715985928934       -0.00000966013403       -0.00002531780295        0.00005888556259
    401       10.07424508090842        8.21959844488669        9.94652069240650        0.00136893869409       -0.00010668355861       -0.00047417216877
    401       10.60045090236631       10.80009441447681        8.56774801433628       -0.00134117706441        0.00056883189718       -0.00021936789486
    402        9.95224626108031       10.04621303364101       10.10739802522107       -0.00001019583873       -0.00002486764382        0.00006017566791
    402       10.07973092172948        8.21917154667351        9.94460133816362        0.00137406819104       -0.00010646145015       -0.00048537248969
    402       10.59509549663879       10.80235264578126        8.56685111321743       -0.00133656517017        0.00056042434863       -0.00022916778993
    403        9.95220441903326       10.04611443043540       10.10764126463260       -0.00001074534056       -0.00002444264281        0.00006143432247
    403       10.08523762643675        8.21874675328553        9.94263771248897        0.00137933980207       -0.00010560227415       -0.00049634306235
    403       10.58975838100496       10.80457780926587        8.56591467201686       -0.00133205372342        0.00055229991830       -0.00023911875239
    404        9.95216029835587       10.04601749249854       10.10788949980081       -0.00001135066170       -0.00002402697023        0.00006268787826
    404       10.09076564014601        8.21832672848034        9.94063059366482        0.00138466621652       -0.00010404763895       -0.00050716108514
    404       10.58443906685142       10.80677104512767        8.56493816319834       -0.00132768517458        0.00054443903099       -0.00024916046328
    405        9.95211361373963       10.04592221467359       10.10814276765866       -0.00001202025954       -0.00002361835153        0.00006395319426
    405       10.09631495616891        8.21791437217395        9.93858042380783        0.00138991380884       -0.00010173432144       -0.00051788984673
    405       10.57913689960829       10.80893332151378        8.56392138831063       -0.00132349497548        0.00053676855015       -0.00025919510500
    406        9.95206413627953       10.04582854568628       10.10840112535486       -0.00001272320064       -0.00002324125182        0.00006521739156
    406       10.10188495061673        8.21751285390882        9.93648747489096        0.00139492433844       -0.00009857856437       -0.00052854069728
    406       10.57385110704757       10.81106519352889        8.56286460235833       -0.00131950118847        0.00052916823208       -0.00026910924085
    407        9.95201182813447       10.04573628465904       10.10866450679118       -0.00001341072545       -0.00002293125771        0.00006644132829
    407       10.10747435087646        8.21712574365902        9.93435209822960        0.00139955699841       -0.00009446586007       -0.00053907325689
    407       10.56858089010052       10.81316666737043        8.56176851438387       -0.00131569756166        0.00052150479785       -0.00027879362307
    408        9.95195685047593       10.04564509562459       10.10893265598118       -0.00001404548479       -0.00002270761792        0.00006758610817
    408       10.11308140660398        8.21675712702824        9.93217488883588        0.00140373233955       -0.00008927499429       -0.00054942275332
    408       10.56332552655427       10.81523723191167        8.56063425337381       -0.00131205208208        0.00051366900595       -0.00028814408545
    409        9.95189946425619       10.04555462371565       10.10920519565651       -0.00001461776015       -0.00002256039549        0.00006863942091
    409       10.11870420959290        8.21641154370469        9.92995671620303        0.00140745018579       -0.00008291832411       -0.00055952763745
    409       10.55808447344388       10.81727601941804        8.55946336170028       -0.00130851038029        0.00050560261288       -0.00029706695523
    410        9.95183990839469       10.04546461246067       10.10948177134844       -0.00001514046984       -0.00002246291236        0.00006962194811
    410       10.12434100809028        8.21609378043538        9.92769866773630        0.00141077095396       -0.00007536294828       -0.00056934716909
    410       10.55285744351196       10.81928205281469        8.55825771773196       -0.00130500881851        0.00049730813034       -0.00030550301595
    411        9.95177834049746       10.04537492041677       10.10976217124143       -0.00001563008564       -0.00002240123647        0.00007057283577
    411       10.12999037722460        8.21580864011843        9.92540193885031        0.00141377631313       -0.00006663405213       -0.00057887015080
    411       10.54764440289583       10.82125448446078        8.55701933757268       -0.00130149769059        0.00048882974247       -0.00031343852339
    412        9.95171486770959       10.04528540256893       10.11004635403459       -0.00001609115916       -0.00002239577482        0.00007152508605
    412       10.13565121859530        8.21556070801832        9.92306770652991        0.00141653482418       -0.00005681472656       -0.00058810831957
    412       10.54244546198723       10.82319269075446        8.55575020954483       -0.00129796094119        0.00048021674835       -0.00032088101160
    413        9.95164961122416       10.04519575421819       10.11033437192981       -0.00001651976735       -0.00002248877732        0.00007248752679
    413       10.14132265581802        8.21535412230598        9.92069707229371        0.00141908598300       -0.00004603410736       -0.00059707502887
    413       10.53726071536631       10.82509621844761        8.55445228947984       -0.00129441499364        0.00047150248539       -0.00032783211105
    414        9.95158270957076       10.04510549235037       10.11062625424888       -0.00001692122186       -0.00002270246547        0.00007344811381
    414       10.14700390645930        8.21519243515944        9.91829110629894        0.00142144063599       -0.00003443855569       -0.00060577248338
    414       10.53209014203807       10.82696471063757        8.55312755265643       -0.00129089057436        0.00046270861080       -0.00033428954630
    415        9.95151424144929       10.04501413449445       10.11092195684026       -0.00001731746958       -0.00002300783501        0.00007439290032
    415       10.15269418090594        8.21507861386048        9.91585089242664        0.00142358933040       -0.00002216319942       -0.00061420097333
    415       10.52693359077147       10.82879788733404        8.55177797310945       -0.00128742405915        0.00045385648108       -0.00034025761455
    416        9.95144416981415       10.04492142967026       10.11122139745143       -0.00001772930601       -0.00002333750370        0.00007531571145
    416       10.15839262110249        8.21501512956407        9.91337749851234        0.00142551123051       -0.00000931808801       -0.00062236946018
    416       10.52179074956486       10.83059556248618        8.55040549174003       -0.00128406493438        0.00044497142347       -0.00034573865684
    417        9.95137240700122       10.04482743446489       10.11152448253187       -0.00001815134117       -0.00002363236943        0.00007620825369
    417       10.16409827075003        8.21500406915642        9.91087193674523        0.00142718392573        0.00000401524678       -0.00063029126656
    417       10.51666107129640       10.83235765872181        8.54901206385472       -0.00128087359087        0.00043607874069       -0.00035071868795
    418        9.95129895908482       10.04473237071482       10.11183106348093       -0.00001855007825       -0.00002387929732        0.00007705092341
    418       10.16981009250832        8.21504725153828        9.90833516837989        0.00142859862931        0.00001778632035       -0.00063797821855
    418       10.51154376083789       10.83408419241167        8.54759974223643       -0.00127790653930        0.00042720226739       -0.00035516712078
    419        9.95122400637524       10.04463640008631       10.11214088991912       -0.00001889053652       -0.00002410705777        0.00007782236879
    419       10.17552705978454        8.21514635971924        9.90576811099687        0.00142977499117        0.00003198163175       -0.00064543870395
    419       10.50643781898199       10.83577527686093        8.54617072688849       -0.00127521775777        0.00041837980890       -0.00035904842563
    420        9.95114783479270       10.04453951425265       10.11245364243122       -0.00001916617246       -0.00002434940215        0.00007851531934
    420       10.18124829243768        8.21530310459225        9.90317165874827        0.00143076413760        0.00004663061261       -0.00065266653932
    420       10.50134201877574       10.83743123088284        8.54472735483136       -0.00127286925819        0.00040967879192       -0.00036234082627
    421        9.95107067699555       10.04444160486914       10.11276901247381       -0.00001940321143       -0.00002461505010        0.00007913850953
    421       10.18697317288537        8.21551940462014        9.90054677868233        0.00143164137622        0.00006179896289       -0.00065962875790
    421       10.49625486491650       10.83905270719626        8.54327200027830       -0.00127091455621        0.00040117335004       -0.00036505321116
    422        9.95099260910123       10.04434259385187       10.11308675050745       -0.00001963540645       -0.00002489136368        0.00007970840075
    422       10.19270142344744        8.21579749629537        9.89789462868505        0.00143249440085        0.00007755731276       -0.00066627379575
    422       10.49117470232610       10.84064061768313        8.54180692914210       -0.00126936615560        0.00039288940026       -0.00036721906170
    423        9.95091359374398       10.04424247395968       10.11340667967981       -0.00001987420359       -0.00002517058847        0.00008024450239
    423       10.19843312809219        8.21613986312219        9.89521658831636        0.00143340143154        0.00009393610251       -0.00067255163574
    423       10.48609993567169       10.84219582239831        8.54033424778474       -0.00126818716783        0.00038476882222       -0.00036886762319
    424        9.95083361547248       10.04414122914410       10.11372870652658       -0.00002010154125       -0.00002547028149        0.00008076484520
    424       10.20416863489974        8.21654898511548        9.89251421559916        0.00143439900950        0.00011090196360       -0.00067842522737
    424       10.48102920498347       10.84371876826087        8.53885598815658       -0.00126730557312        0.00037667662688       -0.00037000314882
    425        9.95075278141396       10.04403871170776       10.11405279844137       -0.00002028652486       -0.00002583148821        0.00008127267134
    425       10.20990832016822        8.21702707883095        9.88978918649742        0.00143545919710        0.00012837490777       -0.00068387658334
    425       10.47596149108670       10.84520923541331        8.53737422259418       -0.00126663144457        0.00036844068445       -0.00037060526291
    426        9.95067132327356       10.04393457723846       10.11437888789732       -0.00002040745095       -0.00002629545711        0.00008174417091
    426       10.21565230847650        8.21757598437764        9.88704320293244        0.00143649501424        0.00014626174665       -0.00068891478080
    426       10.47089615342691       10.84666629373648        8.53589114605327       -0.00126608030836        0.00035991185142       -0.00037063443884
    427        9.95058952180640       10.04382834805092       10.11470675180863       -0.00002046498168       -0.00002687316596        0.00008213421604
    427       10.22140028028215        8.21819717280415        9.88427786825104        0.00143739111861        0.00016447480403       -0.00069357862238
    427       10.46583284861980       10.84808853022465        8.53440914708348       -0.00126559811197        0.00035101649072       -0.00037003920352
    428        9.95050760342009       10.04371959191081       10.11503596162561       -0.00002048083419       -0.00002753161533        0.00008239901928
    428       10.22715143742541        8.21889178280986        9.88149457395338        0.00143804013098        0.00018293979876       -0.00069793108724
    428       10.46077136853115       10.84947442566227        8.53293083242507       -0.00126516890375        0.00034176760135       -0.00036877667130
    429        9.95042567513292       10.04360809512826       10.11536594396284       -0.00002048078659       -0.00002821186244        0.00008251926605
    429       10.23290460133000        8.21966069119423        9.87869441955308        0.00143836582769        0.00020160583850       -0.00070204658598
    429       10.45571149738982       10.85082267103546        8.53145893371306       -0.00126480812519        0.00033224214170       -0.00036683861921
    430        9.95034375712734       10.04349389701129       10.11569611575398       -0.00002047367633       -0.00002886548634        0.00008250926557
    430       10.23865836404690        8.22050462951787        9.87587820126551        0.00143833063976        0.00022044658627       -0.00070598824743
    430       10.45065290352963       10.85213236279586        8.52999612347142       -0.00126455401589        0.00032255258894       -0.00036425954187
    431        9.95026188572228       10.04337717123754       10.11602601808739       -0.00002044725713       -0.00002948073529        0.00008240754669
    431       10.24441124644805        8.22142426388441        9.87304651357365        0.00143793806378        0.00023944089096       -0.00070978910854
    431       10.44559506526269       10.85340309174697        8.52854485737808       -0.00126445350730        0.00031281768627       -0.00036109817589
    432        9.95018017907033       10.04325805112896       10.11635537612752       -0.00002038538831       -0.00003008319554        0.00008225693757
    432       10.25016186855710        8.22242015664551        9.87019988839716        0.00143723427566        0.00025854589170       -0.00071345997734
    432       10.44053727547124       10.85463490428602        8.52710733806427       -0.00126454339386        0.00030313747110       -0.00035740557838
    433        9.95009880261581       10.04313650567321       10.11668407358797       -0.00002028776526       -0.00003071379495        0.00008209056309
    433       10.25590912065330        8.22349263101798        9.86733883375492        0.00143630226406        0.00027768370705       -0.00071701307598
    433       10.43547871811184       10.85582819151574        8.52568561275100       -0.00126484047857        0.00029358695395       -0.00035319990277
    434        9.95001787694821       10.04301234076935       10.11701210063222       -0.00002017425279       -0.00003139480902        0.00008193034876
    434       10.26165228666962        8.22464162630195        9.86446378378930        0.00143524176455        0.00029675099773       -0.00072046624811
    434       10.43041855164268       10.85698359991764        8.52428173884213       -0.00126534725413        0.00028421778346       -0.00034845966084
    435        9.94993740859347       10.04288534720108       10.11733951637804       -0.00002007286494       -0.00003210526744        0.00008178591832
    435       10.26739105476972        8.22586663899985        9.86157510377005        0.00143413388244        0.00031564759004       -0.00072382070801
    435       10.42535594007877       10.85810193378344        8.52289793546429       -0.00126607062796        0.00027504939601       -0.00034313106515
    436        9.94985729402867       10.04275549862986       10.11766638797878       -0.00002000116534       -0.00003279071418        0.00008164411542
    436       10.27312535772916        8.22716680702228        9.85867321812520        0.00143300331994        0.00033430837005       -0.00072703966329
    436       10.42028998661904       10.85918399508575        8.52153669032096       -0.00126704215207        0.00026606136664       -0.00033714031259
    437        9.94977739927073       10.04262302148767       10.11799266930138       -0.00001995419799       -0.00003340346743        0.00008146227271
    437       10.27885508132925        8.22854110596024        9.85575878646375        0.00143180754568        0.00035271748395       -0.00073005135666
    437       10.41521960286221       10.86023042471659        8.52020081296361       -0.00126831707308        0.00025720460225       -0.00033041346148
    438        9.94969766044473       10.04248827089038       10.11831808616047       -0.00001991003675       -0.00003393443765        0.00008118485448
    438       10.28457981809461        8.22998854689391        9.85283280727193        0.00143046778306        0.00037089570542       -0.00073277388122
    438       10.41014345003438       10.86124163190376        8.51889338262909       -0.00126994526255        0.00024842376514       -0.00032290744956
    439        9.94961811897671       10.04235154598650       10.11864214813719       -0.00001985057465       -0.00003440739961        0.00008077841384
    439       10.29029882359370        8.23150827160358        9.84989659541401        0.00142891559084        0.00038887322676       -0.00073514121952
    439       10.40506004076182       10.86221781483775        8.51761755336710       -0.00127193610993        0.00023967242327       -0.00031463589697
    440        9.94953885584750       10.04221301169352       10.11896431347121       -0.00001977805248       -0.00003485045132        0.00008025631777
    440       10.29601114282133        8.23309953270797        9.84695167751575        0.00142711728497        0.00040666879707       -0.00073711432857
    440       10.39996796115494       10.86315901128990        8.51637629545334       -0.00127423940578        0.00023091401843       -0.00030566839719
    441        9.94945989455690       10.04207274237593       10.11928419867934       -0.00001970811341       -0.00003528030105        0.00007967196152
    441       10.30171576187344        8.23476162198011        9.84399968078543        0.00142507047584        0.00042428106412       -0.00073867646768
    441       10.39486612551558       10.86406512698522        8.51517220618961       -0.00127675057832        0.00022212059330       -0.00029610759427
    442        9.94938119094026       10.04193076928515       10.11960168916337       -0.00001964334671       -0.00003571248561        0.00007908506939
    442       10.30741170662804        8.23649378122089        9.84104226577431        0.00142279161702        0.00044168176892       -0.00073981848926
    442       10.38975395652838       10.86493597603630        8.51400743469920       -0.00127934099778        0.00021328283115       -0.00028606460754
    443        9.94930274778323       10.04178704249104       10.11991687923442       -0.00001955556514       -0.00003617494363        0.00007852488682
    443       10.31309809480960        8.23829507613146        9.83808113287137        0.00142030523620        0.00045880888064       -0.00074052410244
    443       10.38463139753337       10.86577138963444        8.51288368932930       -0.00128189608628        0.00020441965957       -0.00027563984700
    444        9.94922474641911       10.04164136973612       10.12022988825791       -0.00001940101891       -0.00003669548024        0.00007797702938
    444       10.31877414851765        8.24016425226601        9.83511807295480        0.00141763556752        0.00047557019779       -0.00074077311624
    444       10.37949878783811       10.86657133331288        8.51180231592321       -0.00128433533089        0.00019556979544       -0.00026490758716
    445        9.94914753963194       10.04149347864915       10.12054069546944       -0.00001915790184       -0.00003726851543        0.00007740330308
    445       10.32443917934976        8.24209963771378        9.83215494794145        0.00141480591787        0.00049185683171       -0.00074056539418
    445       10.37435671488625       10.86733594799800        8.51076442863202       -0.00128661258293        0.00018677676266       -0.00025391216080
    446        9.94907148320440       10.04134322161271       10.12084911468258       -0.00001884775009       -0.00003784126077        0.00007677428915
    446       10.33009259586061        8.24409910691966        9.82919354980132        0.00141184609944        0.00050755691524       -0.00073993551583
    446       10.36920588717466       10.86806554741416        8.50977101863681       -0.00128871425411        0.00017808364455       -0.00024267990171
    447        9.94899675763125       10.04119074856296       10.12115488978262       -0.00001851837173       -0.00003834228733        0.00007608551906
    447       10.33573394814528        8.24616009303566        9.82623546381481        0.00140879568816        0.00052257241563       -0.00073893770373
    447       10.36404700085335       10.86876061715438        8.50882298941837       -0.00129066388902        0.00016953272886       -0.00023123349958
    448        9.94892333623053       10.04103648331407       10.12145779883509       -0.00001820764266       -0.00003872648967        0.00007535115602
    448       10.34136296136585        8.24827968624468        9.82328204817147        0.00140570077112        0.00053684115630       -0.00073762794729
    448       10.35888057606247       10.86942180924506        8.50792115064014       -0.00129252920911        0.00016117018194       -0.00021959639805
    449        9.94885109648995       10.04088093664557       10.12175769903081       -0.00001792310654       -0.00003899611098        0.00007458866504
    449       10.34697955431427        8.25045482228609        9.82033444023646        0.00140261402756        0.00055034653838       -0.00073606958048
    449       10.35370676718045       10.87004997860988        8.50706621823397       -0.00129441966157        0.00015306043599       -0.00020778937002
    450        9.94877995137819       10.04072451442624       10.12205450815542       -0.00001764946552       -0.00003918827576        0.00007380436127
    450       10.35258387358633        8.25268245855170        9.81739349152760        0.00139959107693        0.00056310517919       -0.00073433738384
    450       10.34852521876991       10.87064629273301        8.50625883567994       -0.00129646084509        0.00014529084089       -0.00019582557397
    451        9.94870990076582       10.04056743043949       10.12234813392101       -0.00001737062976       -0.00003934756732        0.00007298679753
    451       10.35817628292972        8.25495966371960        9.81445974116575        0.00139667141990        0.00057515152156       -0.00073249307733
    451       10.34333508041975       10.87121230533701        8.50549961364221       -0.00129875145626        0.00013794915043       -0.00018370986029
    452        9.94864098634008       10.04040973388764       10.12263840253569       -0.00001708777626       -0.00003950314280        0.00007211722442
    452       10.36375724494551        8.25728367072416        9.81153354690895        0.00139386312482        0.00058653310893       -0.00073055861302
    452       10.33813520711984       10.87174988593643        8.50478915679761       -0.00130132987587        0.00013109228363       -0.00017144650102
    453        9.94857319855576       10.04025140529707       10.12292507171634       -0.00001681990987       -0.00003966035414        0.00007119191057
    453       10.36932718792828        8.25965192859108        9.80861527226156        0.00139115437587        0.00059730147328       -0.00072852107583
    453       10.33292444141278       10.87226104360602        8.50412804163407       -0.00130417430170        0.00012473208719       -0.00015904813694
    454        9.94850642706115       10.04009245105454       10.12320793782026       -0.00001658431998       -0.00003980938606        0.00007023291434
    454       10.37488647995250        8.26206208251038        9.80570537830228        0.00138853670460        0.00060748925436       -0.00072635565802
    454       10.32770181270626       10.87274774263395        8.50351677170207       -0.00130723737324        0.00011884205758       -0.00014653633597
    455        9.94844052399590       10.03993293020861       10.12348693503108       -0.00001637411004       -0.00003994354730        0.00006927380245
    455       10.38043548156506        8.26451184262596        9.80280442699742        0.00138601018636        0.00061709380310       -0.00072403880185
    455       10.32246654242685       10.87321178006663        8.50295575094634       -0.00131048448817        0.00011337744256       -0.00013394118793
    456        9.94837543418081       10.03977290267612       10.12376212823983       -0.00001615840540       -0.00004007052654        0.00006833436371
    456       10.38597456144340        8.26699883293519        9.79991306788749        0.00138356776104        0.00062608408499       -0.00072154922688
    456       10.31721793680093       10.87365476217442        8.50244524219863       -0.00131389638955        0.00010829680959       -0.00012130672640
    457        9.94831125675272       10.03961236599632       10.12403360994079       -0.00001590857945       -0.00004020580380        0.00006740898695
    457       10.39150402365338        8.26952051530587        9.79703203318241        0.00138118453195        0.00063441646016       -0.00071886661489
    457       10.31195537131049       10.87407815454335        8.50198529713511       -0.00131744452760        0.00010357272149       -0.00010868734691
    458        9.94824816554518       10.03945125624570       10.12430140013545       -0.00001562453204       -0.00004035709443        0.00006647795179
    458       10.39702403769902        8.27207416461645        9.79416213496839        0.00137883693643        0.00064203937722       -0.00071597637879
    458       10.30667838058017       10.87448334394636        8.50157574342335       -0.00132108782140        0.00009919296146       -0.00009613092642
    459        9.94818626049641       10.03928950924085       10.12456543355508       -0.00001533441778       -0.00004051816526        0.00006552773049
    459       10.40253471914481        8.27465683032359        9.79130422215210        0.00137653680511        0.00064889015147       -0.00071288235831
    459       10.30138666873929       10.87487169823504        8.50121624972374       -0.00132479462094        0.00009516124280       -0.00008367353594
    460        9.94812549020296       10.03912711092363       10.12482562197938       -0.00001506712995       -0.00004067829216        0.00006456022032
    460       10.40803633213991        8.27726528582820        9.78845907610193        0.00137433777000        0.00065489754050       -0.00070960926276
    460       10.29608002361264       10.87524463388872        8.50090635513581       -0.00132854426732        0.00009149213065       -0.00007135093210
    461        9.94806572345680       10.03896408290355       10.12508191531764       -0.00001482246674       -0.00004083597810        0.00006358679695
    461       10.41352942130480        8.27989601064757        9.78562734805003        0.00137230969972        0.00065999460253       -0.00070617906022
    461       10.29075831460077       10.87560363528021        8.50064544226691       -0.00133230435145        0.00008819301412       -0.00005919855258
    462        9.94800691046906       10.03880042309881       10.12533431635496       -0.00001456830762       -0.00004099959718        0.00006261739171
    462       10.41901480973767        8.28254524264843        9.78280964362016        0.00137051366913        0.00066413830876       -0.00070258380373
    462       10.28542158880104       10.87595017800171        8.50043276671517       -0.00133602907996        0.00008525518661       -0.00004723991327
    463        9.94794917699586       10.03863608612613       10.12558285445130       -0.00001426988083       -0.00004117073687        0.00006165253078
    463       10.42449353065786        8.28520911711765        9.78000667762016        0.00136898455687        0.00066732612944       -0.00069878715441
    463       10.28007008196106       10.87628567677306        8.50026752296078       -0.00133968755442        0.00008268057894       -0.00003549472072
    464        9.94789275142243       10.03847105720383       10.12582753660118       -0.00001392307707       -0.00004133084614        0.00006068227995
    464       10.42996668619264        8.28788385168391        9.77721934638488        0.00136771579419        0.00066959396145       -0.00069475036239
    464       10.27470408836568       10.87661162263325        8.50014880894939       -0.00134327854617        0.00008051529718       -0.00002399926175
    465        9.94783779237933       10.03830543935701       10.12606831269090       -0.00001356068078       -0.00004145464494        0.00005969567373
    465       10.43543525701140        8.29056586880923        9.77444867472106        0.00136666364335        0.00067099188695       -0.00069045779886
    465       10.26932385359173       10.87692979915046        8.50007552886680       -0.00134680621148        0.00007883480008       -0.00001280259485
    466        9.94778426597616       10.03813942004432       10.12630510199102       -0.00001323088560       -0.00004153844901        0.00005869439638
    466       10.44089999533944        8.29325178677949        9.77169568399397        0.00136577144398        0.00067155977895       -0.00068592819368
    466       10.26392963867386       10.87724230103387        8.50004638819059       -0.00135024785105        0.00007769627096       -0.00000194544176
    467        9.94773194529457       10.03797313176494       10.12653786786190       -0.00001297041132       -0.00004160602008        0.00005769514354
    467       10.44636142856323        8.29593834704085        9.76896124917164        0.00136498827966        0.00067132678751       -0.00068120844468
    467       10.25852187078336       10.87755136931815        8.50005996533275       -0.00135356340462        0.00007712431759        0.00000854662787
    468        9.94768050268558       10.03780657188364       10.12676666313930       -0.00001278913801       -0.00004168092302        0.00005671703511
    468       10.45181990157672        8.29862240107954        9.76624601643655        0.00136427806601        0.00067032875276       -0.00067635564790
    468       10.25310113143690       10.87785929557462        8.50011476121355       -0.00135674568883        0.00007713161446        0.00001866089914
    469        9.94762963219046       10.03763968438079       10.12699160414280       -0.00001266986657       -0.00004175556478        0.00005576833953
    469       10.45727565309128        8.30130097706294        9.76355040398845        0.00136362216681        0.00066861745770       -0.00067142095627
    469       10.24766790527270       10.87816842223382        8.50020925252590       -0.00135984940021        0.00007772538203        0.00002840191310
    470        9.94757914375305       10.03747252736539       10.12721280985551       -0.00001258019539       -0.00004179093574        0.00005484354093
    470       10.46272887891121        8.30397134074116        9.76087464878638        0.00136300339585        0.00066625187806       -0.00066644012995
    470       10.24222233623522       10.87848109863090        8.50034197651838       -0.00136295683952        0.00007890364233        0.00003778805225
    471        9.94752899062736       10.03730535689488       10.12743035247026       -0.00001248948250       -0.00004174975939        0.00005392767591
    471       10.46817968025804        8.30663099208745        9.75821888294883        0.00136238517631        0.00066328406127       -0.00066142242124
    471       10.23676425055655       10.87879965137242        8.50051155694392       -0.00136611278626        0.00008067143829        0.00004682875317
    472        9.94747922789302       10.03713852929025       10.12764423126277       -0.00001238263346       -0.00004163026177        0.00005300409388
    472       10.47362796032172        8.30927761323128        9.75558326941647        0.00136171686426        0.00065975028980       -0.00065633729708
    472       10.23129343394515       10.87912647013718        8.50071660654371       -0.00136928322268        0.00008305156857        0.00005550022323
    473        9.94742992955970       10.03697231480074       10.12785438522133       -0.00001226451382       -0.00004146458538        0.00005206717311
    473       10.47907341517213        8.31190899440582        9.75296818457223        0.00136095901274        0.00065566809706       -0.00065111513259
    473       10.22580998477510       10.87946406392101        8.50095555872977       -0.00137236176824        0.00008605641098        0.00006374215278
    474        9.94738111178244       10.03680681260723       10.12806076864768       -0.00001215070923       -0.00004128947004        0.00005113353927
    474       10.48451563242361        8.31452295800779        9.75037434835577        0.00136010355729        0.00065104038325       -0.00064566990070
    474       10.22031453979926       10.87981492142505        8.50122654376591       -0.00137522340562        0.00008964967310        0.00007148431090
    475        9.94733272388587       10.03664199904043       10.12826345353553       -0.00001204761318       -0.00004113079993        0.00005023607577
    475       10.48995424363048        8.31711731747185        9.74780282536665        0.00135917801381        0.00064586822775       -0.00063992499303
    475       10.21480819753011       10.88018126130581        8.50152743321694       -0.00137779517542        0.00009374448860        0.00007868927203
    476        9.94728473087703       10.03647776620777       10.12846265725385       -0.00001193816045       -0.00004101169406        0.00004939950623
    476       10.49538905653407        8.31968990382977        9.74525494841149        0.00135822770082        0.00064016848812       -0.00063382312147
    476       10.20929217839586       10.88056487733386        8.50185605794217       -0.00138008857669        0.00009824157565        0.00008537110178
    477        9.94723721860229       10.03631390548794       10.12865864958537       -0.00001179014659       -0.00004095164840        0.00004862019966
    477       10.50082006523708        8.32223866537680        9.74273224039485        0.00135728866077        0.00063398775650       -0.00062733106992
    477       10.20376748891663       10.88096719391102        8.50221040203115       -0.00138217949378        0.00010307783464        0.00009156713781
    478        9.94719040970433       10.03615015302059       10.12885161885113       -0.00001158351837       -0.00004094621543        0.00004787013075
    478       10.50624736582025        8.32476180588174        9.74023629985217        0.00135637980720        0.00062740011864       -0.00062045599615
    478       10.19823474244564       10.88138950001102        8.50258859504466       -0.00138417753180        0.00010825110399        0.00009729646600
    479        9.94714455045536       10.03598633576447       10.12904161063134       -0.00001133295191       -0.00004095756393        0.00004711962912
    479       10.51167110369470        8.32725786632592        9.73776859242567        0.00135551206815        0.00062048319977       -0.00061326300357
    479       10.19269406866221       10.88183320274298        8.50298877375918       -0.00138620472610        0.00011380498053        0.00010254845430
    480        9.94709974608904       10.03582249250917       10.12922857588409       -0.00001108455063       -0.00004093557770        0.00004635856891
    480       10.51709146236546        8.32972567147986        9.73533019582357        0.00135469742865        0.00061329129717       -0.00060587210368
    480       10.18714510463685       10.88229993985525        8.50340898267903       -0.00138836573954        0.00011978993011        0.00010729895332
    481        9.94705587405035       10.03565885114284       10.12941247918261       -0.00001088754349       -0.00004085366826        0.00004560057160
    481       10.52250868312386        8.33216419670327        9.73292161559624        0.00135396508628        0.00060585122820       -0.00059842544453
    481       10.18158714274590       10.88279152218385        8.50384716538573       -0.00139071995375        0.00012622949321        0.00011153216834
    482        9.94701264574110       10.03549566316308       10.12959338045691       -0.00001076264148       -0.00004073091742        0.00004486917618
    482       10.52792318305573        8.33457248130549        9.73054279226732        0.00135337658919        0.00059818132072       -0.00059103312202
    482       10.17601934500689       10.88330977580092        8.50430124002575       -0.00139328745357        0.00013310514191        0.00011526219536
    483        9.94696977291854       10.03533300380349       10.12977143259204       -0.00001068974225       -0.00004062004954        0.00004417882727
    483       10.53333569583740        8.33694964726903        9.72819335062011        0.00135300987608        0.00059031675273       -0.00058372837249
    483       10.17044084311737       10.88385636331912        8.50476926294860       -0.00139607695811        0.00014036399742        0.00011854405233
    484        9.94692712780309       10.03517070276672       10.12994681107509       -0.00001062097900       -0.00004056503301        0.00004352448537
    484       10.53874726206434        8.33929501532733        9.72587296528744        0.00135292589443        0.00058232706376       -0.00057646563906
    484       10.16485072934199       10.88443268778030        8.50524959244442       -0.00139909571582        0.00014795415185        0.00012145196377
    485        9.94688480508651       10.03500848353939       10.13011962847502       -0.00001050893304       -0.00004056604377        0.00004288300656
    485       10.54415910299285        8.34160826377913        9.72358162550762        0.00135315602694        0.00057431349937       -0.00056915662881
    485       10.15924807739080       10.88503999653392        8.50574087865878       -0.00140233904971        0.00015587262488        0.00012403076259
    486        9.94684305633876       10.03484617441659       10.13028987512757       -0.00001033356284       -0.00004058855684        0.00004222593403
    486       10.54957251027983        8.34388952332232        9.72131971225693        0.00135370402962        0.00056638541738       -0.00056171210263
    486       10.15363201694432       10.88567966877932        8.50624183854511       -0.00140578898721        0.00016418478381        0.00012626481030
    487        9.94680213658381       10.03468377508464       10.13045743594726       -0.00001011238313       -0.00004060390178        0.00004154258271
    487       10.55498873522982        8.34613934711819        9.71908792868659        0.00135454089375        0.00055863232010       -0.00055407317160
    487       10.14800176549313       10.88635347480436        8.50675099714115       -0.00140942666852        0.00017299279047        0.00012809399083
    488        9.94676215727372       10.03452134320231       10.13062221578927       -0.00000988764976       -0.00004061625745        0.00004085737483
    488       10.56040883742983        8.34835858188312        9.71688712688412        0.00135560301414        0.00055109866741       -0.00054622900641
    488       10.14235660359612       10.88706361110306        8.50726659047173       -0.00141323310404        0.00018238134120        0.00012945646953
    489        9.94672303538577       10.03435884502501       10.13078429494591       -0.00000969963374       -0.00004065866715        0.00004021909843
    489       10.56583355934298        8.35054813645750        9.71471809663534        0.00135680701464        0.00054376078477       -0.00053821445118
    489       10.13669590066078       10.88781252553395        8.50778664889739       -0.00141717313450        0.00019237834782        0.00013032299985
    490        9.94668456020383       10.03419607386514       10.13094396857671       -0.00000956358406       -0.00004077576757        0.00003966637344
    490       10.57126329354696        8.35270866816128        9.71258141127469        0.00135807110760        0.00053653301423       -0.00053009077004
    490       10.13101921852011       10.88860263788563        8.50830917447054       -0.00142119213904        0.00020293600307        0.00013071128249
    491        9.94664652671329       10.03403263888441       10.13110162593339       -0.00000946408460       -0.00004100401397        0.00003919953738
    491       10.57669812820380        8.35484040057136        9.71047737047505        0.00135932392720        0.00052932767415       -0.00052192222796
    491       10.12532636354843       10.88943601355851        8.50883233915729       -0.00142523772023        0.00021393186726        0.00013068202854
    492        9.94660884752702       10.03386804175340       10.13125756487573       -0.00000937002200       -0.00004134744809        0.00003877957416
    492       10.58213788496460        8.35694328955447        9.70840603345098        0.00136049484715        0.00052212901354       -0.00051375556031
    492       10.11961731675825       10.89031409282370        8.50935463069884       -0.00142927759546        0.00022520005201        0.00013031835404
    493        9.94657156653729       10.03370185929969       10.13141186252666       -0.00000925936419       -0.00004176441815        0.00003835018558
    493       10.58758208698103        8.35901743267965        9.70636732599256        0.00136150526494        0.00051501625891       -0.00050560885259
    493       10.11389214278478       10.89123761397461        8.50987488598957       -0.00143329449646        0.00023657791008        0.00012970112404
    494        9.94653477261346       10.03353392640817       10.13156436636035       -0.00000913266156       -0.00004218843585        0.00003786625391
    494       10.59302992708414        8.36106341962572        9.70436116263022        0.00136227672199        0.00050812700655       -0.00049747507607
    494       10.10815096078657       10.89220671610433        8.51039223969117       -0.00143727346717        0.00024793555632        0.00012889629644
    495        9.94649850524481       10.03336435181286       10.13171479255790       -0.00000900256257       -0.00004257386536        0.00003731028098
    495       10.59848030075694        8.36308244873205        9.70238752538403        0.00136273499108        0.00050159751996       -0.00048933221356
    495       10.10239395504744       10.89322109842520        8.51090605636107       -0.00144119111515        0.00025918512936        0.00012795165696
    496        9.94646275211294       10.03319333548528       10.13186284860816       -0.00000887069143       -0.00004292809722        0.00003668861383
    496       10.60393180701275        8.36507619978541        9.70044650492172        0.00136279831068        0.00049551269197       -0.00048115157718
    496       10.09662143186538       10.89428019713918        8.51141585294684       -0.00144500274386        0.00027028505886        0.00012689225731
    497        9.94642753971334       10.03302092703511       10.13200830146858       -0.00000871741154       -0.00004330346235        0.00003601855176
    497       10.60938268724236        8.36704655026779        9.69853831276655        0.00136238572933        0.00048989023545       -0.00047290748383
    497       10.09083393309658       10.89538337889607        8.51192119441954       -0.00144864300404        0.00028123676259        0.00012571821061
    498        9.94639301282059       10.03284690778652       10.13215099702220       -0.00000851765467       -0.00004375361752        0.00003532313370
    498       10.61483089284735        8.36899532166901        9.69666324505109        0.00136145982056        0.00048470740606       -0.00046458502007
    498       10.08503228783302       10.89653009123987        8.51242159863168       -0.00145205511629        0.00029206848618        0.00012441460267
    499        9.94635939847599       10.03267089809499       10.13229088653814       -0.00000826785745       -0.00004428606746        0.00003463386703
    499       10.62027436580680        8.37092420951624        9.69482163260601        0.00136005485851        0.00047994357441       -0.00045617395915
    499       10.07921749216628       10.89771992678554        8.51291651124094       -0.00145522251897        0.00030281557136        0.00012297189863
    500        9.94632686996096       10.03249261924688       10.13242806795845       -0.00000799446459       -0.00004485136744        0.00003398805792
    500       10.62571133171548        8.37283487026432        9.69301385337786        0.00135825782934        0.00047560591145       -0.00044765219331
    500       10.07339050768128       10.89895261581078        8.51340537382073       -0.00145817051445        0.00031350905244        0.00012140415653
    501        9.94629544275926       10.03231208715543       10.13256279100147       -0.00000773311081       -0.00004538138370        0.00003341590629
    501       10.63114042844152        8.37472905680788        9.69124041505953        0.00135617032906        0.00047173289222       -0.00043897517497
    501       10.06755212805070       10.90022799920505        8.51388774449320       -0.00146094863988        0.00032417965891        0.00011975166402
    502        9.94626500507444       10.03212956817727       10.13269539520875       -0.00000749932213       -0.00004584195683        0.00003292702427
    502       10.63656069434798        8.37660873340210        9.68950205197810        0.00135388063375        0.00046838047705       -0.00043007773170
    502       10.06170291856223       10.90154605308207        8.51436338713290       -0.00146361945547        0.00033486693988        0.00011806737278
    503        9.94623544818220       10.03194535150078       10.13282620719563       -0.00000727763963       -0.00004625421922        0.00003250489385
    503       10.64197147351151        8.37847610062425        9.68779979320596        0.00135144673797        0.00046559538335       -0.00042088611595
    503       10.05584317240692       10.90290693472405        8.51483228347545       -0.00146625326036        0.00034560666905        0.00011640298711
    504        9.94620678395743       10.03175953442350       10.13295543435951       -0.00000703502681       -0.00004667289264        0.00003210904110
    504       10.64737226825172        8.38033349646891        9.68613496305051        0.00134889489782        0.00046339645837       -0.00041134206662
    504       10.04997289247932       10.90431090643445        8.51529461102978       -0.00146891974362        0.00035639941211        0.00011480754843
    505        9.94617916796771       10.03157196835968       10.13308307952440       -0.00000674638438       -0.00004714487742        0.00003168583383
    505       10.65276263269405        8.38218327229119        9.68450905667300        0.00134624162878        0.00046178435035       -0.00040143435863
    505       10.04409181445799       10.90575813002092        8.51575074386285       -0.00147167923886        0.00036719902130        0.00011333142228
    506        9.94615281288238       10.03138237540415       10.13320892103013       -0.00000641536153       -0.00004767985193        0.00003119046286
    506       10.65814220128196        8.38402777127169        9.68292348818145        0.00134352116083        0.00046076699977       -0.00039121750611
    506       10.03819945856846       10.90724849860488        8.51620126240798       -0.00147457449957        0.00037793110205        0.00011202203152
    507        9.94612784507550       10.03119052954420       10.13333260322728       -0.00000607554207       -0.00004825089180        0.00003061092004
    507       10.66351080198070        8.38586940828934        9.68137931662408        0.00134078824132        0.00046037310851       -0.00038080113439
    507       10.03229521846142       10.90878157883736        8.51664692011498       -0.00147762248609        0.00038851398592        0.00011091186315
    508        9.94610420854582       10.03099636826972       10.13345380839046       -0.00000576865160       -0.00004882037132        0.00002997522394
    508       10.66886850721250        8.38771075613976        9.67987707910629        0.00133809482102        0.00046064169212       -0.00037031773373
    508       10.02637847867973       10.91035661049223        8.51708855731317       -0.00148081521968        0.00039886944493        0.00011001171981
    509        9.94608169586271       10.03079996657362       10.13357240501881       -0.00000551484589       -0.00004937068347        0.00002933231255
    509       10.67421556054883        8.38955454182632        9.67841677475424        0.00133546638015        0.00046159558442       -0.00035989094542
    509       10.02044869670395       10.91197253439678        8.51752701387343       -0.00148413293654        0.00040892476993        0.00010931912975
    510        9.94606008977868       10.03060140280194       10.13368846689087       -0.00000529722331       -0.00004991827624        0.00002871603680
    510       10.67955223825368        8.39140352081511        9.67699795154289        0.00133289223746        0.00046322409120       -0.00034961968918
    510       10.01450541518744       10.91362800865168        8.51796311035120       -0.00148755657167        0.00041860600077        0.00010883802683
    511        9.94603931807625       10.03040062036367       10.13380213331318       -0.00000507128303       -0.00005050100661        0.00002811796622
    511       10.68487869844850        8.39326033455595        9.67561981724082        0.00133032190273        0.00046549726454       -0.00033957687132
    511       10.00854824413062       10.91532138240295        8.51839771808804       -0.00149106784591        0.00042783807185        0.00010859318418
    512        9.94601951951441       10.03019739474902       10.13391341062064       -0.00000479141069       -0.00005115023558        0.00002749433933
    512       10.69019481347556        8.39512749893144        9.67428133657232        0.00132766296133        0.00046839592345       -0.00032980965208
    512       10.00257687242014       10.91705071322647        8.51883185582461       -0.00149463740406        0.00043656203224        0.00010862687415
    513        9.94600098679077       10.02999141847904       10.13402208802780       -0.00000443513437       -0.00005187249579        0.00002680175473
    513       10.69550000213917        8.39700750194352        9.67298134002416        0.00132479077960        0.00047192380770       -0.00032033689730
    513        9.99659114489815       10.91881387866084        8.51926673308125       -0.00149821444189        0.00044474597460        0.00010898660586
    514        9.94598403843943       10.02978241478269       10.13412782465849       -0.00000401020528       -0.00005265167594        0.00002602474236
    514       10.70079313971236        8.39890288939307        9.67171864139391        0.00132157961578        0.00047610385614       -0.00031115684082
    514        9.99059115688505       10.92060868102325        8.51970374867152       -0.00150173787585        0.00045237655753        0.00010972244349
    515        9.94596890514852       10.02957020507154       10.13423028596668       -0.00000354393954       -0.00005346231489        0.00002517397268
    515       10.70607263906539        8.40081633279265        9.67049208529758        0.00131794909407        0.00048097392551       -0.00030226564252
    515        9.98457724189136       10.92243289112109        8.52014451262920       -0.00150516472711        0.00045944923312        0.00011089233455
    516        9.94595568692311       10.02935471626359       10.13432921643993       -0.00000306508442       -0.00005428402188        0.00002427226305
    516       10.71133673246495        8.40275068079712        9.66930051625379        0.00131389963200        0.00048656587051       -0.00029366102332
    516        9.97854983906821       10.92428427488817        8.52059088734793       -0.00150848417151        0.00046596379534        0.00011255969539
    517        9.94594438447318       10.02913593289652       10.13442446407110       -0.00000259112939       -0.00005511021588        0.00002334695113
    517       10.71658383612136        8.40470885975672        9.66814279711099        0.00130950606889        0.00049286300746       -0.00028532210429
    517        9.97250936851929       10.92616060148382        8.52104499019234       -0.00151171065448        0.00047192113732        0.00011478507955
    518        9.94593495788798       10.02891383453656       10.13451599204894       -0.00000212794295       -0.00005594241803        0.00002242480224
    518       10.72181278101610        8.40669358485681        9.66701793941949        0.00130487183566        0.00049977823099       -0.00027719382084
    518        9.96645615383237       10.92805964398671        8.52150916798432       -0.00151487669843        0.00047732897104        0.00011762074657
    519        9.94592736092960       10.02868839355225       10.13460386248901       -0.00000167511421       -0.00005677430812        0.00002152468334
    519       10.72702281080664        8.40870708560466        9.66592524654428        0.00130008291592        0.00050718044280       -0.00026919374916
    519        9.96039035493188       10.92997923325214        8.52198595616493       -0.00151801997217        0.00048220978283        0.00012109817955
    520        9.94592155697431       10.02845964007161       10.13468818951566       -0.00000122711784       -0.00005758482084        0.00002065298980
    520       10.73221344434347        8.41075102839924        9.66486438942618        0.00129518800440        0.00051494202596       -0.00026122718769
    520        9.95431199405504       10.93191732224932        8.52247795342072       -0.00152115394394        0.00048659247094        0.00012520820729
    521        9.94591754398686       10.02822771498551       10.13476908640743       -0.00000077568672       -0.00005834751497        0.00001980497153
    521       10.73738431484180        8.41282662181232        9.66383542904275        0.00129019405966        0.00052297440950       -0.00025320203235
    521        9.94822112338034       10.93387197301964        8.52298762182324       -0.00152425124502        0.00049049712637        0.00012989988584
    522        9.94591535148051       10.02799285995184       10.13484662928787       -0.00000032219443       -0.00005904469990        0.00001897248576
    522       10.74253499682077        8.41493482367522        9.66283877316739        0.00128506566704        0.00053124431090       -0.00024504969053
    522        9.94211798409492       10.93584129926026        8.52351715250741       -0.00152725683740        0.00049393107276        0.00013510130924
    523        9.94591496643139       10.02775535738633       10.13492086629351        0.00000011340646       -0.00005967743833        0.00001815534476
    523       10.74766484017812        8.41707657629956        9.66187503151851        0.00127973770865        0.00053977002141       -0.00023674518137
    523        9.93600306868112       10.93782342160171        8.52406843229719       -0.00153010176244        0.00049689098788        0.00014073524195
    524        9.94591625873217       10.02751544044517       10.13499187204598        0.00000050693745       -0.00006027006765        0.00001736316433
    524       10.75277289848993        8.41925298384652        9.66094481171646        0.00127414527622        0.00054860159435       -0.00022831088124
    524        9.92987716999539       10.93981642716332        8.52464303444302       -0.00153270778831        0.00049936304293        0.00014673066637
    525        9.94591902193100       10.02727319684513       10.13505977160815        0.00000085807536       -0.00006086508072        0.00001659929222
    525       10.75785800238791        8.42146538905434        9.66004854446862        0.00126825388705        0.00055779776397       -0.00021980285951
    525        9.92374140637467       10.94181832594513        8.52524227762815       -0.00153500687014        0.00050131853875        0.00015305027581
    526        9.94592312333507       10.02702851979940       10.13512466638374        0.00000120146658       -0.00006150381900        0.00001584191317
    526       10.76291892958637        8.42371536595828        9.65918638884041        0.00126207044545        0.00056740763884       -0.00021128927332
    526        9.91759711503425       10.94382697547334        8.52586743664952       -0.00153697026291        0.00050270435653        0.00015971568682
    527        9.94592863366360       10.02678116629312       10.13518650691352        0.00000158645839       -0.00006219869646        0.00001504472950
    527       10.76795456595149        8.42600465016510        9.65835823028205        0.00125562716883        0.00057745882027       -0.00020282924065
    527        9.91144564427139       10.94583996079735        8.52652000312272       -0.00153861810225        0.00050344713982        0.00016679799739
    528        9.94593581500219       10.02653093022774       10.13524502421970        0.00000204016422       -0.00006291765339        0.00001416076643
    528       10.77296394693701        8.42833503652041        9.65756375491523        0.00124894662124        0.00058795613524       -0.00019446154812
    528        9.90528817021622       10.94785455259188        8.52720182062861       -0.00154000427835        0.00050348383206        0.00017437941610
    529        9.94594495497732       10.02627782506603       10.13529979304495        0.00000254427280       -0.00006360341400        0.00001317268492
    529       10.77794613892143        8.43070829924699        9.65680253789709        0.00124201597981        0.00059889212985       -0.00018621150521
    529        9.89912561004462       10.94986783145383        8.52791503845150       -0.00154119032073        0.00050278711319        0.00018251361358
    530        9.94595616918456       10.02602210291578       10.13535040569907        0.00000304854780       -0.00006422040396        0.00001210435022
    530       10.78290007477547        8.43312617355924        9.65607406287351        0.00123479907673        0.00061026067807       -0.00017811225448
    530        9.89295864765041       10.95187684949737        8.52866192953725       -0.00154222375737        0.00050135969325        0.00019120555942
    531        9.94596934335972       10.02576406183431       10.13539662784673        0.00000351202126       -0.00006478568026        0.00001099882201
    531       10.78782453153524        8.43559038467156        9.65537763986128        0.00122727824011        0.00062205957032       -0.00017022413430
    531        9.88678781998562       10.95387870899981        8.52944468292688       -0.00154313419524        0.00049921946876        0.00020042174170
    532        9.94598426535467       10.02550381747373       10.13543839627518        0.00000393388240       -0.00006535008838        0.00000988077668
    532       10.79271830069636        8.43810265012181        9.65471226979908        0.00121948682246        0.00063427487624       -0.00016263892934
    532        9.88061357408851       10.95587060524745        8.53026530347084       -0.00154394179722        0.00049639516681        0.00021012017012
    533        9.94600081441894       10.02524126112730       10.13547567406014        0.00000434585038       -0.00006594708309        0.00000874152490
    533       10.79758042611492        8.44066458368146        9.65407652842654        0.00121151057597        0.00064686158517       -0.00015547025676
    533        9.87443628560786       10.95784987033427        8.53112564428784       -0.00154466013613        0.00049292498183        0.00022027076111
    534        9.94601903215771       10.02497624080904       10.13550832847438        0.00000477602544       -0.00006655746003        0.00000756018862
    534       10.80241038530412        8.44327754280315        9.65346850774501        0.00120347063580        0.00065974434466       -0.00014883650320
    534        9.86825629299945       10.95981400510206        8.53202746955972       -0.00154528947575        0.00048885607245        0.00023085097731
    535        9.94603902262249       10.02470880144705       10.13553615556909        0.00000521935349       -0.00006712029976        0.00000633765357
    535       10.80720819120136        8.44594253843870        9.65288583640096        0.00119550512710        0.00067283658439       -0.00014283760755
    535        9.86207396980185       10.96176071891391        8.53297245210628       -0.00154580651353        0.00048424159697        0.00024183027669
    536        9.94606078698560       10.02443927841093       10.13555902970294        0.00000564188422       -0.00006757964252        0.00000511294480
    536       10.81197442632090        8.44866023547831        9.65232580688460        0.00118774966460        0.00068605387852       -0.00013752753735
    536        9.85588984089122       10.96368793787783        8.53396211177321       -0.00154615698174        0.00047912334655        0.00025316755585
    537        9.94608415769626       10.02416816430685       10.13557705912753        0.00000601371568       -0.00006792730469        0.00000394666123
    537       10.81671018851819        8.45143096946686        9.65178561610212        0.00118031091424        0.00069931158089       -0.00013289128463
    537        9.84970471394793       10.96559370568630        8.53499779255305       -0.00154626605959        0.00047351391896        0.00026482982019
    538        9.94610889671107       10.02389585997341       10.13559060299279        0.00000633692185       -0.00006820564678        0.00000287846693
    538       10.82141691363483        8.45425472812540        9.65126267660760        0.00117323926242        0.00071251830329       -0.00012884032834
    538        9.84351971241450       10.96747604922948        8.53608075033476       -0.00154607171150        0.00046740613205        0.00027681007746
    539        9.94613485307103       10.02362251913260       10.13560008686297        0.00000664135973       -0.00006846840641        0.00000189269309
    539       10.82609610261755        8.45713111589321        9.65075489347539        0.00116652064864        0.00072558102631       -0.00012523938131
    539        9.83733614025597       10.96933295474274        8.53721227317277       -0.00154555348947        0.00046080142959        0.00028912014480
    540        9.94616202758889       10.02334811272211       10.13560574453751        0.00000695612684       -0.00006873438118        0.00000092820261
    540       10.83074907882394        8.46005937633592        9.65026076155709        0.00116009808387        0.00073842679753       -0.00012195794076
    540        9.83115528449870       10.97116246066623        8.53839371149314       -0.00154472939187        0.00045372531842        0.00030177007358
    541        9.94619050208573       10.02307264408318       10.13560751248382        0.00000728456232       -0.00006897501782       -0.00000007359098
    541       10.83537688728848        8.46303853027341        9.64977922994932        0.00115390366843        0.00075101956006       -0.00011890977192
    541        9.82497830512103       10.97296275729009        8.53962643376145       -0.00154363259801        0.00044621787879        0.00031475823955
    542        9.94622030408743       10.02279631257958       10.13560515580965        0.00000760054261       -0.00006914561806       -0.00000112769155
    542       10.83998030817135        8.46606753281637        9.64930948338176        0.00114787645423        0.00076334283434       -0.00011604829618
    542        9.81880622371464       10.97473220369655        8.54091177740954       -0.00154229624640        0.00043831190209        0.00032806735911
    543        9.94625130642657       10.02251947913874       10.13559849095140        0.00000786643657       -0.00006922968890       -0.00000220290465
    543       10.84455989892231        8.46914527294812        9.64885084357988        0.00114196836248        0.00077536255209       -0.00011333595042
    543        9.81263993514986       10.97646925250678        8.54225097263429       -0.00154074967162        0.00043001769897        0.00034165440701
    544        9.94628323558001       10.02224247506835       10.13558753257245        0.00000806033316       -0.00006925745558       -0.00000324932065
    544       10.84911605507117        8.47227043323309        9.64840279577840        0.00113614942981        0.00078701577076       -0.00011073390200
    544        9.80648022634170       10.97817234528833        8.54364501266561       -0.00153901287472        0.00042132344425        0.00035544559656
    545        9.94631578909188       10.02196541949409       10.13557249638620        0.00000819109107       -0.00006928651187       -0.00000423092580
    545       10.85364909436083        8.47544139911419        9.64796497236391        0.00113040669201        0.00079823214268       -0.00010822421265
    545        9.80032783215211       10.97983984006078        8.54509453740676       -0.00153709171794        0.00041220508672        0.00036935040406
    546        9.94634876430860       10.02168818297337       10.13555368516602        0.00000828752584       -0.00006936162802       -0.00000514451177
    546       10.85815930860721        8.47865629037456        9.64753700207723        0.00112473335494        0.00080895504791       -0.00010583439963
    546        9.79418349259814       10.98146998598213        8.54659981589807       -0.00153498501812        0.00040263835920        0.00038328801700
    547        9.94638208929862       10.02141052646992       10.13553134029207        0.00000837410038       -0.00006948269438       -0.00000601596671
    547       10.86264696120038        8.48191303949745        9.64711829716686        0.00111912301400        0.00081914834624       -0.00010364296299
    547        9.78804795200716       10.98306094693442        8.54816084154277       -0.00153269240568        0.00039260861323        0.00039720468582
    548        9.94641575711161       10.02113232141829       10.13550555743232        0.00000845884424       -0.00006960550930       -0.00000687928103
    548       10.86711229271923        8.48520947714449        9.64670785837330        0.00111357685591        0.00082880064721       -0.00010177493539
    548        9.78192195335272       10.98461085488793        8.54977745338465       -0.00153020370148        0.00038211434573        0.00041106384631
    549        9.94644976005258       10.02085368239554       10.13547630604379        0.00000854130496       -0.00006967573237       -0.00000775664286
    549       10.87155557604763        8.48854344467512        9.64630409768372        0.00110811152077        0.00083793230366       -0.00010039143384
    549        9.77580632239528       10.98611786170024        8.55144935231324       -0.00152748323256        0.00037116948504        0.00042481824814
    550        9.94648408755132       10.02057491555930       10.13544350428945        0.00000862366203       -0.00006966583909       -0.00000865190375
    550       10.87597718488537        8.49191293557376        9.64590472690260        0.00110275687784        0.00084659829059       -0.00009965476963
    550        9.76970208749221       10.98758021076826        8.55317599936977       -0.00152447974938        0.00035980800683        0.00043839955064
    551        9.94651874934884       10.02029635568285       10.13540709081379        0.00000870740985       -0.00006958428260       -0.00000955191830
    551       10.88037763107033        8.49531623099988        9.64550685952670        0.00109754951069        0.00085487875216       -0.00009966992319
    551        9.76361048440023       10.98899632575489        8.55495654871834       -0.00152115867710        0.00034807561970        0.00045174251276
    552        9.94655374683012       10.02001824129849       10.13536708894303        0.00000877940725       -0.00006945673792       -0.00001042813104
    552       10.88475758097089        8.49875196559105        9.64510736751712        0.00109253273687        0.00086285546757       -0.00010044327221
    552        9.75753281807539       10.99036481572587        8.55678993947187       -0.00151752383086        0.00033600970464        0.00046481781421
    553        9.94658898460684       10.01974070177948       10.13532366576548        0.00000880777270       -0.00006930245794       -0.00001124340375
    553       10.88911789296528        8.50221907474041        9.64470331334903        0.00108775947143        0.00087058520633       -0.00010188817370
    553        9.75147029375332       10.99168440339197        8.55867509123205       -0.00151361500387        0.00032364432316        0.00047764005685
    554        9.94662420901170       10.01946382163500       10.13527714171300        0.00000875933102       -0.00006912429354       -0.00001197002942
    554       10.89345965674231        8.50571664724171        9.64429226212749        0.00108328020209        0.00087808678352       -0.00010386090899
    554        9.74542389804445       10.99295397031117        8.56061105992668       -0.00150949525167        0.00031104447916        0.00049024801603
    555        9.94665905925497       10.01918770743119       10.13522790553010        0.00000862552529       -0.00006891302291       -0.00001261003408
    555       10.89778413458197        8.50924376900854        9.64387242607708        0.00107911703102        0.00088535266491       -0.00010620273216
    555        9.73939433173996       10.99417275922527        8.56259707536031       -0.00150523445947        0.00029831424850        0.00050267668365
    556        9.94669321321404       10.01891251745172       10.13517626144039        0.00000843278822       -0.00006865539043       -0.00001319963124
    556       10.90209259299045        8.51279946856097        9.64344264027022        0.00107525822632        0.00089238281483       -0.00010878291283
    556        9.73338202236872       10.99534048429916        8.56463247339589       -0.00150088577142        0.00028555418555        0.00051493743523
    557        9.94672652156069       10.01863846430776       10.13512230848020        0.00000822708832       -0.00006833891664       -0.00001378776216
    557       10.90638620039252        8.51638283152714        9.64300216277443        0.00107169026521        0.00089921377102       -0.00011153275539
    557        9.72738724556858       10.99645719270963        8.56671657484219       -0.00149647255103        0.00027282026201        0.00052701340018
    558        9.94675902992064       10.01836580611861       10.13506595934313        0.00000804278852       -0.00006795533101       -0.00001439880953
    558       10.91066611511214        8.51999317872917        9.64255037822706        0.00106842868805        0.00090590490295       -0.00011445388024
    558        9.72141024196048       10.99752304639525        8.56884858059730       -0.00149200746350        0.00026013183888        0.00053887155151
    559        9.94679086386886       10.01809482165971       10.13500711800398        0.00000787842834       -0.00006750512698       -0.00001500811918
    559       10.91493362989696        8.52363007075077        9.64208653173250        0.00106551141226        0.00091248405747       -0.00011760371203
    559        9.71545118586057       10.99853824742064        8.57102754725424       -0.00148751674228        0.00024750585938        0.00055047870407
    560        9.94682205734735       10.01782576510279       10.13494589438967        0.00000770146186       -0.00006700183069       -0.00001555533653
    560       10.91919020641019        8.52729305118892        9.64160954853080        0.00106297635309        0.00091890411809       -0.00012107333810
    560        9.70951010802226       10.99950309327029        8.57325241022984       -0.00148302368336        0.00023496781026        0.00056179664993
    561        9.94685247556374       10.01755880701419       10.13488267531175        0.00000748124361       -0.00006647219538       -0.00001598911644
    561       10.92343744072171        8.53098130369547        9.64111794502770        0.00106085425524        0.00092504900991       -0.00012496402689
    561        9.70358699639369       11.00041798990272        8.57552192045366       -0.00147850933878        0.00022253447974        0.00057275578120
    562        9.94688190729625       10.01729398753973       10.13481798145817        0.00000721744963       -0.00006594626834       -0.00001630570334
    562       10.92767704045214        8.53469344326821        9.64060983631570        0.00105916610776        0.00093077622253       -0.00012936567948
    562        9.69768203331204       11.00128336910818        8.57783445647946       -0.00147390856378        0.00021020679920        0.00058324254040
    563        9.94691021516081       10.01703123686750       10.13475222968503        0.00000693250944       -0.00006543786803       -0.00001654602410
    563       10.93191076958376        8.53842751347573        9.64008301959183        0.00105791338741        0.00093596069851       -0.00013434160561
    563        9.69179572788347       11.00209964429630        8.58018786077686       -0.00146914260822        0.00019798903057        0.00059312355840
    564        9.94693736737174       10.01677048459549       10.13468561326541        0.00000663898338       -0.00006493297685       -0.00001675230466
    564       10.93614034755143        8.54218112885633        9.63953510347081        0.00105707792060        0.00094051931036       -0.00013992050829
    564        9.68592889244629       11.00286728135274        8.58257944494667       -0.00146414184884        0.00018590273074        0.00060228823494
    565        9.94696332702786       10.01651177305268       10.13461821124774        0.00000632205843       -0.00006440311466       -0.00001692535055
    565       10.94036739294860        8.54595166795863        9.63896365552553        0.00105663706750        0.00094441735636       -0.00014609992652
    565        9.68008259309275       11.00358686614219        8.58500616665634       -0.00145885100836        0.00017397437512        0.00061068131762
    566        9.94698794383919       10.01625525967821       10.13455021046104        0.00000595606100       -0.00006383322367       -0.00001702599500
    566       10.94459344409140        8.54973646770721        9.63836630405865        0.00105657529058        0.00094766630651       -0.00015286024011
    566        9.67425808437942       11.00425907635367        8.58746489548760       -0.00145324475175        0.00016221997507        0.00061830906486
    567        9.94701097551586       10.01600110726329       10.13448200328775        0.00000553266182       -0.00006323537932       -0.00001701758364
    567       10.94881999527327        8.55353299841072        9.63774077360466        0.00105688357375        0.00095031095482       -0.00016016893431
    567        9.66845663507872       11.00488462594273        8.58995263917525       -0.00144734905736        0.00015064136829        0.00062521635526
    568        9.94703220513374       10.01574937664365       10.13441406979193        0.00000506712081       -0.00006263456699       -0.00001690168248
    568       10.95304851268142        8.55733895534579        9.63708495258418        0.00105755471535        0.00095240257406       -0.00016796746465
    568        9.66267929192052       11.00546420729998        8.59246662632965       -0.00144123499481        0.00013921656117        0.00063145751675
    569        9.94705151248236       10.01550003072740       10.13434678982791        0.00000457794126       -0.00006204069298       -0.00001671292654
    569       10.95728043299608        8.56115221900324        9.63639703388743        0.00105857827577        0.00095397468192       -0.00017616826606
    569        9.65692675512020       11.00599835843211        8.59500429930921       -0.00143498212319        0.00012789035047        0.00063708714836
    570        9.94706882866382       10.01525305109977       10.13428036637957        0.00000406851973       -0.00006143561160       -0.00001648837361
    570       10.96151713888761        8.56497075280117        9.63567560645574        0.00105993390328        0.00095503935671       -0.00018467558873
    570        9.65119943493502       11.00648733010371        8.59756332351657       -0.00142864614627        0.00011660044660        0.00064215681662
    571        9.94708406064020       10.01500854583464       10.13421488283901        0.00000353352905       -0.00006079211942       -0.00001624571561
    571       10.96575990422234        8.56879253385692        9.63491962917756        0.00106158428509        0.00095559869565       -0.00019340846501
    571        9.64549758595007       11.00693116200489        8.60014155384219       -0.00142225421297        0.00010533114988        0.00064669190177
    572        9.94709709689621       10.01476671414442       10.13415040065467        0.00000297630781       -0.00006010736733       -0.00001598197977
    572       10.97000981316837        8.57261554236635        9.63412833873566        0.00106347316524        0.00095566250164       -0.00020231910472
    572        9.63982140123122       11.00732997930275        8.60273685873076       -0.00141581653713        0.00009413967489        0.00065066560656
    573        9.94710787110266       10.01452768689602       10.13408702700087        0.00000241045691       -0.00005941226071       -0.00001568097245
    573       10.97426768954426        8.57643783387000        9.63330107633981        0.00106553713579        0.00095526928649       -0.00021141353819
    573        9.63417105365307       11.00768427940405        8.60534687869466       -0.00140933442054        0.00008313290869        0.00065399647285
    574        9.94711638055151       10.01429141605872       10.13402495287509        0.00000184494175       -0.00005874479697       -0.00001531719117
    574       10.97853411025471        8.58025769665826        9.63243703043015        0.00106773010191        0.00095449285999       -0.00022075098505
    574        9.62854672586690       11.00799504257227        8.60796883051356       -0.00140280274962        0.00007242684408        0.00065656046369
    575        9.94712263063668       10.01405772852024       10.13396448947155        0.00000127409429       -0.00005811965036       -0.00001485663474
    575       10.98280953035955        8.58407377674990        9.63153506845942        0.00107004220650        0.00095342140141       -0.00023040752559
    575        9.62294863165610       11.00826369415667        8.61059936240420       -0.00139621826753        0.00006211979011        0.00065821062122
    576        9.94712657330582       10.01382645885587       10.13390609979720        0.00000068554751       -0.00005752843264       -0.00001426451831
    576       10.98709444790673        8.58788506786955        9.63059377022540        0.00107249680763        0.00095213161717       -0.00024043857474
    576        9.61737697972664       11.00849200089314        8.61323451548329       -0.00138959802503        0.00005228151281        0.00065881822901
    577        9.94712811501677       10.01359750105913       10.13385037332510        0.00000007819629       -0.00005696283638       -0.00001352534586
    577       10.99138950482060        8.59169082968728        9.62961155986149        0.00107512558757        0.00095068158596       -0.00025086076179
    577        9.61183184745582       11.00868194625913        8.61586990823629       -0.00138299365998        0.00004295046041        0.00065832347750
    578        9.94712719887616       10.01337075616486       10.13379789703036       -0.00000053011529       -0.00005642552988       -0.00001266318694
    578       10.99569545260731        8.59549052055720        9.62858688413110        0.00107793750496        0.00094911504737       -0.00026163767262
    578        9.60631303044677       11.00883560457640        8.61850110330333       -0.00137648041932        0.00003413342491        0.00065675875406
    579        9.94712387409447       10.01314609682009       10.13374906782961       -0.00000111715405       -0.00005591596030       -0.00001173965498
    579       11.00001300486028        8.59928375006624        9.62751845848051        0.00108091035031        0.00094747170055       -0.00027268335140
    579        9.60082000410122       11.00895501365843        8.62112397826878       -0.00137012142174        0.00002580462475        0.00065423340161
    580        9.94711826164374       10.01292342848246       10.13370397979055       -0.00000167779775       -0.00005541495445       -0.00001082347058
    580       11.00434273540978        8.60307029416158        9.62640541731992        0.00108401628918        0.00094580792086       -0.00028390627662
    580        9.59535205907282       11.00904204157437        8.62373497051619       -0.00136393427541        0.00001790674736        0.00065089269284
    581        9.94711045171248       10.01270277718451       10.13366248006500       -0.00000222580809       -0.00005489300109       -0.00000995316416
    581       11.00868513517374        8.60685021343308        9.62524720826755        0.00108724365184        0.00094420775068       -0.00029525327964
    581        9.58990852989793       11.00909826763735        8.62633111981149       -0.00135788568331        0.00001036015783        0.00064686525464
    582        9.94710045517903       10.01248428447373       10.13362435447730       -0.00000277689645       -0.00005433570022       -0.00000911816408
    582       11.01304068462448        8.61062395616699        9.62404339108280        0.00109057725585        0.00094276239205       -0.00030670607686
    582        9.58448897360638       11.00912492283699        8.62890989255334       -0.00135191729646        0.00000308454167        0.00064222562087
    583        9.94708823654088       10.01226809158273       10.13358953475236       -0.00000333909543       -0.00005375895277       -0.00000826464598
    583       11.01740975322056        8.61439231256946        9.62279355965269        0.00109396588909        0.00094154044908       -0.00031825481038
    583        9.57909319152627       11.00912294397068        8.63146892477847       -0.00134598511386       -0.00000397001429        0.00063699385902
    584        9.94707374241563       10.01205421285161       10.13355823730950       -0.00000391821379       -0.00005319837589       -0.00000732263144
    584       11.02179241173722        8.61815627975960        9.62149735259973        0.00109732746424        0.00094057773632       -0.00032988753730
    584        9.57372109269551       11.00909316272269        8.63400584342551       -0.00134008432521       -0.00001079926615        0.00063115396629
    585        9.94705689083059       10.01184250457563       10.13353095370083       -0.00000452056632       -0.00005268503286       -0.00000624709091
    585       11.02618837293445        8.62191693445999        9.62015445935427        0.00110058526147        0.00093987481309       -0.00034159087882
    585        9.56837251692459       11.00903654984146        8.63651815650881       -0.00133424463599       -0.00001735072237        0.00062466524074
    586        9.94703757788503       10.01163273258875       10.13350826058225       -0.00000514611796       -0.00005223191292       -0.00000504770314
    586       11.03059709382898        8.62567527826431        9.61876462556917        0.00110369472803        0.00093939294179       -0.00035335509348
    586        9.56304713560759       11.00895435694372        8.63900316535139       -0.00132851028750       -0.00002356016935        0.00061747577720
    587        9.94701572188689       10.01142464927228       10.13349057207575       -0.00000578503054       -0.00005184012940       -0.00000377770007
    587       11.03501793075871        8.62943207799429        9.61732761860644        0.00110664886905        0.00093907513750       -0.00036519207701
    587        9.55774443462456       11.00884806848670        8.64145796272645       -0.00132292320746       -0.00002939010280        0.00060954668627
    588        9.94699129764069       10.01121801155351       10.13347803898167       -0.00000642226210       -0.00005151079976       -0.00000249040680
    588       11.03945028478134        8.63318787936429        9.61584308895312        0.00110947410151        0.00093889452346       -0.00037715096884
    588        9.55246374994788       11.00871923612134        8.64387953884157       -0.00131750644928       -0.00003484004812        0.00060086673842
    589        9.94696434379012       10.01101256287422       10.13347064882138       -0.00000704170254       -0.00005124604373       -0.00000120546831
    589       11.04389372357080        8.63694323418198        9.61431041085575        0.00111221761545        0.00093887955485       -0.00038929984756
    589        9.54720438303030       11.00856934810172        8.64626489663381       -0.00131224668207       -0.00003992633923        0.00059144787919
    590        9.94693496402036       10.01080804320367       10.13346839523518       -0.00000762967300       -0.00005103937721        0.00000009245101
    590       11.04834802570494        8.64069891580308        9.61272869017261        0.00111491718694        0.00093908926553       -0.00040167483326
    590        9.54196577649132       11.00839982540747        8.64861112187512       -0.00130709584150       -0.00004465626153        0.00058131814195
    591        9.94690330640616       10.01060424785654       10.13347138842945       -0.00000818247121       -0.00005086965579        0.00000143504111
    591       11.05281306106635        8.64445594830623        9.61109701218968        0.00111756334939        0.00093957246011       -0.00041424146037
    591        9.53674761629830       11.00821209800949        8.65091544176945       -0.00130200028752       -0.00004902563350        0.00057051936266
    592        9.94686950425070       10.01040108595734       10.13347987556403       -0.00000870904189       -0.00005071029890        0.00000284914519
    592       11.05728853250002        8.64821549548399        9.60941475848962        0.00112009225047        0.00094034142517       -0.00042691077911
    592        9.53154977419119       11.00800762033945        8.65317527677640       -0.00129692943040       -0.00005304358817        0.00055910150188
    593        9.94683363407107       10.01019856546531       10.13349418159100       -0.00000922066721       -0.00005054814979        0.00000434021621
    593       11.06177379907013        8.65197867970757        9.60768172595681        0.00112242975907        0.00094135991960       -0.00043959355980
    593        9.52637218085508       11.00778774930409        8.65538825378447       -0.00129187558052       -0.00005675337148        0.00054711302877
    594        9.94679573891300       10.00999670075902       10.13351459729373       -0.00000972117692       -0.00005039087024        0.00000588662816
    594       11.06626797057261        8.65574637484080        9.60589801001120        0.00112454400425        0.00094255439076       -0.00045223256542
    594        9.52121476954700       11.00755359336760        8.65755218100654       -0.00128683379151       -0.00006021713165        0.00053459556568
    595        9.94675586465568       10.00979543850338       10.13354127461627       -0.00001021106079       -0.00005025262085        0.00000745035564
    595       11.07077015110410        8.65951911483362        9.60406386543341        0.00112644793000        0.00094385583649       -0.00046479510391
    595        9.51607751052303       11.00730601225092        8.65966501830990       -0.00128178882016       -0.00006347743080        0.00052158715570
    596        9.94671405042667       10.00959467979219       10.13357420013886       -0.00001069470394       -0.00005013671358        0.00000900039870
    596       11.07527955401260        8.66329722153274        9.60217964917989        0.00112815825491        0.00094524175448       -0.00047726544031
    596        9.51096045898568       11.00704577392122        8.66172487825212       -0.00127671995546       -0.00006654062603        0.00050813144921
    597        9.94667030702418       10.00939434479473       10.13361327780590       -0.00001117747321       -0.00005003805034        0.00001053469706
    597       11.07979541714336        8.66708104886946        9.60024574191091        0.00112966074551        0.00094674783419       -0.00048965170818
    597        9.50586375087933       11.00677368724269        8.66373006990355       -0.00127161398836       -0.00006939847983        0.00049428535767
    598        9.94662463064098       10.00919437538946       10.13365847771532       -0.00001165820825       -0.00004995901325        0.00001208401013
    598       11.08431683997668        8.67087120420625        9.59826243551442        0.00113090230474        0.00094845819260       -0.00050198008353
    598        9.50078754707878       11.00649058608255        8.66567916111345       -0.00126647015099       -0.00007205826678        0.00048011779350
    599        9.94657704135819       10.00899467268870       10.13370994988695       -0.00001212504152       -0.00004991530510        0.00001369213869
    599       11.08884263558126        8.67466871441027        9.59622990124264        0.00113180336812        0.00095048659042       -0.00051427708583
    599        9.49573198967138       11.00619722110843        8.66757101225154       -0.00126129112719       -0.00007455245932        0.00046569777852
    600        9.94652763030883       10.00879505294867       10.13376801482482       -0.00001255492827       -0.00004992589166        0.00001538370536
    600       11.09337126692164        8.67847509692965        9.59414821882780        0.00113228791992        0.00095294715972       -0.00052656729605
    600        9.49069721806129       11.00589416640799        8.66940474334161       -0.00125607568646       -0.00007692766788        0.00045108059039
    601        9.94647660193205       10.00859526555540       10.13383301952983       -0.00001292127641       -0.00005000054363        0.00001714019432
    601       11.09790093894061        8.68229229168800        9.59201736287428        0.00113231267872        0.00095592958009       -0.00053887698403
    601        9.48568338417967       11.00558179976541        8.67117965697467       -0.00125082929354       -0.00007922454827        0.00043630744254
    602        9.94642426009758       10.00839504859960       10.13390513637939       -0.00001321160915       -0.00005013393626        0.00001890239302
    602       11.10242976835140        8.68612253357038        9.58983720295558        0.00113186373472        0.00095949915626       -0.00055121728079
    602        9.48069058371295       11.00526037002181        8.67289520288196       -0.00124557669771       -0.00008146591419        0.00042141923646
    603        9.94637090905885       10.00819419406536       10.13398423867400       -0.00001344121807       -0.00005030587157        0.00002060283507
    603       11.10695584881835        8.68996828493806        9.58760762462796        0.00113092923348        0.00096371150813       -0.00056356272378
    603        9.47571877059796       11.00493007245186        8.67455101086634       -0.00124034862037       -0.00008367024537        0.00040646296218
    604        9.94631673035304       10.00799260162708       10.13406995905996       -0.00001364756752       -0.00005048964120        0.00002220888870
    604       11.11147720221925        8.69383222563542        9.58532870116533        0.00112948950062        0.00096861437906       -0.00057585445659
    604        9.47076779474996       11.00459100805882        8.67614690657942       -0.00123515381860       -0.00008587506451        0.00039148262842
    605        9.94626172851867       10.00779027693578       10.13416190978357       -0.00001386745950       -0.00005066899989        0.00002374390661
    605       11.11599176482331        8.69771719997053        9.58300078897525        0.00112752989759        0.00097422624148       -0.00058801821045
    605        9.46583754004916       11.00424307193574        8.67768287189373       -0.00122997417395       -0.00008813073624        0.00037651363913
    606        9.94620579067703       10.00758724962794       10.13425991031285       -0.00001411159951       -0.00005085133083        0.00002526759449
    606       11.12049744140001        8.70162603556728        9.58062455548170        0.00112504784202        0.00098050799248       -0.00059997428941
    606        9.46092800135833       11.00388596216891        8.67915901569250       -0.00122478766125       -0.00009046816732        0.00036158608152
    607        9.94614883572255       10.00738346628912       10.13436405053953       -0.00001435460813       -0.00005106314039        0.00002682921316
    607       11.12499214755947        8.70556126391035        9.57820099465996        0.00112204873443        0.00098735923395       -0.00061164279168
    607        9.45603923875913       11.00351932659715        8.68057556054591       -0.00121958692964       -0.00009288845469        0.00034672312312
    608        9.94609095381202       10.00717874450480       10.13447454401811       -0.00001455157224       -0.00005133147182        0.00002843122428
    608       11.12947383127541        8.70952490943889        9.57573141314823        0.00111854314138        0.00099465531935       -0.00062295490117
    608        9.45117130592119       11.00314285453139        8.68193280067742       -0.00121437267009       -0.00009538635040        0.00033194356893
    609        9.94603242314463       10.00697281451457       10.13459150033379       -0.00001466987071       -0.00005166606874        0.00003003275122
    609       11.13394049269053        8.71351850646517        9.57321735545062        0.00111454198037        0.00100230516330       -0.00063386762239
    609        9.44632425739844       11.00275623579392        8.68323110909738       -0.00120913337434       -0.00009796913715        0.00031728453254
    610        9.94597359484634       10.00676541595491       10.13471480602789       -0.00001471019993       -0.00005205195709        0.00003158584822
    610       11.13839016711839        8.71754335074527        9.57066047216910        0.00111004636908        0.00101029479413       -0.00064437260601
    610        9.44149823892647       11.00235910143421        8.68447107693773       -0.00120383419438       -0.00010065402680        0.00030281916604
    611        9.94591474154516       10.00655639885782       10.13484418711954       -0.00001470394871       -0.00005245611245        0.00003307082797
    611       11.14282086364316        8.72160086481824        9.56806237460256        0.00110504063571        0.00101869129638       -0.00065448878679
    611        9.43669358384341       11.00195100357952        8.68565366242574       -0.00119842598397       -0.00010346470393        0.00028863781961
    612        9.94585596325669       10.00634576705532       10.13497937265168       -0.00001469273259       -0.00005284749131        0.00003450564160
    612       11.14723049220407        8.72569288111627        9.56542456187474        0.00109949296451        0.00102759730439       -0.00066424251859
    612        9.43191083105471       11.00153138380281        8.68678017949461       -0.00119286912236       -0.00010643290952        0.00027480864983
    613        9.94579719968446       10.00613361892736       10.13512023225233       -0.00001470209040       -0.00005321944354        0.00003592818809
    613       11.15161680735923        8.72982164325333        9.56274843445382        0.00109336868637        0.00103708031609       -0.00067366053091
    613        9.42715063086454       11.00109954030333        8.68785213162440       -0.00118715601375       -0.00010959199084        0.00026135222089
    614        9.94573834653350       10.00592001150698       10.13526679815639       -0.00001472711136       -0.00005359636597        0.00003736485609
    614       11.15597744169504        8.73398952364497        9.56003527762744        0.00108665853326        0.00104713353643       -0.00068278010415
    614        9.42241358294470       11.00065464787607        8.68887099726176       -0.00118131319451       -0.00011296757387        0.00024824391086
    615        9.94567938279355       10.00570484799961       10.13541915110107       -0.00001474518959       -0.00005401431354        0.00003880626871
    615       11.16031007562533        8.73819871154480        9.55728619362066        0.00107939773789        0.00105769730118       -0.00069164543214
    615        9.41770012530847       11.00019579971236        8.68983808291131       -0.00117537420902       -0.00011657761860        0.00023544489249
    616        9.94562038501676       10.00548789699863       10.13557724830606       -0.00001474445550       -0.00005448667890        0.00004020982626
    616       11.16461262359815        8.74245110205441        9.55450211417028        0.00107165387466        0.00106870806136       -0.00070029244053
    616        9.41301058927255       10.99972202692725        8.69075455640172       -0.00116934156622       -0.00012043227206        0.00022294157833
    617        9.94556142714951       10.00526895456845       10.13574082971115       -0.00001473611539       -0.00005498681896        0.00004152825296
    617       11.16888330662263        8.74674837603565        9.55168385409645        0.00106350318222        0.00108013036710       -0.00070876143836
    617        9.40834539277872       10.99923234153591        8.69162161553796       -0.00116317482007       -0.00012452498493        0.00021075265208
    618        9.94550249609360       10.00504800244692       10.13590947432978       -0.00001473768874       -0.00005547137503        0.00004274023756
    618       11.17312064905595        8.75109214499125        9.54883202266340        0.00105501562269        0.00109196285979       -0.00071711845824
    618        9.40370519071196       10.99872582704779        8.69244057761836       -0.00115681818434       -0.00012883169631        0.00019890178546
    619        9.94544352563958       10.00482518356822       10.13608275161164       -0.00001474645018       -0.00005592385563        0.00004385906735
    619       11.17732343160417        8.75548407891399        9.54594690643050        0.00104623807607        0.00110422591897       -0.00072542550979
    619        9.39909084730400       10.99820168796544        8.69321282982165       -0.00115023625881       -0.00013333070248        0.00018740614037
    620        9.94538452449216       10.00460061160188       10.13626034686856       -0.00001473007391       -0.00005636949233        0.00004491605050
    620       11.18149055366450        8.75992595234302        9.54302861858504        0.00103718382925        0.00111693324846       -0.00073368233145
    620        9.39450330064144       10.99765918142794        8.69393982674134       -0.00114342132541       -0.00013802624716        0.00017629928829
    621        9.94532568504831       10.00437422762955       10.13644208001567       -0.00001464530275       -0.00005684448483        0.00004593611892
    621       11.18562090223817        8.76441954490168        9.54007744777889        0.00102785407878        0.00113006023816       -0.00074181879497
    621        9.38994347670070       10.99709747798814        8.69462322412794       -0.00113637775952       -0.00014295070622        0.00016564907494
    622        9.94526736207019       10.00414585572320       10.13662783581989       -0.00001447131561       -0.00005735496329        0.00004692539572
    622       11.18971338629475        8.76896643424831        9.53709406822531        0.00101826662527        0.00114353666472       -0.00074974257363
    622        9.38541227856526       10.99651557577822        8.69526501934087       -0.00112911565773       -0.00014813943267        0.00015554688125
    623        9.94520991452343       10.00391538792327       10.13681748318143       -0.00001422783221       -0.00005786806234        0.00004787469750
    623       11.19376703524029        8.77356783821941        9.53407950718982        0.00100844593119        0.00115727319790       -0.00075738142720
    623        9.38091055143888       10.99591236252675        8.69586759917796       -0.00112165995948       -0.00015360107483        0.00014608488140
    624        9.94515353941250       10.00368291122446       10.13701083339987       -0.00001396013244       -0.00005834074314        0.00004876962756
    624       11.19778095374429        8.77822461983148        9.53103501680775        0.00099839353775        0.00117119606714       -0.00076469257436
    624        9.37643899888941       10.99528676717958        8.69643369839209       -0.00111405010636       -0.00015932018741        0.00013733464937
    625        9.94509823346391       10.00344866197816       10.13720764020192       -0.00001370825243       -0.00005875544991        0.00004960046604
    625       11.20175418354231        8.78293740675655        9.52796196659491        0.00098808396340        0.00118525929218       -0.00077165361220
    625        9.37199815058800       10.99463780102744        8.69696627637291       -0.00110632092465       -0.00016529414268        0.00012933588359
    626        9.94504387339302       10.00321286762515       10.13740763712823       -0.00001349148818       -0.00005912766723        0.00005037028859
    626       11.20568562545148        8.78770669416892        9.52486178791013        0.00097747444177        0.00119943023826       -0.00077825096019
    626        9.36758843149222       10.99396441403816        8.69746838546078       -0.00109848754126       -0.00017155716525        0.00012211054405
    627        9.94499030155845       10.00297564064034       10.13761060251062       -0.00001331482239       -0.00005948312256        0.00005109701869
    627       11.20957397907650        8.79253284866264        9.52173595891341        0.00096650333926        0.00121366825716       -0.00078447391254
    627        9.36321025025788       10.99326534370543        8.69794316072529       -0.00109055012405       -0.00017816451433        0.00011568963900
    628        9.94493735481388       10.00273700264465       10.13781641327779       -0.00001318041812       -0.00005983536735        0.00005180467780
    628       11.21341765216553        8.79741604022623        9.51858599660979        0.00095510191768        0.00122792141682       -0.00079031341386
    628        9.35886403049978       10.99253909792355        8.69839390257280       -0.00108250568950       -0.00018516619147        0.00011011260353
    629        9.94488485821345       10.00249695770152       10.13802503993304       -0.00001309211286       -0.00006018583806        0.00005250750494
    629       11.21721479441792        8.80235621999721        9.51541345160255        0.00094323596298        0.00124214667003       -0.00079576358538
    629        9.35455020474189       10.99178401417364        8.69882406155356       -0.00107435233347       -0.00019259333203        0.00010539323046
    630        9.94483261791101       10.00225551594020       10.13823647331727       -0.00001305172929       -0.00006053692306        0.00005319832415
    630       11.22096353986935        8.80735321358644        9.51221988792671        0.00093093421837        0.00125632865685       -0.00080083577324
    630        9.35026921183203       10.99099835126727        8.69923704841651       -0.00106608691676       -0.00020044928405        0.00010149476641
    631        9.94478044437915       10.00201266231704       10.13845062652628       -0.00001304787831       -0.00006090047928        0.00005384943546
    631       11.22466226816485        8.81240684925202        9.50900676541666        0.00091827007224        0.00127047775078       -0.00080558378625
    631        9.34602150940780       10.99018041990121        8.69963601968485       -0.00105769982207       -0.00020871339949        0.00009834827898
    632        9.94472823488451       10.00176831210599       10.13866726880096       -0.00001304601898       -0.00006129627410        0.00005442384268
    632       11.22830970044729        8.81751703559272        9.50577521763673        0.00090532412161        0.00128462136520       -0.00081010983732
    632        9.34180761325544       10.98932864407139        8.70002383464834       -0.00104916817343       -0.00021736721717        0.00009589804783
    633        9.94467607622731       10.00152229212423       10.13888601726772       -0.00001299771954       -0.00006174114219        0.00005489060075
    633       11.23190486113774        8.82268382017360        9.50252588671812        0.00089216100249        0.00129879783291       -0.00081453311755
    633        9.33762816402034       10.98844148216389        8.70040320406749       -0.00104045513237       -0.00022641061213        0.00009412692897
    634        9.94462425312821       10.00127438296846       10.13910639360693       -0.00001287062668       -0.00006223413155        0.00005524130449
    634       11.23544698846723        8.82790741825598        9.49925895269630        0.00087882126934        0.00131303548272       -0.00081894788741
    634        9.33348397219651       10.98751735917435        8.70077685008008       -0.00103152489546       -0.00023584206244        0.00009304063761
    635        9.94457311121386       10.00102441907180       10.13932794770363       -0.00001267105691       -0.00006274976182        0.00005549923028
    635       11.23893543129249        8.83318810403537        9.49597430361881        0.00086532677701        0.00132732128823       -0.00082340290747
    635        9.32937596485663       10.98655474566439        8.70114752916841       -0.00102236989986       -0.00024563257318        0.00009264401069
    636        9.94452288467297       10.00077238487394       10.13955038744919       -0.00001243397155       -0.00006324744570        0.00005570488850
    636       11.24236960268332        8.83852598856181        9.49267172943654        0.00085170231783        0.00134159657751       -0.00082789737837
    636        9.32530501299759       10.98555229858887        8.70151800216561       -0.00101302655361       -0.00025572625442        0.00009294427218
    637        9.94447363944148       10.00051843950624       10.13977358681163       -0.00001219333473       -0.00006369122752        0.00005588040152
    637       11.24574904983514        8.84392087665546        9.48935112459185        0.00083799968678        0.00135578968789       -0.00083237778103
    637        9.32127175242773       10.98450893562899        8.70189108334582       -0.00100355380133       -0.00026606028666        0.00009395994061
    638        9.94442533799512       10.00026285505375       10.13999743066134       -0.00001196707829       -0.00006406451849        0.00005600716998
    638       11.24907360017756        8.84937230606491        9.48601270718827        0.00082430415330        0.00136985033408       -0.00083674581052
    638        9.31727658258692       10.98342381629557        8.70226968169047       -0.00099398472404       -0.00027658308210        0.00009569906266
    639        9.94437790281514       10.00000592335831       10.14022164417149       -0.00001176520097       -0.00006436742640        0.00005604605809
    639       11.25234348306152        8.85487967932807        9.48265715810769        0.00081071684524        0.00138375562340       -0.00084088835737
    639        9.31331987463538       10.98229627097218        8.70265667584710       -0.00098430049240       -0.00028725582402        0.00009812411397
    640        9.94433121638734        9.99974791564257       10.14044579912603       -0.00001159683183       -0.00006460163516        0.00005598373876
    640       11.25555933493949        8.86044235105212        9.47928560032929        0.00079732546929        0.00139749318112       -0.00084470590193
    640        9.30940217864770       10.98112576970343        8.70305467460224       -0.00097445660314       -0.00029803635782        0.00010114677213
    641        9.94428512816048        9.99948911027702       10.14066951408157       -0.00001146138738       -0.00006476316855        0.00005585782308
    641       11.25872208681582        8.86605962477707        9.47589951089227        0.00078419070772        0.00141104633813       -0.00084811689378
    641        9.30552422181026       10.97991198010966        8.70346585002417       -0.00096443012899       -0.00030886928127        0.00010465686350
    642        9.94423952528828        9.99922981029415       10.14089266171067       -0.00001134011017       -0.00006485085974        0.00005573264771
    642       11.26183286060122        8.87173072175719        9.47250066517903        0.00077135830559        0.00142439517496       -0.00085106055902
    642        9.30168673761579       10.97865481545325        8.70389192951023       -0.00095423735909       -0.00031970043303        0.00010855493191
    643        9.94419440727908        9.99897030339907       10.14111537526326       -0.00001120458747       -0.00006487420362        0.00005564701584
    643       11.26489295326052        8.87745478617671        9.46909102642011        0.00075886928217        0.00143752242339       -0.00085352006190
    643        9.29789032293756       10.97735437664540        8.70433428947949       -0.00094391369566       -0.00033049468138        0.00011276374506
    644        9.94414988858853        9.99871081666522       10.14133783783736       -0.00001103401531       -0.00006484948881        0.00005558527636
    644       11.26790381485859        8.88323090114429        9.46567250468385        0.00074674802257        0.00145041241395       -0.00085553720398
    644        9.29413542805048       10.97601085800224        8.70479403947073       -0.00093348956849       -0.00034123281198        0.00011721840341
    645        9.94410613515663        9.99845150748856       10.14156005747416       -0.00001082680155       -0.00006479457487        0.00005550011593
    645       11.27086693744104        8.88905808548831        9.46224672878829        0.00073498589439        0.00146305238278       -0.00085719191488
    645        9.29042240638962       10.97462451414954        8.70527203670675       -0.00092299238735       -0.00035189678871        0.00012185715979
    646        9.94406327417609        9.99819246006623       10.14178183876477       -0.00001060355213       -0.00006472896700        0.00005536169721
    646       11.27378370201370        8.89493532020655        9.45881496936481        0.00072353862211        0.00147544106507       -0.00085857232724
    646        9.28675148895169       10.97319568369253        8.70576889674902       -0.00091246817671       -0.00036245978594        0.00012663575477
    647        9.94402130673959        9.99793367575259       10.14200295105188       -0.00001040037048       -0.00006467126775        0.00005518315400
    647       11.27665524641791        8.90086161400888        9.45537815017037        0.00071233838804        0.00148758351427       -0.00085976008094
    647        9.28312266097591       10.97172483586203        8.70628512274490       -0.00090199179607       -0.00037288786214        0.00013155949765
    648        9.94398007121222        9.99767508992427       10.14222330399675       -0.00001025116913       -0.00006463399884        0.00005500002675
    648       11.27948240911799        8.90683598832074        9.45193688871730        0.00070131810816        0.00149945966979       -0.00086081661830
    648        9.27953555458314       10.97021258079542        8.70682137273018       -0.00089165299978       -0.00038316122492        0.00013669991668
    649        9.94393929738654        9.99741660376191       10.14244295126585       -0.00001016890882       -0.00006462550557        0.00005482526745
    649       11.28226579128317        8.91285729136724        9.44849161722400        0.00069042861382        0.00151099756228       -0.00086176779347
    649        9.27598943697764       10.96865954606268        8.70737872207832       -0.00088153517326       -0.00039330330991        0.00014216712530
    650        9.94389871994167        9.99715808587973       10.14266190613637       -0.00001014116201       -0.00006465496906        0.00005462111456
    650       11.28500583802851        8.91892396881900        9.44504274636958        0.00067962637411        0.00152209170401       -0.00086260736006
    650        9.27248327319704       10.96706615431615        8.70795870973254       -0.00087169610846       -0.00040337879105        0.00014804488190
    651        9.94385816809045        9.99689936400945       10.14287992018237       -0.00001014315464       -0.00006472763907        0.00005431513073
    651       11.28770280227607        8.92503402499933        9.44159075834349        0.00066885341851        0.00153265319055       -0.00086331300618
    651        9.26901586810992       10.96543251573429        8.70856308113353       -0.00086214932696       -0.00041344932597        0.00015433781214
    652        9.94381757470453        9.99664026476714       10.14309642718222       -0.00001015551353       -0.00006483529375        0.00005385288589
    652       11.29035666537660        8.93118519434338        9.43813624232013        0.00065804715013        0.00154263633059       -0.00086385509548
    652        9.26558607858139       10.96375855970838        8.70919341222965       -0.00085286864624       -0.00042352960031        0.00016098196650
    653        9.94377692398220        9.99638068165943       10.14331074326951       -0.00001017022733       -0.00006495923855        0.00005324769217
    653       11.29296717947712        8.93737511564407        9.43467991757967        0.00064717345287        0.00155203036816       -0.00086420885599
    653        9.26219291894004       10.96204427893184        8.70985093686555       -0.00084383281302       -0.00043358449157        0.00016790920906
    654        9.94373621288593        9.99612059085878       10.14352240871957       -0.00001018261521       -0.00006508468913        0.00005258410346
    654       11.29553405299958        8.94360143728864        9.43122257147220        0.00063625521554        0.00156085600819       -0.00086437677140
    654        9.25883541607727       10.96028988377580        8.71053668590212       -0.00083506470758       -0.00044356078439        0.00017509705800
    655        9.94369546306054        9.99586000414642       10.14373141609722       -0.00001018651459       -0.00006520690570        0.00005196539102
    655       11.29805722120143        8.94986196370956        9.42776490340844        0.00062538435000        0.00156916871278       -0.00086439408836
    655        9.25551240127937       10.95849579265673        8.71125171332956       -0.00082661218668       -0.00045341849343        0.00018255773535
    656        9.94365472076921        9.99559893561319       10.14393813184775       -0.00001018538622       -0.00006532294690        0.00005144328105
    656       11.30053712779955        8.95615478699089        9.42430741876533        0.00061470847234        0.00157703649688       -0.00086430838510
    656        9.25222251858381       10.95666253582838        8.71199714778489       -0.00081849941665       -0.00046313514312        0.00019029594185
    657        9.94361397997075        9.99533742057121       10.14414296234558       -0.00001020429787       -0.00006542475713        0.00005098711909
    657       11.30297488898011        8.96247825568460        9.42085043632763        0.00060439332458        0.00158451381342       -0.00086415863627
    657        9.24896440594620       10.95479071151180        8.71277408086438       -0.00081071319916       -0.00047268635404        0.00019829239552
    658        9.94357308638626        9.99507553755616       10.14434602880047       -0.00001027962139       -0.00006550245991        0.00005051638686
    658       11.30537227439622        8.96883089749826        9.41739414967515        0.00059458565612        0.00159164823101       -0.00086396365945
    658        9.24573681299053       10.95288104499603        8.71358348694905       -0.00080322480073       -0.00048203279837        0.00020651811738
    659        9.94353174299963        9.99481340089189       10.14454709344047       -0.00001043077401       -0.00006554750651        0.00004996675476
    659       11.30773157422910        8.97521144153270        9.41393872705200        0.00058539548214        0.00159848554218       -0.00086371810260
    659        9.24253860754038       10.95093444912485        8.71442622580339       -0.00079600346632       -0.00049113051738        0.00021493767549
    660        9.94348964019414        9.99455115750410       10.14474576283853       -0.00001064129112       -0.00006555138256        0.00004933788869
    660       11.31005543825333        8.98161878183569        9.41048440485435        0.00057689899301        0.00160504339122       -0.00086341115425
    660        9.23936878525998       10.94895200085701        8.71530298835295       -0.00078901401917       -0.00049994079685        0.00022348990438
    661        9.94344661267066        9.99428898983143       10.14494179655003       -0.00001086482353       -0.00006551106539        0.00004869123049
    661       11.31234676617315        8.98805178866243        9.40703143781798        0.00056915860740        0.00161130151606       -0.00086305757179
    661        9.23622649538699       10.94693492275001        8.71621414503847       -0.00078222494470       -0.00050841534205        0.00023208298661
    662        9.94340272160589        9.99402706898100       10.14513529268242       -0.00001104701271       -0.00006543990205        0.00004810066191
    662       11.31460870711254        8.99450919396417        9.40357994428002        0.00056223778987        0.00161723535651       -0.00086269074871
    662        9.23311098570240       10.94488467812064        8.71715965224581       -0.00077563052967       -0.00051647787478        0.00024062062450
    663        9.94335823656901        9.99376547061503       10.14532660184532       -0.00001114748528       -0.00006536361700        0.00004759071662
    663       11.31684466849213        9.00098967151449        9.40012991182832        0.00055618352346        0.00162284613956       -0.00086231278307
    663        9.23002145114963       10.94280309975176        8.71813911003447       -0.00076926076131       -0.00052403398700        0.00024902858995
    664        9.94331354172361        9.99350416004500       10.14551601841539       -0.00001115407864       -0.00006529702484        0.00004711404826
    664       11.31905817530019        9.00749196308066        9.39668144201543        0.00055099425963        0.00162815890565       -0.00086186723977
    664        9.22695689961194       10.94069240622465        8.71915188096545       -0.00076316499187       -0.00053099755083        0.00025725756125
    665        9.94326900393992        9.99324309441633       10.14570351423136       -0.00001108435193       -0.00006522495516        0.00004659562418
    665       11.32125262256914        9.01401494275967        9.39323497391013        0.00054661395032        0.00163319920548       -0.00086126928755
    665        9.22391613121464       10.93855511934511        8.72019717052445       -0.00075738688057       -0.00053730426862        0.00026527189156
    666        9.94322486690816        9.99298236040373       10.14588878340883       -0.00001097051866       -0.00006510763655        0.00004600750061
    666       11.32343108690275        9.02055755672448        9.38979128771501        0.00054295404534        0.00163795099494       -0.00086044777090
    666        9.22089780456736       10.93639397207571        8.72127405609794       -0.00075195361555       -0.00054291764070        0.00027303930138
    667        9.94318123979065        9.99272223332390       10.14607157423628       -0.00001083769204       -0.00006490839381        0.00004539942424
    667       11.32559625493189        9.02711855071916        9.38635139174297        0.00053991911840        0.00164232106807       -0.00085935696694
    667        9.21790050229020       10.93421177821950        8.72238148493549       -0.00074688239687       -0.00054784564038        0.00028052736286
    668        9.94313816537180        9.99246309325322       10.14625197880274       -0.00001069695849       -0.00006462640397        0.00004485097742
    668       11.32775043984995        9.03369612526901        9.38291643197949        0.00053742380897        0.00164615794949       -0.00085797449573
    668        9.21492274539242       10.93201120695266        8.72351827500080       -0.00074219452757       -0.00055215158971        0.00028770529182
    669        9.94309566412276        9.99220522209212       10.14643038205560       -0.00001055919964       -0.00006430747292        0.00004439238457
    669       11.32989564540362        9.04028781431508        9.37948759577715        0.00053539749690        0.00164931188616       -0.00085630406334
    669        9.21196294606962       10.92979456550183        8.72468312727006       -0.00073793099138       -0.00055593137020        0.00029454000383
    670        9.94305369177465        9.99194863346984       10.14660711787931       -0.00001044965240       -0.00006401463365        0.00004397450082
    670       11.33203361982518        9.04689062035826        9.37606599947279        0.00053377830516        0.00165167804164       -0.00085436449267
    670        9.20901929746136       10.92756375599104        8.72587459503142       -0.00073416336539       -0.00055926997827        0.00030098427199
    671        9.94301206690354        9.99169310502294       10.14678217806216       -0.00001040289353       -0.00006378292389        0.00004351856414
    671       11.33416587184487        9.05350123864818        9.37265267983581        0.00053250283420        0.00165321157364       -0.00085216062289
    671        9.20608963914648       10.92532040567570        8.72709100144597       -0.00073098636097       -0.00056221706373        0.00030697768972
    672        9.94297046862643        9.99143837007871       10.14695526639244       -0.00001044032760       -0.00006360881841        0.00004299492035
    672       11.33629364249876        9.06011631294735        9.36924871448970        0.00053149240482        0.00165393047906       -0.00084967405259
    672        9.20317140657359       10.92306601948121        8.72833041654917       -0.00072848710910       -0.00056479417208        0.00031247226446
    673        9.94292854428278        9.99118423447563       10.14712613742497       -0.00001054953624       -0.00006348294751        0.00004245065466
    673       11.33841781108342        9.06673268248064        9.36585528741510        0.00053064510494        0.00165389987490       -0.00084689539405
    673        9.20026174227367       10.92080205229903        8.72959077956166       -0.00072671580448       -0.00056701282463        0.00031746223058
    674        9.94288607233649        9.99093050649862       10.14729487162973       -0.00001068436667       -0.00006341825401        0.00004196005298
    674       11.34053880333831        9.07334751194652        9.36247355133733        0.00052985477572        0.00165320487920       -0.00084386305647
    674        9.19735768013772       10.91852991688421        8.73087011439381       -0.00072568832035       -0.00056888393554        0.00032199276257
    675        9.94284306934941        9.99067688844356       10.14746181784881       -0.00001078777501       -0.00006343660848        0.00004154980333
    675       11.34265664928919        9.07995832151423        9.35910438296335        0.00052904795445        0.00165194014572       -0.00084066147531
    675        9.19445623571083       10.91625098081475        8.73216672166218       -0.00072541030566       -0.00057041578259        0.00032613971107
    676        9.94279977013638        9.99042301363078       10.14762727005636       -0.00001081956762       -0.00006353351720        0.00004116918845
    676       11.34477118697391        9.08656303311232        9.35574825953488        0.00052820051030        0.00165021773269       -0.00083737519405
    676        9.19155439769242       10.91396659062346        8.73347923208240       -0.00072588452441       -0.00057160416037        0.00032996625872
    677        9.94275651280847        9.99016862030593       10.14779117135641       -0.00001076994496       -0.00006366482522        0.00004072701042
    677       11.34688225337159        9.09316006337575        9.35240538141097        0.00052732516210        0.00164817637335       -0.00083403897363
    677        9.18864915951556       10.91167814753179        8.73480645173192       -0.00072709674959       -0.00057242146354        0.00033348418336
    678        9.94271361057670        9.98991369502903       10.14795308613969       -0.00001065567894       -0.00006377302804        0.00004016226694
    678       11.34898978827069        9.09974844409915        9.34907594774582        0.00052645556605        0.00164598291309       -0.00083062803563
    678        9.18573762369567       10.90938721891512        8.73614710554926       -0.00072900871769       -0.00057281629399        0.00033666186623
    679        9.94267126737699        9.98965843608158       10.14811246949189       -0.00001050625150       -0.00006383142172        0.00003949497463
    679       11.35109389789999        9.10632792668045        9.34576035712591        0.00052564273261        0.00164381140718       -0.00082709703733
    679        9.18281708977402       10.90709561717988        8.73749974666174       -0.00073156539134       -0.00057272642300        0.00033947804701
    680        9.94262956056470        9.98940304365525       10.14826904593672       -0.00001034829181       -0.00006386672782        0.00003881770500
    680       11.35319493013157        9.11289893535655        9.34245917144721        0.00052496006529        0.00164179639913       -0.00082343253012
    680        9.17988510056495       10.90480540753116        8.73886292992537       -0.00073470295483       -0.00057208965513        0.00034195600876
    681        9.94258848104250        9.98914750225904       10.14842301113189       -0.00001019609368       -0.00006393876457        0.00003823098073
    681       11.35529357842232        9.11946229787348        9.33917289688496        0.00052450251882        0.00163999548243       -0.00081966766112
    681        9.17693946613540       10.90251889993883        8.74023539473185       -0.00073835963111       -0.00057084075885        0.00034413393846
    682        9.94254799181526        9.98889153353867       10.14857489378252       -0.00001005019830       -0.00006409328557        0.00003777231371
    682       11.35739095028213        9.12601889921599        9.33590183015824        0.00052436331328        0.00163839298221       -0.00081583859918
    682        9.17397822351608       10.90023868146035        8.74161600143307       -0.00074249242849       -0.00056890734764        0.00034601597182
    683        9.94250807945611        9.98863475597448       10.14872518964160       -0.00000989928077       -0.00006432489116        0.00003739599552
    683       11.35948848492855        9.13256944173115        9.33264618809149        0.00052459935628        0.00163693203800       -0.00081192459833
    683        9.17099952670752       10.89796764115774        8.74300352250640       -0.00074708231922       -0.00056622237037        0.00034756539497
    684        9.94246879756912        9.98837693440942       10.14887406174667       -0.00000972423168       -0.00006457660917        0.00003701872898
    684       11.36158774513239        9.13911435552001        9.32940643337156        0.00052522062456        0.00163554784569       -0.00080784034643
    684        9.16800156496236       10.89570890249741        8.74439652459285       -0.00075212134628       -0.00056274930332        0.00034873331571
    685        9.94243028560265        9.98811814310112       10.14902133947343       -0.00000950677850       -0.00006477777532        0.00003659245010
    685       11.36369024992501        9.14565382449663        9.32618346532005        0.00052620963318        0.00163418748745       -0.00080349013692
    685        9.16498255593728       10.89346564673114        8.74579338903206       -0.00075760420027       -0.00055850284641        0.00034949003057
    686        9.94239274334109        9.98785871220687       10.14916680134744       -0.00000923815457       -0.00006489598437        0.00003614236882
    686       11.36579742219782        9.15218785541959        9.32297851227621        0.00052754495194        0.00163280548984       -0.00079881936141
    686        9.16194073136020       10.89124087972609        8.74719244483738       -0.00076353821225       -0.00055355171547        0.00034985347008
    687        9.94235638036610        9.98759897522616       10.14931047842402       -0.00000892226036       -0.00006496231836        0.00003573594866
    687       11.36791060954051        9.15871626841532        9.31979291042878        0.00052921622278        0.00163133909023       -0.00079381171500
    687        9.15887425023924       10.88903723300742        8.74859221679270       -0.00076995315865       -0.00054800060468        0.00034990026254
    688        9.94232136525818        9.98733901365998       10.14945268893669       -0.00000857600699       -0.00006504382577        0.00003541199223
    688       11.37003115198006        9.16523856814145        9.31662801855624        0.00053122605710        0.00162969623097       -0.00078845122552
    688        9.15578110609103       10.88685687488867        8.74999164693769       -0.00077688706462       -0.00054196534594        0.00034973434122
    689        9.94228777231018        9.98707862461997       10.14959377436184       -0.00000822728573       -0.00006518489876        0.00003513874319
    689       11.37216041799730        9.17175383826310        9.31348530062459        0.00053356422581        0.00162778079843       -0.00078270025482
    689        9.15265915372227       10.88470151023988        8.75139009152246       -0.00078435198663       -0.00053555974991        0.00034943570686
    690        9.94225554697231        9.98681753446987       10.14973379888217       -0.00000790349073       -0.00006537322725        0.00003483909242
    690       11.37429966578655        9.17826081452887        9.31036641651765        0.00053616872151        0.00162553094770       -0.00077651626668
    690        9.14950629019802       10.88257239688939        8.75278713259259       -0.00079230944828       -0.00052889162298        0.00034903539966
    691        9.94222454438433        9.98655563880197       10.14987248710123       -0.00000761346201       -0.00006556245030        0.00003445335573
    691       11.37644976776936        9.18475808584472        9.30727317049119        0.00053892165988        0.00162293115060       -0.00076988537515
    691        9.14632067813606       10.88047037725605        8.75418237471976       -0.00080067855379       -0.00052205653897        0.00034851953834
    692        9.94219463927626        9.98629303486743       10.15000942572799       -0.00000734035493       -0.00006572562058        0.00003397895763
    692       11.37861103906556        9.19124426373367        9.30420733351645        0.00054168834128        0.00162000055468       -0.00076283667441
    692        9.14310086176770       10.87839594457765        8.75557528889932       -0.00080936935501       -0.00051513475673        0.00034784525829
    693        9.94216582154490        9.98602983383730       10.15014431876226       -0.00000705387509       -0.00006588599380        0.00003345547172
    693       11.38078327449960        9.19771809028220        9.30117047709590        0.00054435216726        0.00161678500009       -0.00075542692087
    693        9.13984572329595       10.87634929920220        8.75696513678607       -0.00081831765027       -0.00050819422053        0.00034696426186
    694        9.94213820827554        9.98576594691705       10.15027706950178       -0.00000672830283       -0.00006609832288        0.00003291793333
    694       11.38296585640365        9.20417854373443        9.29816391814949        0.00054682024179        0.00161335216852       -0.00074771000162
    694        9.13655432056556       10.87433039081342        8.75835100299419       -0.00082750596926       -0.00050128350514        0.00034583692957
    695        9.94211199512227        9.98550104725425       10.15040766222893       -0.00000634930282       -0.00006639929722        0.00003237013901
    695       11.38515783643391        9.21062490763033        9.29518879708293        0.00054902745382        0.00160977431094       -0.00073970927347
    695        9.13322567554185       10.87233903116104        8.75973183222262       -0.00083696510460       -0.00049441138485        0.00034442462617
    696        9.94208741385295        9.98523475253925       10.15053603061388       -0.00000590905760       -0.00006677151962        0.00003180330596
    696       11.38735807603423        9.21705673822196        9.29224624396172        0.00055095884425        0.00160610817878       -0.00073141247318
    696        9.12985859972880       10.87037509973464        8.76110640000353       -0.00084675578099       -0.00048753569439        0.00034268918016
    697        9.94206472266144        9.98496687509725       10.15066208867664       -0.00000540155597       -0.00006715685167        0.00003123148687
    697       11.38956550718794        9.22347377306055        9.28933749729753        0.00055266389150        0.00160239094508       -0.00072279760125
    697        9.12645162929394       10.86843874560592        8.76247334566389       -0.00085694246357       -0.00048057732020        0.00034061879543
    698        9.94204420140516        9.98469749772585       10.15078588250887       -0.00000482521063       -0.00006751083122        0.00003069826720
    698       11.39177938716625        9.22987586578259        9.28646386315172        0.00055423119071        0.00159865089267       -0.00071386542522
    698        9.12300306002022       10.86653048117305        8.76383135036701       -0.00086757667127       -0.00047345177281        0.00033824844951
    699        9.94202612097638        9.98442678844748       10.15090767481427       -0.00000418848226       -0.00006784349816        0.00003024538585
    699       11.39399935671363        9.23626298020187        9.28362657389580        0.00055573525899        0.00159492048409       -0.00070464600666
    699        9.11951101592378       10.86465113142346        8.76517933325995       -0.00087869037796       -0.00046609947300        0.00033565074317
    700        9.94201069354709        9.98415474974057       10.15102784559564       -0.00000351095689       -0.00006820313299        0.00002987306866
    700       11.39622526923816        9.24263522965534        9.28082669509843        0.00055719819249        0.00159124133188       -0.00069517783020
    700        9.11597353699655       10.86280168538904        8.76651655631241       -0.00089028590145       -0.00045849794952        0.00033291691330
    701        9.94199803332123        9.98388116338356       10.15114665936359       -0.00000281750563       -0.00006862440241        0.00002952765961
    701       11.39845694225353        9.24899291085695        9.27806515125418        0.00055858817716        0.00158765951483       -0.00068548650235
    701        9.11238872871218       10.86098314782728        8.76784266856636       -0.00090232122453       -0.00045065478222        0.00033014586843
    702        9.94198815350203        9.98360575452131       10.15126406687250       -0.00000212646867       -0.00006909801750        0.00002913057504
    702       11.40069397465547        9.25533650577400        9.27534280307959        0.00055983633967        0.00158422301869       -0.00067559177333
    702        9.10875496720034       10.85919644713127        8.76915772325984       -0.00091470715647       -0.00044259484247        0.00032743654472
    703        9.94198102157186        9.98332837924356       10.15137970396391       -0.00000143526052       -0.00006958507155        0.00002862828237
    703       11.40293563297091        9.26166669500644        9.27266041706750        0.00056084902824        0.00158098431850       -0.00066553914678
    703        9.10507107146039       10.85744238908754        8.77046216092414       -0.00092732679228       -0.00043435137862        0.00032488047254
    704        9.94197667141786        9.98304907394890       10.15149309313142       -0.00000071542957       -0.00007005013230        0.00002802078030
    704       11.40518076688137        9.26798438032203        9.27001848990537        0.00056151968657        0.00157799179432       -0.00065540753807
    704        9.10133635286210       10.85572163610234        8.77175676704017       -0.00094006735954       -0.00042596286461        0.00032255679424
    705        9.94197529813532        9.98276797818519       10.15160387020632        0.00000006925104       -0.00007047743667        0.00002734546187
    705       11.40742779046348        9.27429062936099        9.26741715676296        0.00056175163581        0.00157526951599       -0.00064526297591
    705        9.09755053258410       10.85403468617069        8.77304261527807       -0.00095284250780       -0.00041747420356        0.00032052610145
    706        9.94197722542621        9.98248525445551       10.15171185682640        0.00000093034272       -0.00007086127424        0.00002663773189
    706       11.40967477996785        9.28058653644995        9.26485638609809        0.00056148337059        0.00157281010115       -0.00063510479540
    706        9.09371361279971       10.85238184247384        8.77432097585179       -0.00096558972701       -0.00040893426090        0.00031881856137
    707        9.94198274087707        9.98220108799124       10.15181697206145        0.00000183983462       -0.00007119300311        0.00002590766764
    707       11.41191965742821        9.28687311017021        9.26233631839978        0.00056069994818        0.00157059143197       -0.00062486400350
    707        9.08982581476801       10.85076321208346        8.77559316376906       -0.00097825098597       -0.00040039102926        0.00031742502077
    708        9.94199194410313        9.98191571043065       10.15191911816748        0.00000275083676       -0.00007146782373        0.00002514927263
    708       11.41416037955331        9.29315126790572        9.25985747407010        0.00055942625371        0.00156860176761       -0.00061444420131
    708        9.08588760491198       10.84917871423973        8.77686037601799       -0.00099076251133       -0.00039190042143        0.00031631087447
    709        9.94200474757115        9.98162934540138       10.15201816624246        0.00000363337463       -0.00007170156487        0.00002436506178
    709       11.41639506745787        9.29942192431108        9.25742076478926        0.00055770845631        0.00156685068424       -0.00060375759431
    709        9.08189971467733       10.84762800871199        8.77812365076479       -0.00100306603678       -0.00038354004158        0.00031545412423
    710        9.94202101110016        9.98134209791169       10.15211403866170        0.00000449040207       -0.00007193047352        0.00002357320534
    710       11.41862204720380        9.30568607337961        9.25502741331559        0.00055559450191        0.00156535022766       -0.00059273440046
    710        9.07786307661778       10.84611039390706        8.77938400901184       -0.00101512588018       -0.00037539812204        0.00031487632041
    711        9.94204067078774        9.98105390161318       10.15220675188514        0.00000534295989       -0.00007219114471        0.00002278350348
    711       11.42083982347314        9.31194472613234        9.25267888958556        0.00055312403608        0.00156407851064       -0.00058131145020
    711        9.07377870763589       10.84462482373567        8.78064266132807       -0.00102693172391       -0.00036754938675        0.00031464024920
    712        9.94206375477931        9.98076456875405       10.15229630668954        0.00000620399911       -0.00007249960372        0.00002196942066
    712       11.42304703949240        9.31819870146473        9.25037692171399        0.00055032520795        0.00156296751208       -0.00056941914034
    712        9.06964762282647       10.84316999881305        8.78190113100547       -0.00103848305539       -0.00036005545758        0.00031482562688
    713        9.94209030278064        9.98047390478342       10.15238250725045        0.00000706739204       -0.00007284217963        0.00002107647241
    713       11.42524242513677        9.32444846622899        9.24812353646287        0.00054720755849        0.00156193594649       -0.00055699233191
    713        9.06547084319274       10.84174438007505        8.78316126634313       -0.00104976670029       -0.00035297861637        0.00031550733867
    714        9.94212029391560        9.98018183131705       10.15246491846881        0.00000791881971       -0.00007318413001        0.00002006780653
    714       11.42742469996032        9.33069418903666        9.24592098305871        0.00054375621586        0.00156093263224       -0.00054400729413
    714        9.06124948922419       10.84034616988210        8.78442518971485       -0.00106074914705       -0.00034637526835        0.00031674496085
    715        9.94215365333831        9.97988843174335       10.15254304970270        0.00000875111788       -0.00007349688879        0.00001896213099
    715       11.42959247486363        9.33693592728689        9.24377147810986        0.00053994173901        0.00155994393965       -0.00053050705129
    715        9.05698485001635       10.83897337792824        8.78569522602993       -0.00107139376836       -0.00034028268148        0.00031857968716
    716        9.94219030285862        9.97959385620672       10.15261661551675        0.00000956582559       -0.00007378304159        0.00001782239511
    716       11.43174423387240        9.34317374055385        9.24167692664843        0.00053573859705        0.00155896917211       -0.00051658201666
    716        9.05267833907731       10.83762390843026        8.78697382721217       -0.00108167921743       -0.00033472473323        0.00032103043427
    717        9.94223017994306        9.97929816741059       10.15268562886357        0.00001036302391       -0.00007407103535        0.00001670173137
    717       11.43387838364006        9.34940768066375        9.23963882197662        0.00053113597250        0.00155800569780       -0.00050232507420
    717        9.04833141627688       10.83629558006239        8.78826346950413       -0.00109159459429       -0.00032971914757        0.00032408480670
    718        9.94227320704987        9.97900128792391       10.15275022936767        0.00001113478964       -0.00007438468334        0.00001559801725
    718       11.43599332165237        9.35563778613621        9.23765832605484        0.00052614355802        0.00155705681939       -0.00048780775634
    718        9.04394558232302       10.83498615524972        8.78956650566577       -0.00110112814590       -0.00032526545060        0.00032769423633
    719        9.94231925826016        9.97870308994387       10.15281041300155        0.00001187117113       -0.00007472028384        0.00001446430407
    719       11.43808753210419        9.36186413521884        9.23573635992587        0.00052079455211        0.00155614070643       -0.00047309556643
    719        9.03952239110969       10.83369345645758        8.79088502339479       -0.00111027113291       -0.00032133304692        0.00033178610584
    720        9.94236817641888        9.97840352565320       10.15286594380021        0.00001257335696       -0.00007505074801        0.00001326528456
    720       11.44015967806923        9.36808691178762        9.23387356152339        0.00051513380365        0.00155529763311       -0.00045828067393
    720        9.03506341325972       10.83241549087436        8.79222079451247       -0.00111902131044       -0.00031787067472        0.00033629166327
    721        9.94241984511585        9.97810268395981       10.15291653527800        0.00001325969868       -0.00007534993533        0.00001201723161
    721       11.44220860253336        9.37430651628372        9.23207011453442        0.00050920089026        0.00155459771911       -0.00044349077809
    721        9.03057022062617       10.83115049105979        8.79357535670096       -0.00112737338894       -0.00031482154161        0.00034117400667
    722        9.94247425400831        9.97780072617054       10.15296208165310        0.00001395536433       -0.00007561594124        0.00001076664630
    722       11.44423328519128        9.38052369354047        9.23032563529866        0.00050303730380        0.00155411841774       -0.00042884630894
    722        9.02604442614819       10.82989691854151        8.79495018656584       -0.00113531416487       -0.00031212398338        0.00034643688390
    723        9.94253148803051        9.97749775642986       10.15300266844843        0.00001467474868       -0.00007586829057        0.00000953543229
    723       11.44623290096376        9.38673946362564        9.22863934406292        0.00049670789633        0.00155389202738       -0.00041439708345
    723        9.02148770730720       10.82865349919274        8.79634685177216       -0.00114282535824       -0.00030971226678        0.00035211001563
    724        9.94259165199775        9.97719377984602       10.15303836511141        0.00001541585256       -0.00007611455337        0.00000829776186
    724       11.44820694836190        9.39295482975951        9.22701045863106        0.00049029513915        0.00155388607912       -0.00040010961755
    724        9.01690182328224       10.82741922040725        8.79776706669091       -0.00114987654865       -0.00030753713364        0.00035822955474
    725        9.94265481485099        9.97688884000291       10.15306905054334        0.00001617188811       -0.00007632246158        0.00000701044111
    725       11.45015526207698        9.39917055225863        9.22543846712256        0.00048386349824        0.00155403645783       -0.00038592115004
    725        9.01228869491800       10.82619320212365        8.79921268821010       -0.00115641793082       -0.00030558874099        0.00036482916783
    726        9.94272102710263        9.97658320015341       10.15309444864032        0.00001694522910       -0.00007643920514        0.00000565531138
    726       11.45207785634780        9.40538712142216        9.22392308943076        0.00047743075925        0.00155427978175       -0.00037180049945
    726        9.00765047983566       10.82497451047930        8.80068570003354       -0.00116239566827       -0.00030389674996        0.00037193483965
    727        9.94279037668376        9.97627732636176       10.15311429303441        0.00001774713113       -0.00007644542727        0.00000424736510
    727       11.45397470815096        9.41160479051261        9.22246406312693        0.00047096473862        0.00155455963360       -0.00035776185532
    727        9.00298952957183       10.82376202812395        8.80218816692726       -0.00116777681883       -0.00030251437263        0.00037955652783
    728        9.94286300415171        9.97597163673528       10.15312842756110        0.00001858300010       -0.00007638378099        0.00000280779273
    728       11.45584557425676        9.41782359849098        9.22106099458817        0.00046439653834        0.00155482796500       -0.00034382892107
    728        8.99830826528501       10.82255439549827        8.80372215225622       -0.00117255800983       -0.00030150153741        0.00038768268759
    729        9.94293904068459        9.97566625611387       10.15313675537623        0.00001944012537       -0.00007632875538        0.00000133520629
    729       11.45768988045764        9.42404341423262        9.21971343175833        0.00045764096438        0.00155505466048       -0.00032998899662
    729        8.99360906549318       10.82135001582469        8.80528962842802       -0.00117676166517       -0.00030090796805        0.00039628049130
    730        9.94301852515463        9.97536100669220       10.15313910921143        0.00002029389408       -0.00007633114973       -0.00000019552477
    730       11.45950670197177        9.43026403577481        9.21842108261522        0.00045061852434        0.00155524554830       -0.00031619127369
    730        8.98889417196363       10.82014713175390        8.80689239618660       -0.00118043324371       -0.00030076136518        0.00040530372699
    731        9.94310139183723        9.97505560691602       10.15313519117803        0.00002112613353       -0.00007639136674       -0.00000180541402
    731       11.46129482865240        9.43648537861900        9.21718390156879        0.00044327480504        0.00155544903301       -0.00030239050822
    731        8.98416559954350       10.81894392490323        8.80853205824395       -0.00118363554161       -0.00030106867783        0.00041471563628
    732        9.94318753422285        9.97474987575825       10.15312466589929        0.00002193263697       -0.00007647570194       -0.00000348359546
    732       11.46305290041206        9.44270762803892        9.21600195854947        0.00043559429293        0.00155572297725       -0.00028857478351
    732        8.97942508763079       10.81773858233126        8.81021012127682       -0.00118643303400       -0.00030182522481        0.00042451699006
    733        9.94327685293299        9.97444380130053       10.15310732241438        0.00002271107008       -0.00007654776806       -0.00000519077791
    733       11.46477958299583        9.44893116243697        9.21487530330070        0.00042760015990        0.00155609189117       -0.00027475260693
    733        8.97467413527147       10.81652932310474        8.81192819416441       -0.00118887037695       -0.00030302606871        0.00043475256760
    734        9.94336922278347        9.97413749361380       10.15308313967600        0.00002344511284       -0.00007658391962       -0.00000688833196
    734       11.46647370169126        9.45515636316831        9.21380393769400        0.00041933563789        0.00155654615549       -0.00026093294506
    734        8.96991412461519       10.81531437378159        8.81368814181764       -0.00119095485660       -0.00030467681841        0.00044548895036
    735        9.94346441383574        9.97383112994358       10.15305221575868        0.00002410322958       -0.00007656736761       -0.00000855834589
    735       11.46813426809896        9.46138353168092        9.21278783974019        0.00041084075603        0.00155706132822       -0.00024711575769
    735        8.96514649641864       10.81409190855747        8.81549210576727       -0.00119265187328       -0.00030679218244        0.00045678356867
    736        9.94356204862015        9.97352495467296       10.15301467290892        0.00002465518130       -0.00007648101660       -0.00001019823549
    736       11.46976042773946        9.46761285379408        9.21182701163250        0.00040213773876        0.00155760562578       -0.00023329966166
    736        8.96037290962895       10.81286003632205        8.81734241036703       -0.00119389646256       -0.00030938246980        0.00046866580960
    737        9.94366165528616        9.97321928181075       10.15297062987475        0.00002509499286       -0.00007631673318       -0.00001180686837
    737       11.47135137000906        9.47384437668712        9.21092144244687        0.00039322365792        0.00155816222951       -0.00021951555063
    737        8.95559532471815       10.81161684879909        8.81924143224409       -0.00119461554969       -0.00031245164658        0.00048113882342
    738        9.94376280856305        9.97291442080752       10.15292021796192        0.00002545057169       -0.00007609124875       -0.00001338277412
    738       11.47290621700281        9.48007815163015        9.21007088722748        0.00038407523691        0.00155875985514       -0.00020584412889
    738        8.95081598523143       10.81036042314941        8.82119152095438       -0.00119475075821       -0.00031601597154        0.00049419229366
    739        9.94386525985972        9.97261055182075       10.15286356768179        0.00002576693221       -0.00007584586651       -0.00001493539561
    739       11.47442397190438        9.48631445552827        9.20927468941574        0.00037467665584        0.00155946006426       -0.00019237731762
    739        8.94603731865246       10.80908872102675        8.82319497059337       -0.00119426767931       -0.00032011818331        0.00050780151871
    740        9.94396894402075        9.97230765387543       10.15280073479706        0.00002607603214       -0.00007562585666       -0.00001649304665
    740       11.47590363024954        9.49255383214427        9.20853186868651        0.00036505627306        0.00156031414397       -0.00017917563835
    740        8.94126184379694       10.80779947768292        8.82525393310407       -0.00119314388439       -0.00032480994923        0.00052190983681
    741        9.94407386811682        9.97200554496747       10.15273162330861        0.00002638141253       -0.00007545513249       -0.00001809061267
    741       11.47734442208887        9.49879696868005        9.20784128430893        0.00035530159144        0.00156134085777       -0.00016627521419
    741        8.93649216757734       10.80649024143294        8.82737024928786       -0.00119135161023       -0.00033010608480        0.00053642612686
    742        9.94417999532102        9.97170401281551       10.15265600989572        0.00002666659970       -0.00007532390811       -0.00001974240838
    742       11.47874604298107        9.50504455900642        9.20720166697302        0.00034554331889        0.00156252616318       -0.00015371132634
    742        8.93173103091509       10.80515862900452        8.82954534211892       -0.00118885698186       -0.00033594984288        0.00055125004988
    743        9.94428720091438        9.97140295370258       10.15257368404153        0.00002691129531       -0.00007519928097       -0.00002142966495
    743       11.48010876864001        9.51129717798548        9.20661159369818        0.00033592322762        0.00156382603741       -0.00014152463290
    743        8.92698131172243       10.80380264268990        8.83178024968691       -0.00118562968245       -0.00034222891425        0.00056629435617
    744        9.94439528568351        9.97110241856777       10.15248457257612        0.00002710106310       -0.00007504937008       -0.00002312014677
    744       11.48143342880200        9.51755516730566        9.20606946990983        0.00032656470615        0.00156516968210       -0.00012975766508
    744        8.92224599345552       10.80242079769053        8.83407569696831       -0.00118164762630       -0.00034882695099        0.00058148756611
    745        9.94450400941922        9.97080255874191       10.15238872286734        0.00002723063653       -0.00007485517061       -0.00002479854144
    745       11.48272128628922        9.52381853544231        9.20557353237757        0.00031755934710        0.00156646521774       -0.00011843966067
    745        8.91752813071205       10.80101202708199        8.83643215021575       -0.00117690506010       -0.00035565195452        0.00059677653956
    746        9.94461313077575        9.97050357720286       10.15228618424458        0.00002730618772       -0.00007460302104       -0.00002647308816
    746       11.48397390357881        9.53008688904761        9.20512195262446        0.00030896663482        0.00156762171073       -0.00010756818723
    746        8.91283075297473       10.79957558205439        8.83884990928480       -0.00117143064149       -0.00036261979060        0.00061213068797
    747        9.94472245892098        9.97020573457356       10.15217693816210        0.00002734904794       -0.00007428092620       -0.00002815376395
    747       11.48519301936776        9.53635950912814        9.20471298687974        0.00030081259792        0.00156858474635       -0.00009711601269
    747        8.90815668558011       10.79811106875716        8.84132919571954       -0.00116529580149       -0.00036963260332        0.00062752573629
    748        9.94483192315925        9.96990932979328       10.15206095413298        0.00002739497426       -0.00007389080348       -0.00002983081045
    748       11.48638040436220        9.54263556701842        9.20434502452296        0.00029308918843        0.00156934694170       -0.00008705396320
    748        8.90350838656279       10.79661852122784        8.84387011517508       -0.00115860134876       -0.00037659055062        0.00064291692648
    749        9.94494161871505        9.96961460814569       10.15193829167851        0.00002747735241       -0.00007345770321       -0.00003148031678
    749       11.48753773287524        9.54891428466177        9.20401655517415        0.00028576758612        0.00156992962724       -0.00007736460371
    749        8.89888787479001       10.79509834435218        8.84647253113140       -0.00115145519487       -0.00038342993734        0.00065823777180
    750        9.94505174197855        9.96932166816764       10.15180911159871        0.00002759944613       -0.00007302045102       -0.00003309066702
    750       11.48866654505117        9.55519500403636        9.20372610769330        0.00027881920157        0.00157037183186       -0.00006805320518
    750        8.89429674500382       10.79355108172916        8.84913601734946       -0.00114395368002       -0.00039015519349        0.00067342951162
    751        9.94516241428407        9.96903044453750       10.15167356634237        0.00002772505062       -0.00007261218885       -0.00003467786405
    751       11.48976828648777        9.56147725931666        9.20347212953268        0.00027222690204        0.00157072146798       -0.00005915246214
    751        8.88973624534987       10.79197710280423        8.85185996722434       -0.00113617490729       -0.00039683865509        0.00068847188452
    752        9.94527354238354        9.96874077065681       10.15153168868630        0.00002780354517       -0.00007224590707       -0.00003626846781
    752       11.49084436026749        9.56776077578022        9.20325288799619        0.00026598312827        0.00157101407213       -0.00005070255511
    752        8.88520734574554       10.79037637248848        8.85464379242561       -0.00112819028552       -0.00040358554138        0.00070338634959
    753        9.94538484264545        9.96845247728096       10.15138341859987        0.00002780418336       -0.00007191283037       -0.00003786493317
    753       11.49189615151395        9.57404537189369        9.20306650909182        0.00026007927449        0.00157126684839       -0.00004272362467
    753        8.88071072306568       10.78874841847320        8.85748705802102       -0.00112007767008       -0.00041048881254        0.00071820428766
    754        9.94549597585043        9.96816546801388       10.15122876922098        0.00002772617465       -0.00007159222330       -0.00003942914639
    754       11.49292499446340        9.58033091056737        9.20291109899887        0.00025449458618        0.00157148462740       -0.00003520514296
    754        8.87624672438488       10.78709246198819        8.86038942672689       -0.00111191415597       -0.00041760249842        0.00073292688368
    755        9.94560665204262        9.96787973949455       10.15106798542878        0.00002758369194       -0.00007126254955       -0.00004090101528
    755       11.49393210820337        9.58661724891293        9.20278486794813        0.00024920043704        0.00157164468779       -0.00002811003484
    755        8.87181540981790       10.78540759848582        8.86335047309045       -0.00110375962133       -0.00042493104745        0.00074751480453
    756        9.94571664538596        9.96759536761744       10.15090156109875        0.00002738916145       -0.00007090722579       -0.00004223211086
    756       11.49491859795975        9.59290406806971        9.20268621872018        0.00024417577550        0.00157169271848       -0.00002139589588
    756        8.86741664741422       10.78369301360862        8.86636954516313       -0.00109564933718       -0.00043241618027        0.00076190257955
    757        9.94582576533418        9.96731248168824       10.15073012854186        0.00002715245280       -0.00007051973304       -0.00004340543056
    757       11.49588551440736        9.59919079066077        9.20261370078106        0.00023940383463        0.00157158845600       -0.00001504875367
    757        8.86305021512043       10.78194826904363        8.86944569372687       -0.00108758842823       -0.00043993668412        0.00077600343603
    758        9.94593386500839        9.96703120975312       10.15055431765429        0.00002689327044       -0.00007011095944       -0.00004443786620
    758       11.49683382863680        9.60547677571768        9.20256582869084        0.00023484862710        0.00157135460529       -0.00000909638728
    758        8.85871593998839       10.78017352013565        8.87257757265136       -0.00107954802987       -0.00044735056314        0.00078970980310
    759        9.94604091149774        9.96675159401274       10.15037462561228        0.00002664607711       -0.00006970931672       -0.00004537746519
    759       11.49776430342413        9.61176162750311        9.20254092968286        0.00023044962339        0.00157108497040       -0.00000359153692
    759        8.85441383088145       10.77836946453852        8.87576337215170       -0.00107148158076       -0.00045455267230        0.00080292021709
    760        9.94614703362531        9.96647353521934       10.15019129793279        0.00002644205187       -0.00006934499753       -0.00004629261708
    760       11.49867742562391        9.61804545548088        9.20253709639550        0.00022614834245        0.00157092708159        0.00000141260587
    760        8.85014408734233       10.77653709875723        8.87900093438810       -0.00106335599872       -0.00046149109618        0.00081558072522
    761        9.94625244791273        9.96619683403246       10.15000428467563        0.00002628405100       -0.00006902741572       -0.00004724308530
    761       11.49957349016369        9.62432904415579        9.20255223052978        0.00022191533064        0.00157104175557        0.00000589087758
    761        8.84590698289167       10.77467753576908        8.88228801795344       -0.00105517012264       -0.00046814687715        0.00082769987011
    762        9.94635730603330        9.96592131589358       10.14981335325035        0.00002614526300       -0.00006873804498       -0.00004824623489
    762       11.50045274826906        9.63061378952543        9.20258422341610        0.00021775206510        0.00157154041990        0.00000987023845
    762        8.84170272636121       10.77279192373999        8.88562253334901       -0.00104695025152       -0.00047452477889        0.00083932708446
    763        9.94646161001673        9.96564692967259       10.14961831479652        0.00002599203817       -0.00006844852939       -0.00004926978814
    763       11.50131550668450        9.63690136751501        9.20263119243739        0.00021367471211        0.00157244716382        0.00001341466395
    763        8.83753138087953       10.77088133753797        8.88900263462910       -0.00103872988877       -0.00048066113731        0.00085051737198
    764        9.94656524233863        9.96537372765845       10.14941919494522        0.00002580023221       -0.00006814600755       -0.00005026192331
    764       11.50216214596597        9.64319336683601        9.20269154072769        0.00020970078857        0.00157370688022        0.00001657974777
    764        8.83339288725103       10.76894663464151        8.89242667232483       -0.00103052457888       -0.00048662308434        0.00086130648373
    765        9.94666801187440        9.96510176161220       10.14921621941008        0.00002554946630       -0.00006784053558       -0.00005119099799
    765       11.50299311299307        9.64949102255678        9.20276383041953        0.00020585280477        0.00157520613033        0.00001939137648
    765        8.82928718424848       10.76698835286328        8.89589308649896       -0.00102232109354       -0.00049249338104        0.00087170506467
    766        9.94676963806904        9.96483100337382       10.14900966696131        0.00002521518259       -0.00006755174542       -0.00005205604349
    766       11.50380896840412        9.65579501587865        9.20284667173953        0.00020216902196        0.00157679881884        0.00002185359568
    766        8.82521431850271       10.76500668759316        8.89940031284216       -0.00101409401291       -0.00049834492880        0.00088170111069
    767        9.94686973333508        9.96456134764882       10.14879977106215        0.00002478161866       -0.00006729136883       -0.00005286240423
    767       11.50461046516879        9.66210541310749        9.20293865918499        0.00019869792004        0.00157834849434        0.00002394851470
    767        8.82117443214518       10.76300159343290        8.90294669538452       -0.00100583627578       -0.00050420903646        0.00089125729507
    768        9.94696789101831        9.96429267242321       10.14858676772747        0.00002426671829       -0.00006705781743       -0.00005359730214
    768       11.50539855176444        9.66842180383338        9.20303825985717        0.00019548126245        0.00157976332713        0.00002563013126
    768        8.81716762829646       10.76097301530150        8.90653037120275       -0.00099757825215       -0.00051005832021        0.00090030723422
    769        9.94706386708140        9.96402488510941       10.14837099264506        0.00002372649996       -0.00006684674385       -0.00005423578150
    769       11.50617431526841        9.67474351972455        9.20314370023505        0.00019255526933        0.00158100779446        0.00002683488739
    769        8.81319380612801       10.75892112687120        8.91014915325829       -0.00098938354282       -0.00051581841923        0.00090876222145
    770        9.94715770301801        9.96375789847243       10.14815288147543        0.00002322502223       -0.00006666325221       -0.00005476593696
    770       11.50693899391907        9.68106986618904        9.20325293895630        0.00018996699185        0.00158210429159        0.00002750247004
    770        8.80925255995386       10.75684646794765        8.91380046897432       -0.00098133090775       -0.00052139193928        0.00091653010446
    771        9.94724966725927        9.96349157909175       10.14793286514935        0.00002279570181       -0.00006651608462       -0.00005520107294
    771       11.50769405120320        9.68740035405725        9.20336371999535        0.00018777116950        0.00158311238907        0.00002759717315
    771        8.80534315886603       10.75474999135693        8.91748139409398       -0.00097349920056       -0.00052668076394        0.00092354105482
    772        9.94734006863248        9.96322576979547       10.14771127289189        0.00002242853948       -0.00006639947776       -0.00005556651986
    772       11.50844116327510        9.69373476530157        9.20347371634152        0.00018600539853        0.00158407854333        0.00002712954196
    772        8.80146456634941       10.75263302183615        8.92118879741287       -0.00096595470655       -0.00053161260964        0.00092976903439
    773        9.94742909557513        9.96296038326968       10.14748833299044        0.00002208639838       -0.00006628996426       -0.00005587752456
    773       11.50918209439144        9.70007298240391        9.20358075633106        0.00018467759227        0.00158500599084        0.00002615638024
    773        8.79761552121361       10.75049709047983        8.92491954636910       -0.00095873100909       -0.00053616627982        0.00093523449749
    774        9.94751675981949        9.96269545008141       10.14726425269541        0.00002172793758       -0.00006616466120       -0.00005613138146
    774       11.50991858401328        9.70641481322831        9.20368296738347        0.00018377662688        0.00158587090506        0.00002474194870
    774        8.79379471827672       10.74834369159759        8.92867067339278       -0.00095181738052       -0.00054037619915        0.00093998985613
    775        9.94760291907575        9.96243106598004       10.14703928193875        0.00002132325568       -0.00006601804522       -0.00005631804167
    775       11.51065230740648        9.71275994964436        9.20377869192065        0.00018328537163        0.00158664148435        0.00002291450704
    775        8.79000098216944       10.74617408088666        8.93243946521814       -0.00094517629262       -0.00054430900644        0.00094410122996
    776        9.94768734586494        9.96216730571964       10.14681370836205        0.00002086426835       -0.00006586109928       -0.00005643043211
    776       11.51138486698630        9.71910794510314        9.20386628343976        0.00018318171979        0.00158728545403        0.00002066001498
    776        8.78623330793575       10.74398921954608        8.93622348323245       -0.00093876765030       -0.00054801875218        0.00094762334768
    777        9.94776983322254        9.96190417718578       10.14658783848190        0.00002036925870       -0.00006571066699       -0.00005646140916
    777       11.51211776116477        9.72545823327664        9.20394397204049        0.00018342761189        0.00158779853318        0.00001794179182
    777        8.78249084096706       10.74178993086925        8.94002045199962       -0.00093255120400       -0.00055150130812        0.00095056218181
    778        9.94785029993451        9.96164162038372       10.14636201708875        0.00001987471612       -0.00006558233814       -0.00005640154238
    778       11.51285228788140        9.73181033336857        9.20400981777431        0.00018395393477        0.00158823560091        0.00001471703255
    778        8.77877289830377       10.73957720908116        8.94382798068689       -0.00092648556198       -0.00055468330030        0.00095285416848
    779        9.94792883095151        9.96137951848065       10.14613662614283        0.00001941686518       -0.00006548968723       -0.00005625222915
    779       11.51358939264295        9.73816411808391        9.20406170830093        0.00018465969734        0.00158869352522        0.00001095619323
    779        8.77507895647123       10.73735246446685        8.94764328534746       -0.00092054441047       -0.00055745469397        0.00095439353243
    780        9.94800563485593        9.96111770288587       10.14591199925557        0.00001901818063       -0.00006544404896       -0.00005603802094
    780       11.51432956546013        9.74451988157037        9.20409746732016        0.00018543265005        0.00158925830841        0.00000667731314
    780        8.77140854302004       10.73511757152941        8.95146312894633       -0.00091472988454       -0.00055970772686        0.00095508559887
    781        9.94808097639657        9.96085596608897       10.14568832197530        0.00001868963722       -0.00006545115541       -0.00005579480304
    781       11.51507285384334        9.75087818455120        9.20411512680606        0.00018617140955        0.00158996779038        0.00000197177838
    781        8.76776111739488       10.73287480265194        8.95528397013841       -0.00090906812738       -0.00056135872545        0.00095487945227
    782        9.94815515195369        9.96059409364257       10.14546564083122        0.00001844071538       -0.00006550916402       -0.00005554188994
    782       11.51581893673651        9.75723962389341        9.20411324154720        0.00018679751107        0.00159080941246       -0.00000301178728
    782        8.76413599800096       10.73062670172582        8.95910216456447       -0.00090360084856       -0.00056237261988        0.00095377335378
    783        9.94822850211962        9.96033189277684       10.14524398685579        0.00001827938501       -0.00006561266652       -0.00005526820886
    783       11.51656723393189        9.76360465985086        9.20409103250782        0.00018726945776        0.00159174902005       -0.00000812545865
    783        8.76053231060640       10.72837582169291        8.96291415696864       -0.00089838015307       -0.00056278784900        0.00095181289810
    784        9.94830138703378        9.96006919231042       10.14502349516033        0.00001819819523       -0.00006575857863       -0.00005494577036
    784       11.51731709239861        9.76997361605378        9.20404823787803        0.00018759340822        0.00159277184632       -0.00001328411089
    784        8.75694895677641       10.72612439893384        8.96671666774925       -0.00089346616769       -0.00056269813940        0.00094907974486
    785        9.94837408768145        9.95980582414780       10.14480442069291        0.00001816557181       -0.00006594691727       -0.00005455255442
    785       11.51806798119762        9.77634683462140        9.20398475962072        0.00018780714392        0.00159389794871       -0.00001848399537
    785        8.75338458126487       10.72387423657773        8.97050679492752       -0.00088893362656       -0.00056218789427        0.00094565732367
    786        9.94844671160824        9.95954161697223       10.14458707472500        0.00001814013959       -0.00006617579839       -0.00005408011907
    786       11.51881954954995        9.78272479964347        9.20390036591503        0.00018794549298        0.00159516691074       -0.00002376873046
    786        8.74983748776392       10.72162689577968        8.97428192633864       -0.00088487895992       -0.00056128517056        0.00094158585166
    787        9.94851920879816        9.95927641776065       10.14437177974033        0.00001809549922       -0.00006643695232       -0.00005352411999
    787       11.51957154514143        9.78910816990732        9.20379460977703        0.00018802030642        0.00159663258984       -0.00002919132766
    787        8.74630554958548       10.71938395521326        8.97803948174084       -0.00088141047523       -0.00055998066034        0.00093684140807
    788        9.94859147560197        9.95901012135367       10.14415888176508        0.00001802753496       -0.00006671859580       -0.00005287576476
    788       11.52032371200133        9.79549786036222        9.20366683529374        0.00018802252195        0.00159837169744       -0.00003480634459
    788        8.74278620396208       10.71714705049699        8.98177665760323       -0.00087862860074       -0.00055828457281        0.00093136224315
    789        9.94866342907782        9.95874266899422       10.14394877362222        0.00001794362341       -0.00006701411102       -0.00005212441194
    789       11.52107572531706        9.80189514348683        9.20351615902035        0.00018792626998        0.00160046028325       -0.00004065312826
    789        8.73927652077960       10.71491767863078        8.98549037968605       -0.00087660879338       -0.00055625274159        0.00092510463411
    790        9.94873502458928        9.95847400846552       10.14374188646959        0.00001785759208       -0.00006732795946       -0.00005126575533
    790       11.52182712216119        9.80830154262824        9.20334161026768        0.00018767930827        0.00160292482000       -0.00004670560934
    790        8.73577333361506       10.71269702856425        8.98917749467610       -0.00087537925357       -0.00055395389436        0.00091807835038
    791        9.94880628981446        9.95820404531854       10.14353864757958        0.00001779252291       -0.00006767517443       -0.00005031006655
    791       11.52257715978320        9.81471854204684        9.20314251414561        0.00018718608966        0.00160573420314       -0.00005285627378
    791        8.73227348675101       10.71048604747587        8.99283500648911       -0.00087489702192       -0.00055142711321        0.00091033818668
    792        9.94887736477253        9.95793260707009       10.14333940593717        0.00001776995738       -0.00006807468103       -0.00004928803982
    792       11.52332461087848        9.82114741625335        9.20291876007748        0.00018631119562        0.00160883789590       -0.00005898067281
    792        8.72877415743967       10.70828561165857        8.99646020016951       -0.00087504834062       -0.00054868731452        0.00090196282652
    793        9.94894844947349        9.95765944787033       10.14314434326103        0.00001778938166       -0.00006853408615       -0.00004824641809
    793       11.52406764934814        9.82758924521406        9.20267066876313        0.00018491769523        0.00161218222233       -0.00006500873376
    793        8.72527310002605       10.70609654895969        9.00005070910124       -0.00087567797951       -0.00054575655653        0.00089304476680
    794        9.94901967982580        9.95738433438089       10.14295343459244        0.00001782890971       -0.00006903493487       -0.00004722903984
    794       11.52480395244034        9.83404487403202        9.20239869020738        0.00018290910705        0.00161569011328       -0.00007093197363
    794        8.72176873360359       10.70391955920630        9.00360455830393       -0.00087662574981       -0.00054266192391        0.00088366881553
    795        9.94909108075114        9.95710716839140       10.14276651094232        0.00001787014438       -0.00006954100249       -0.00004625623478
    795       11.52553092220451        9.84051476612032        9.20210321297411        0.00018024099324        0.00161926453106       -0.00007678856032
    795        8.71826009402760       10.70175525356842        9.00712005962549       -0.00087775651286       -0.00053940923024        0.00087387701421
    796        9.94916264098085        9.95682800636098       10.14258338471421        0.00001791405559       -0.00007002927698       -0.00004532167269
    796       11.52624588038626        9.84699899028054        9.20178438172484        0.00017691656438        0.00162283220894       -0.00008267172779
    796        8.71474668150074       10.69960428536437        9.01059557441759       -0.00087897620390       -0.00053598345853        0.00086366507471
    797        9.94923439319587        9.95654693417553       10.14240393756083        0.00001797213867       -0.00007050816672       -0.00004440722967
    797       11.52694625471957        9.85349742379185        9.20144183915176        0.00017298658246        0.00162637155840       -0.00008871602967
    797        8.71122828439637       10.69746738590018        9.01402938022319       -0.00088022303631       -0.00053237040243        0.00085301826959
    798        9.94930641809025        9.95626394102723       10.14222812687687        0.00001805273595       -0.00007100064548       -0.00004349606166
    798       11.52762977304592        9.86000996274773        9.20107465348751        0.00016853789211        0.00162989655420       -0.00009502744717
    798        8.70770489721029       10.69534532214494        9.01741972057429       -0.00088144330139       -0.00052855993074        0.00084193722029
    799        9.94937881508345        9.95597892901167       10.14205596906756        0.00001816001518       -0.00007151568302       -0.00004257078432
    799       11.52829455785641        9.86653659622548        9.20068161957443        0.00016366580461        0.00163343205166       -0.00010162003266
    799        8.70417673798524       10.69323890645427        9.02076487798552       -0.00088257954231       -0.00052453803104        0.00083043647627
    800        9.94945169821168        9.95569181556303       10.14188756060227        0.00001830129020       -0.00007204284065       -0.00004160817510
    800       11.52893909948282        9.87307741916102        9.20026169322627        0.00015845895402        0.00163700610025       -0.00010842455464
    800        8.70064426087178       10.69114901789666        9.02406321238441       -0.00088357849776       -0.00052029603053        0.00081854405549
    801        9.94952522540502        9.95540258628651       10.14172310366677        0.00001849364402       -0.00007257235127       -0.00004058656861
    801       11.52956222948861        9.87963264502745        9.19981422313732        0.00015300449888        0.00164064164681       -0.00011534207750
    801        8.69710811000314       10.68907653821002        9.02731323042948       -0.00088440252667       -0.00051584177288        0.00080630199430
    802        9.94959964736385        9.95511123675290       10.14156286805340        0.00001876389778       -0.00007311284813       -0.00003950041955
    802       11.53016313547389        9.88620255233553        9.19933895660628        0.00014738751863        0.00164433902744       -0.00012227992384
    802        8.69356904065838       10.68702228371360        9.03051362833883       -0.00088503361043       -0.00051118665981        0.00079375020745
    803        9.94967533658729        9.95481768350147       10.14140710031040        0.00001913579956       -0.00007368465728       -0.00003836319195
    803       11.53074132963767        9.89278735724697        9.19883598374659        0.00014167275493        0.00164807554005       -0.00012915950492
    803        8.69002784111968       10.68498704493155        9.03366323208905       -0.00088546836991       -0.00050632931094        0.00078091235682
    804        9.94975273376034        9.95452175949466       10.14125596251783        0.00001960961854       -0.00007429717528       -0.00003719297734
    804       11.53129651751331        9.89938715665590        9.19830568056688        0.00013588396088        0.00165183418484       -0.00013592010633
    804        8.68648529369912       10.68297164922604        9.03676092719339       -0.00088570621151       -0.00050126422290        0.00076780427239
    805        9.94983221353561        9.95422330609925       10.14110955649166        0.00002015577396       -0.00007493590874       -0.00003599515315
    805       11.53182840132474        9.90600203072568        9.19774862289592        0.00012999485894        0.00165562906909       -0.00014252574173
    805        8.68294219142759       10.68097693114833        9.03980566626817       -0.00088574404326       -0.00049599564887        0.00075444886926
    806        9.94991397995201        9.95392227222474       10.14096800129264        0.00002073467709       -0.00007557078439       -0.00003476115268
    806       11.53233647638479        9.91263218920860        9.19716547463307        0.00012393362061        0.00165949705337       -0.00014896885229
    806        8.67939934135305       10.67900368403505        9.04279651814745       -0.00088558764539       -0.00049053258569        0.00074088469532
    807        9.94999809095236        9.95361873982416       10.14083146727024        0.00002132412011       -0.00007617603317       -0.00003348639347
    807       11.53281987028962        9.91927800715261        9.19655687207758        0.00011759832517        0.00166346700291       -0.00015526344665
    807        8.67585749026450       10.67705267046277        9.04573274383076       -0.00088526146431       -0.00048488866713        0.00072717201257
    808        9.95008457291286        9.95331286395941       10.14070011014488        0.00002192639903       -0.00007674565254       -0.00003218673325
    808       11.53327726298619        9.92593992523190        9.19592336705985        0.00011087885495        0.00166753358604       -0.00016141763888
    808        8.67231724963858       10.67512457469799        9.04861389424798       -0.00088479388889       -0.00047910844193        0.00071338540375
    809        9.95017350214460        9.95300477460385       10.14057397340423        0.00002255303473       -0.00007729415996       -0.00003089264131
    809       11.53370690112926        9.93261827584090        9.19526553096652        0.00010367580960        0.00167165085367       -0.00016739967846
    809        8.66877913915336       10.67321980292730        9.05143982706073       -0.00088419031585       -0.00047328814322        0.00069958816953
    810        9.95026499719066        9.95269451067976       10.14045296901439        0.00002320786810       -0.00007784501176       -0.00002962996555
    810       11.53410666946295        9.93931313206128        9.19458416963213        0.00009590454917        0.00167575058789       -0.00017313758398
    810        8.66524372711179       10.67133826955219        9.05421059960425       -0.00088342392308       -0.00046755593992        0.00068581742287
    811        9.95035916508942        9.95238201450977       10.14033693367985        0.00002388217377       -0.00007842003957       -0.00002841307321
    811       11.53447413752261        9.94602428054403        9.19388043029469        0.00008748535216        0.00167977414711       -0.00017855757643
    811        8.66171174776872       10.66947935540792        9.05692636644367       -0.00088244904009       -0.00046202766334        0.00067209735279
    812        9.95045605458086        9.95206715036322       10.14022566442869        0.00002455804905       -0.00007903601343       -0.00002725405169
    812       11.53480655228025        9.95275132523814        9.19315570902072        0.00007834115065        0.00168369643329       -0.00018362099430
    812        8.65818413479105       10.66764204824547        9.05958737842661       -0.00088121948098       -0.00045677627033        0.00065846017112
    813        9.95055562948182        9.95174972640232       10.14011890126632        0.00002521374823       -0.00007969938580       -0.00002616613825
    813       11.53510086672782        9.95949385201035        9.19241146234032        0.00006841761081        0.00168753487105       -0.00018833703042
    813        8.65466199192088       10.66582514524531        9.06219404781261       -0.00087969961294       -0.00045182961595        0.00064495862519
    814        9.95065776456666        9.95142955527686       10.14001633532265        0.00002582935854       -0.00008039621614       -0.00002514870682
    814       11.53535389316672        9.96625160420658        9.19164901277732        0.00005770720833        0.00169134459738       -0.00019275744344
    814        8.65114653788749       10.66402741131788        9.06474704742813       -0.00087786820669       -0.00044718393046        0.00063167129007
    815        9.95076226435014        9.95110655667319       10.13991771161175        0.00002638957908       -0.00008109155665       -0.00002417098708
    815       11.53556252439447        9.97302460878936        9.19086940279282        0.00004624853872        0.00169519999906       -0.00019695723307
    815        8.64763904626735       10.66224767380164        9.06724741813319       -0.00087571979342       -0.00044281511805        0.00061869175053
    816        9.95086888119929        9.95078082282368       10.13982296742599        0.00002688152445       -0.00008174750542       -0.00002318197365
    816       11.53572388147651        9.97981320419903        9.19007335491273        0.00003409814173        0.00169917779145       -0.00020101303388
    816        8.64414077954017       10.66048489037346        9.06969658143237       -0.00087326638691       -0.00043868488682        0.00060609712844
    817        9.95097731654571        9.95045257662980       10.13973225582258        0.00002729608035       -0.00008234636901       -0.00002214732034
    817       11.53583530952827        9.98661803112098        9.18926129852181        0.00002129625768        0.00170335360486       -0.00020499533257
    817        8.64065291517208       10.65873819470711        9.07209619516068       -0.00087053569711       -0.00043474883271        0.00059392142862
    818        9.95108724984207        9.95012205187157       10.13964578886326        0.00002764181890       -0.00008289816647       -0.00002107858952
    818       11.53589425153792        9.99344003303792        9.18843339225217        0.00000785052640        0.00170779464702       -0.00020896508772
    818        8.63717649396331       10.65700689971177        9.07444795286134       -0.00086755791801       -0.00043096448912        0.00058215941921
    819        9.95119845109690        9.94978939129806       10.13956362710640        0.00002795959364       -0.00008342838742       -0.00002002290341
    819       11.53589811373948       10.00028038829717        9.18758957782001       -0.00000625001956        0.00171253958683       -0.00021296280403
    819        8.63371245182799       10.65529047879413        9.07675347051435       -0.00086433892957       -0.00042729541113        0.00057079184045
    820        9.95131092659116        9.94945462477225       10.13948560563598        0.00002831288441       -0.00008396036317       -0.00001902313956
    820       11.53584425138146       10.00714034973254        9.18672968981992       -0.00002100029022        0.00171758506315       -0.00021700352151
    820        8.63026178252676       10.65358853642276        9.07901428758497       -0.00086083198107       -0.00042371800995        0.00055980405908
    821        9.95142495417221        9.94911770839271       10.13941144198990        0.00002875163215       -0.00008450681865       -0.00001808854991
    821       11.53573011141770       10.01402106880237        9.18585354964795       -0.00003635070666        0.00172288350808       -0.00022108424011
    821        8.62682579597940       10.65190073471454        9.08123190298696       -0.00085693101003       -0.00042023020583        0.00054918488609
    822        9.95154093964833        9.94877857022305       10.13934089723667        0.00002927980666       -0.00008507097543       -0.00001720035854
    822       11.53555344572815       10.02092341779718        9.18496101589905       -0.00005220555607        0.00172834295569       -0.00022518899878
    822        8.62340633444649       10.65022669477611        9.08340776667369       -0.00085249649591       -0.00041684990222        0.00053891466863
    823        9.95165919262548        9.94843714058929       10.13927383912158        0.00002985566825       -0.00008564863871       -0.00001634006541
    823       11.53531246696916       10.02784781244785        9.18405203765769       -0.00006844815971        0.00173383649826       -0.00022928490829
    823        8.62000582401211       10.64856593549678        9.08554322033597       -0.00084739474571       -0.00041360726200        0.00052896096119
    824        9.95177978499433        9.94809338111335       10.13921017671336        0.00003042335705       -0.00008622739559       -0.00001550971271
    824       11.53500586045046       10.03479410978322        9.18312673663273       -0.00008497495933        0.00173922444522       -0.00023331696965
    824        8.61662717648081       10.64691783668009        9.08763945436323       -0.00084152418121       -0.00041054227455        0.00051929283199
    825        9.95190257948187        9.94774732142456       10.13914976141990        0.00003095089745       -0.00008678662497       -0.00001472720969
    825       11.53463266729450       10.04176160800963        9.18218550190048       -0.00010171155551        0.00174437857126       -0.00023721501050
    825        8.61327363056242       10.64528159730035        9.08969756299190       -0.00083482471644       -0.00040769793934        0.00050990588298
    826        9.95202739217393        9.94739908811356       10.13909235903582        0.00003144729684       -0.00008730247115       -0.00001400726558
    826       11.53419216800640       10.04874913835328        9.18122901654875       -0.00011860061542        0.00174920830242       -0.00024092096987
    826        8.60994857874929       10.64365625316534        9.09171870142709       -0.00082727841985       -0.00040510177522        0.00050083316753
    827        9.95215415785656        9.94704890165540       10.13903770329523        0.00003194696507       -0.00008775722617       -0.00001334958662
    827       11.53368386237118       10.05575527442901        9.18025813414155       -0.00013558613312        0.00175368027708       -0.00024441433411
    827        8.60665540320361       10.64204078309856        9.09370422833213       -0.00081890414405       -0.00040275718822        0.00049212583017
    828        9.95228296789452        9.94669703030419       10.13898556234286        0.00003247675582       -0.00008814859591       -0.00001274322582
    828       11.53310747894145       10.06277858056993        9.17927370187591       -0.00015261691643        0.00175780780651       -0.00024770042697
    828        8.60339734559686       10.64043419565956        9.09565570806846       -0.00080975085306       -0.00040065679324        0.00048382019752
    829        9.95241397190311        9.94634371288814       10.13893575748868        0.00003303589370       -0.00008849365799       -0.00001217822967
    829       11.53246292703971       10.06981773688108        9.17827653072580       -0.00016965655258        0.00176162029012       -0.00025077197084
    829        8.60017739637910       10.63883552875265        9.09757478991232       -0.00079989490347       -0.00039879484086        0.00047592106419
    830        9.95254725504415        9.94598908104026       10.13888813650549        0.00003360185022       -0.00008882387439       -0.00001165004999
    830       11.53175022652084       10.07687154289087        9.17726752610921       -0.00018668364211        0.00176514865626       -0.00025359034900
    830        8.59699818636907       10.63724383693267        9.09946307658197       -0.00078943370036       -0.00039716591023        0.00046840668431
    831        9.95268278670487        9.94563312189304       10.13884255708879        0.00003414731918       -0.00008917098116       -0.00001115168429
    831       11.53096945790282       10.08393892613113        9.17624780793379       -0.00020368785085        0.00176843218065       -0.00025610345322
    831        8.59386192677620       10.63565820147081        9.10132204338678       -0.00077846714418       -0.00039576864488        0.00046124444677
    832        9.95282043359762        9.94527571319097       10.13879892303117        0.00003464931353       -0.00008955074601       -0.00001066460663
    832       11.53012072371405       10.09101900033607        9.17521869848344       -0.00022066456413        0.00177152980822       -0.00025827792012
    832        8.59077044921566       10.63407768777367        9.10315303215612       -0.00076707432882       -0.00039461786534        0.00045441275349
    833        9.95295998121312        9.94491671592496       10.13875724023574        0.00003508911415       -0.00008995736703       -0.00001016327135
    833       11.52920414138977       10.09811116459687        9.17418158457280       -0.00023761134191        0.00177452810973       -0.00026011952376
    833        8.58772533214565       10.63250125854807        9.10495734541467       -0.00075529829454       -0.00039373929936        0.00044791877177
    834        9.95310114651084        9.94455605425474       10.13871761686039        0.00003545429178       -0.00009037455855       -0.00000963252677
    834       11.52821983297879       10.10521522521389        9.17313774229340       -0.00025454464801        0.00177753678603       -0.00026166863753
    834        8.58472806285932       10.63092777337877        9.10673638233029       -0.00074314375554       -0.00039314446491        0.00044179563069
    835        9.95324361554737        9.94419371945658       10.13868018002159        0.00003574650075       -0.00009079230757       -0.00000908272498
    835       11.52716778420566       10.11233145888514        9.17208823547259       -0.00027152776321        0.00178066508388       -0.00026297775115
    835        8.58178018210132       10.62935610282881        9.10849171046020       -0.00073058666118       -0.00039281885062        0.00043608687372
    836        9.95338711851681        9.94382971579417       10.13864495506054        0.00003598337798       -0.00009121048181       -0.00000854919504
    836       11.52604761087314       10.11946054588492        9.17103392028418       -0.00028866463438        0.00178399149308       -0.00026409451545
    836        8.57888336956991       10.62778522257380        9.11022507732006       -0.00071758928390       -0.00039273882340        0.00043083783541
    837        9.95353148257125        9.94346403560210       10.13861178646129        0.00003618625502       -0.00009162464606       -0.00000807365280
    837       11.52485846713063       10.12660339082976        9.16997547934897       -0.00030605407886        0.00178754262800       -0.00026506350914
    837        8.57603946783014       10.62621419224164        9.11193841314349       -0.00070411324195       -0.00039289385675        0.00042608746141
    838        9.95367660855699        9.94309671862571       10.13858036583811        0.00003636690191       -0.00009201205915       -0.00000767868193
    838       11.52359917824229       10.13376088690894        9.16891341221102       -0.00032375051209        0.00179128787859       -0.00026593340795
    838        8.57325046363427       10.62464207171982        9.11363377701130       -0.00069013150449       -0.00039328923755        0.00042185075940
    839        9.95382241778654        9.94272793912893       10.13855035700583        0.00003652923103       -0.00009233861042       -0.00000735697820
    839       11.52226846303393       10.14093369385848        9.16784801208534       -0.00034175326995        0.00179515066891       -0.00026674996500
    839        8.57051841579425       10.62306787834127        9.11531321921868       -0.00067564223296       -0.00039393184252        0.00041811192275
    840        9.95396884240519        9.94235800974233       10.13852151001249        0.00003667834482       -0.00009258248538       -0.00000708631856
    840       11.52086515208266       10.14812209226024        9.16677941249106       -0.00036000928859        0.00179902697126       -0.00026753781797
    840        8.56784532577062       10.62149061697967        9.11697867239327       -0.00066067286678       -0.00039481978549        0.00041484071430
    841        9.95411584454506        9.94198727924590       10.13849366645733        0.00003682144014       -0.00009274831346       -0.00000685228980
    841       11.51938838872520       10.15532590962859        9.16570770954161       -0.00037842114469        0.00180280298937       -0.00026829404177
    841        8.56523303286000       10.61990932005733        9.11863194493307       -0.00064526136143       -0.00039594686519        0.00041200802078
    842        9.95426341392635        9.94161602323462       10.13846669169407        0.00003696330184       -0.00009285782913       -0.00000665257736
    842       11.51783778292516       10.16254451617522        9.16463306015688       -0.00039686320473        0.00180638104535       -0.00026900444073
    842        8.56268323487915       10.61832304205815        9.12027473655952       -0.00062943059243       -0.00039730843670        0.00040958525458
    843        9.95441155095976        9.94124441661286       10.13844044583844        0.00003710505936       -0.00009293234403       -0.00000648310731
    843       11.51621348308735       10.16977695799140        9.16355567401574       -0.00041520773599        0.00180971273263       -0.00026966762568
    843        8.56019758812053       10.61673085256373        9.12190862696968       -0.00061318926982       -0.00039889592966        0.00040754823854
    844        9.95456025440120        9.94087256448239       10.13841482683562        0.00003724230197       -0.00009298677810       -0.00000632891864
    844       11.51451612103724       10.17702221803625        9.16247571915148       -0.00043335833595        0.00181281139383       -0.00027030784282
    844        8.55777772072061       10.61513187462089        9.12353512246781       -0.00059655941037       -0.00040069193564        0.00040589662804
    845        9.95470948937554        9.94050052238805       10.13838981448934        0.00003735855235       -0.00009303335529       -0.00000617305358
    845       11.51274661639977       10.18427944914207        9.16139321127320       -0.00045127000691        0.00181573180791       -0.00027097152788
    845        8.55542511283758       10.61352531707862        9.12515579999397       -0.00057959307168       -0.00040267667569        0.00040466375192
    846        9.95485912281999        9.94012829764009       10.13836544240699        0.00003742308135       -0.00009308148605       -0.00000601477824
    846       11.51090596098199       10.19154807249954        9.16030794692847       -0.00046893638198        0.00181853860322       -0.00027171187567
    846        8.55314097614715       10.61191046121537        9.12677243248319       -0.00056236189374       -0.00040483474253        0.00040389728942
    847        9.95500887402636        9.93975587049967       10.13834169626338        0.00003740368772       -0.00009313218013       -0.00000587914152
    847       11.50899512534389       10.19882775796779        9.15921951626782       -0.00048635916468        0.00182127664622       -0.00027256871949
    847        8.55092621768768       10.61028663913837        9.12838697830931       -0.00054494355926       -0.00040715606731        0.00040362839396
    848        9.95515835232178        9.93938324019904       10.13831840927480        0.00003729094210       -0.00009317696955       -0.00000580552076
    848       11.50701508766454       10.20611828566932        9.15812739717255       -0.00050352485576        0.00182394411553       -0.00027355248574
    848        8.54878142767304       10.60865321267688        9.13000145963486       -0.00052742021038       -0.00040963534124        0.00040385526967
    849        9.95530720156314        9.93901045474326       10.13829525209733        0.00003711443036       -0.00009320558977       -0.00000581985100
    849       11.50496692649779       10.21341931089204        9.15703109638189       -0.00052039721052        0.00182648899735       -0.00027464033006
    849        8.54670685600465       10.60700955640842        9.13161782046666       -0.00050987492838       -0.00041226042226        0.00040454293292
    850        9.95545526776465        9.93863759548087       10.13827185046677        0.00003693224334       -0.00009321543029       -0.00000591319273
    850       11.50285190998040       10.22073019764811        9.15593027453206       -0.00053693252010        0.00182884160194       -0.00027578511088
    850        8.54470242824601       10.60535512929881        9.13323780309823       -0.00049238073292       -0.00041498758354        0.00040562767960
    851        9.95560265950982        9.93826473130098       10.13824794655551        0.00003679863174       -0.00009321496651       -0.00000604618193
    851       11.50067146633703       10.22805004370753        9.15482481549484       -0.00055310886357        0.00183095074935       -0.00027692355529
    851        8.54276781014127       10.60368965574012        9.13486284190348       -0.00047499541570       -0.00041773150198        0.00040702115690
    852        9.95574965681861        9.93789187574875       10.13822348101132        0.00003673534457       -0.00009322014460       -0.00000617385530
    852       11.49842703907187       10.23537780364289        9.15371488608976       -0.00056893370370        0.00183279622402       -0.00027797394084
    852        8.54090246492042       10.60201327728294        9.13649397235346       -0.00045776697320       -0.00042038574582        0.00040861325938
    853        9.95589654226635        9.93751897014417       10.13819855571308        0.00003672557710       -0.00009324670199       -0.00000626861951
    853       11.49611999670740       10.24271241349965        9.15260102396815       -0.00058442400597        0.00183439340801       -0.00027884058718
    853        8.53910567435571       10.60032656977352        9.13813174797855       -0.00044073934944       -0.00042285325304        0.00041027810389
    854        9.95604346143539        9.93714590213281       10.13817333205523        0.00003673169387       -0.00009330225571       -0.00000632731262
    854       11.49375164702411       10.25005295090696        9.15148416139230       -0.00059959345325        0.00183579770574       -0.00027944162456
    854        8.53737655012493       10.59863045125866        9.13977619718456       -0.00042394910574       -0.00042507068554        0.00041189580929
    855        9.95619039581732        9.93677255209849       10.13814793721214        0.00003672525754       -0.00009338267651       -0.00000636471588
    855       11.49132324908141       10.25739879514559        9.15036549097164       -0.00061445252091        0.00183709043029       -0.00027974187483
    855        8.53571408150978       10.59692600428923        9.14142691445286       -0.00040741709793       -0.00042702938593        0.00041339083089
    856        9.95633726349574        9.93639884072076       10.13812241432821        0.00003670601628       -0.00009347489078       -0.00000640285848
    856       11.48883602685682       10.26474967434932        9.14924622639364       -0.00062899836779        0.00183835250901       -0.00027976588512
    856        8.53411721334149       10.59521421617119        9.14308332383171       -0.00039115186279       -0.00042878609741        0.00041476147816
    857        9.95648404394756        9.93602475297221       10.13809671434427        0.00003669092631       -0.00009356291451       -0.00000646187708
    857       11.48629126213906       10.27210561521770        9.14812736389072       -0.00064320092127        0.00183964854684       -0.00027958692314
    857        8.53258486660744       10.59349571550993        9.14474500627811       -0.00037516937754       -0.00043044882109        0.00041607607685
    858        9.95663079090622        9.93565033740471       10.13807071931154        0.00003668556915       -0.00009363235915       -0.00000655177564
    858       11.48369041948666       10.27946686272403        9.14700953100849       -0.00065700462777        0.00184101440780       -0.00027929411133
    858        8.53111585832114       10.59177062560244        9.14641193244647       -0.00035950654020       -0.00043213943475        0.00041743699245
    859        9.95677752850075        9.93527569409898       10.13804430013917        0.00003666868771       -0.00009367257787       -0.00000666596648
    859       11.48103522511693       10.28683373048008        9.14589301100007       -0.00067033862679        0.00184243948857       -0.00027895167037
    859        8.52970881428581       10.59003860003190        9.14808450221774       -0.00034421198008       -0.00043395268607        0.00041892928627
    860        9.95692414040787        9.93490095678175       10.13801739157971        0.00003660082450       -0.00009367880127       -0.00000678411337
    860       11.47832771047237       10.29420637863259        9.14477791764555       -0.00068312553079        0.00184386680257       -0.00027858239600
    860        8.52836216248048       10.58829900411384        9.14976336673665       -0.00032933083038       -0.00043593510356        0.00042057646001
    861        9.95707033509672        9.93452626368884       10.13799002723223        0.00003644582013       -0.00009365475838       -0.00000688517934
    861       11.47557022087065       10.30158466490068        9.14366435183206       -0.00069529728421        0.00184522431123       -0.00027818420774
    861        8.52707416764273       10.58655111920340        9.15144911389779       -0.00031490253166       -0.00043809157366        0.00042232949087
    862        9.95721570696889        9.93415171871469       10.13796231014503        0.00003619161581       -0.00009361257174       -0.00000695691648
    862       11.47276533219871       10.30896817312242        9.14255244398360       -0.00070682066176        0.00184645741008       -0.00027775313566
    862        8.52584294222721       10.58479427152458        9.15314200266360       -0.00030096694529       -0.00044040084017        0.00042409781076
    863        9.95735986802318        9.93377736311494       10.13793437190036        0.00003585806635       -0.00009356786414       -0.00000699400092
    863       11.46991565557657       10.31635632418132        9.14144232674681       -0.00071771674975        0.00184753036262       -0.00027729469225
    863        8.52466643208042       10.58302791248201        9.15484189638385       -0.00028756757029       -0.00044281665771        0.00042579819718
    864        9.95750257149972        9.93340317580154       10.13790635813768        0.00003548696651       -0.00009353400774       -0.00000699645284
    864       11.46702359820073       10.32374841602340        9.14033408644558       -0.00072805761281        0.00184841167295       -0.00027682296750
    864        8.52354240166486       10.58125173826294        9.15654838824100       -0.00027474777890       -0.00044525653008        0.00042738831725
    865        9.95764376375527        9.93302909105300       10.13787840027762        0.00003512758393       -0.00009352044644       -0.00000697648699
    865       11.46409119467406       10.33114361756494        9.13922774300680       -0.00073793892020        0.00184908142851       -0.00027634463252
    865        8.52246844984925       10.57946586024136        9.15826100292188       -0.00026254006721       -0.00044760356245        0.00042887106203
    866        9.95778359217117        9.93265501223002       10.13785054624176        0.00003483037826       -0.00009353287246       -0.00000696242491
    866       11.46112008683914       10.33854106745151        9.13812332938545       -0.00074744394737        0.00184955709479       -0.00027583859411
    866        8.52144208112721       10.57767090976337        9.15997935673727       -0.00025095433290       -0.00044974206128        0.00043027618687
    867        9.95792240678132        9.93228082807334       10.13782270087834        0.00003463978882       -0.00009357030551       -0.00000699033264
    867       11.45811164309508       10.34594007432323        9.13702103425391       -0.00075661619090        0.00184989907571       -0.00027525950998
    867        8.52046081518604       10.57586792375112        9.16170321241687       -0.00023997353735       -0.00045161035657        0.00043163575825
    868        9.95806071048174        9.93190644978596       10.13779462358063        0.00003457614565       -0.00009362145073       -0.00000709154814
    868       11.45506715731192       10.35334026005719        9.13592125330557       -0.00076544639525        0.00185018876300       -0.00027457122162
    868        8.51952229282837       10.57405802691081        9.16343244280327       -0.00022955950906       -0.00045322243495        0.00043296981568
    869        9.95819901594651        9.93153185646752       10.13776596849320        0.00003462028657       -0.00009366630404       -0.00000728399876
    869       11.45198807193307       10.36074158442722        9.13482446448092       -0.00077387346578        0.00185050160525       -0.00027378012051
    869        8.51862433911359       10.57224214427150        9.16516697094232       -0.00021966864364       -0.00045463948127        0.00043428539122
    870        9.95833767277428        9.93115711935361       10.13773635159057        0.00003472018670       -0.00009368261774       -0.00000756356564
    870       11.44887616958566       10.36814427289919        9.13373101234146       -0.00078180237676        0.00185088009381       -0.00027293725213
    870        8.51776494367929       10.57042091106065        9.16690672593307       -0.00021027443439       -0.00045593071331        0.00043557754418
    871        9.95847677744010        9.93078239552563       10.13770545996805        0.00003481881657       -0.00009365318532       -0.00000789638762
    871       11.44573365291900       10.37554862517767        9.13264096646386       -0.00078914076295        0.00185131053049       -0.00027210636806
    871        8.51694214363846       10.56859469856505        9.16865159129572       -0.00020138907733       -0.00045715551240        0.00043682448628
    872        9.95861622330682        9.93040789387102       10.13767318048959        0.00003488526473       -0.00009357295519       -0.00000822507183
    872       11.44256304348207       10.38295475714312        9.13155416139700       -0.00079584103089        0.00185172521555       -0.00027132113444
    872        8.51615383106066       10.56676366696146        9.17040132182334       -0.00019307889936       -0.00045834877455        0.00043798280431
    873        9.95875585955797        9.93003381188412       10.13763965939339        0.00003492952148       -0.00009345428269       -0.00000849440454
    873       11.43936692467189       10.39036242690208        9.13047039738832       -0.00080192411275        0.00185203052980       -0.00027056043147
    873        8.51539751244361       10.56492790836864        9.17215545373024       -0.00018546862652       -0.00045949980523        0.00043899163830
    874        9.95889565947864        9.92966025960950       10.13760522525324        0.00003499158191       -0.00009332502780       -0.00000868140360
    874       11.43614765058011       10.39777100138153        9.12938967794527       -0.00080747356774        0.00185213704995       -0.00026975637854
    874        8.51467008204847       10.56308766851960        9.17391325492971       -0.00017872366254       -0.00046055407974        0.00043978645311
    875        9.95903579221327        9.92928721166175       10.13757020816462        0.00003511309631       -0.00009321758012       -0.00000880687581
    875       11.43290713612997       10.40517952330168        9.12831234635998       -0.00081260705941        0.00185198043260       -0.00026882640509
    875        8.51396772314329       10.56124347573076        9.17567374535509       -0.00017301165749       -0.00046144500720        0.00044031681324
    876        9.95917656424910        9.92891451896851       10.13753477024673        0.00003531105660       -0.00009315394298       -0.00000891763742
    876       11.42964679410479       10.41258684484229        9.12723906670454       -0.00081743593269        0.00185153132385       -0.00026770499136
    876        8.51328598878859       10.55939610846198        9.17743578943567       -0.00016846679096       -0.00046212026136        0.00044056097397
    877        9.95931828066604        9.92854198011787       10.13749886706526        0.00003556791404       -0.00009313545267       -0.00000904976272
    877       11.42636764866845       10.41999177389248        9.12617070642907       -0.00082203004634        0.00185079375199       -0.00026635884880
    877        8.51261998881563       10.55754651363985        9.17919823314685       -0.00016517387438       -0.00046254525615        0.00044053152828
    878        9.95946110756143        9.92816943534712       10.13746237214501        0.00003584125483       -0.00009314535157       -0.00000920118358
    878       11.42307055373407       10.42739319485822        9.12510819591416       -0.00082641169127        0.00184980211494       -0.00026479038792
    878        8.51196459779357       10.55569574641281        9.18096004166190       -0.00016316620288       -0.00046270218977        0.00044027129285
    879        9.95960501070470        9.92779681730531       10.13742525759664        0.00003608789358       -0.00009316362115       -0.00000933811138
    879       11.41975635513831       10.43479019081200        9.12405238332569       -0.00083057830936        0.00184861881027       -0.00026303376197
    879        8.51131465919255       10.55384489612169        9.18272040348963       -0.00016242916503       -0.00046259366279        0.00043984207573
    880        9.95974981071011        9.92742412637789       10.13738766725400        0.00003628837078       -0.00009317908668       -0.00000942901534
    880       11.41642592725920       10.44218214534039        9.12300392581837       -0.00083452543528        0.00184731802574       -0.00026113308649
    880        8.51066516447333       10.55199499711051        9.18447877826771       -0.00016291107519       -0.00046224078204        0.00043930770418
    881        9.95989531767093        9.92705138461189       10.13734982547393        0.00003645491062       -0.00009318721431       -0.00000947414434
    881       11.41308015165604       10.44956873501794        9.12196331863381       -0.00083825384804        0.00184595642954       -0.00025910570423
    881        8.51001137059105       10.55014696986539        9.18623486512308       -0.00016453967919       -0.00046167533994        0.00043871394750
    882        9.96004144999508        9.92667862866340       10.13731187409929        0.00003662046092       -0.00009318436817       -0.00000950674495
    882       11.40971989647486       10.45694979677675        9.12093108018455       -0.00084176815839        0.00184455210894       -0.00025691865013
    882        8.50934884703980       10.54830159439101        9.18798848984768       -0.00016723654764       -0.00046093484997        0.00043807373219
    883        9.96018828135827        9.92630590966652       10.13727377151435        0.00003682314762       -0.00009317250279       -0.00000956885943
    883       11.40634600638896       10.46432515188946        9.11990796943279       -0.00084507230116        0.00184308631026       -0.00025449546112
    883        8.50867347820995       10.54645949106561        9.18973945498062       -0.00017092449239       -0.00046005943313        0.00043736615103
    884        9.96033603517604        9.92593324864106       10.13723532322386        0.00003709604777       -0.00009316493892       -0.00000968336914
    884       11.40295931806556       10.47169448725886        9.11889511649563       -0.00084816118364        0.00184152362857       -0.00025174240394
    884        8.50798145110071       10.54462111892601        9.19148741905593       -0.00017553017167       -0.00045908422372        0.00043654940248
    885        9.96048504974044        9.92556059015520       10.13719630456124        0.00003745838362       -0.00009317737921       -0.00000984599902
    885       11.39956071691981       10.47905734091799        9.11789403020131       -0.00085100916798        0.00183983044174       -0.00024858179320
    885        8.50726923683657       10.54278681727583        9.19323185020043       -0.00018098482495       -0.00045802899033        0.00043557991773
    886        9.96063570224500        9.92518782960735       10.13715655523172        0.00003790602686       -0.00009321003387       -0.00001004133243
    886       11.39615124472175       10.48641313079278        9.11690646215004       -0.00085355953124        0.00183797607037       -0.00024498706330
    886        8.50653357250112       10.54095688700336        9.19497205839776       -0.00018721938901       -0.00045689314871        0.00043442803867
    887        9.96078829795530        9.92481490988421       10.13711597390179        0.00003840977737       -0.00009323885328       -0.00001026010672
    887       11.39273224066986       10.49376114948098        9.11593413369491       -0.00085572746171        0.00183592701797       -0.00024100157742
    887        8.50577148172452       10.53913167208619        9.19670727450976       -0.00019415295102       -0.00045566174748        0.00043308500013
    888        9.96094298046394        9.92444191878110       10.13707447437796        0.00003892858421       -0.00009322460397       -0.00001049869038
    888       11.38930542502804       10.50110054693657        9.11497844953068       -0.00085742561712        0.00183364660744       -0.00023671902238
    888        8.50498034889294       10.53731159302352        9.19843673839877       -0.00020168972597       -0.00045431938009        0.00043156282706
    889        9.96109972662900        9.92406911305245       10.13703198437875        0.00003943314522       -0.00009313695929       -0.00001075122762
    889       11.38587283573287       10.50843032234054        9.11404038151588       -0.00085859728069        0.00183109179711       -0.00023223414083
    889        8.50415796391675       10.53549711704544        9.20015977712623       -0.00020973905462       -0.00045286212027        0.00042988883478
    890        9.96125844562574        9.92369682310675       10.13698846455696        0.00003992568174       -0.00009297947033       -0.00001101116820
    890       11.38243664678249       10.51574928131346        9.11312057640400       -0.00085923394863        0.00182820925528       -0.00022760284731
    890        8.50330243645601       10.53368869606132        9.20187584907704       -0.00021824647243       -0.00045130073000        0.00042809203004
    891        9.96141913208290        9.92332527728979       10.13694389503312        0.00004044066070       -0.00009279363488       -0.00001127726023
    891       11.37899896414380       10.52305599638279        9.11221955873741       -0.00085937337670        0.00182495171433       -0.00022283677828
    891        8.50241199213734       10.53188671120546        9.20358451336655       -0.00022720931238       -0.00044965748922        0.00042618616416
    892        9.96158197091135        9.92295447402769       10.13689824647512        0.00004102319173       -0.00009263470460       -0.00001155166007
    892       11.37556165976891       10.53034889502813        9.11133788217778       -0.00085908569049        0.00182131278815       -0.00021791930673
    892        8.50148476195696       10.53009143614755        9.20528533839030       -0.00023666496277       -0.00044796306097        0.00042416912694
    893        9.96174731761672        9.92258419965299       10.13685148175254        0.00004170004993       -0.00009253838683       -0.00001183115710
    893       11.37212627861985       10.53762649868799        9.11047620428361       -0.00085845395775        0.00181735212569       -0.00021281841217
    893        8.50051867243516       10.52830300671771        9.20697786638210       -0.00024666182804       -0.00044625764388        0.00042204966409
    894        9.96191557131079        9.92221416693305       10.13680359721835        0.00004246306329       -0.00009250307194       -0.00001210127968
    894       11.36869402810692       10.54488771203365        9.10963533488042       -0.00085756022598        0.00181319456996       -0.00020749195334
    894        8.49951146733263       10.52652137499654        9.20866173570302       -0.00025723502275       -0.00044459475686        0.00041987634645
    895        9.96208702212306        9.92184417507744       10.13675467151507        0.00004327274284       -0.00009249472238       -0.00001234135461
    895       11.36526579681197       10.55213205524770        9.10881626865689       -0.00085648549723        0.00180900485243       -0.00020189812941
    895        8.49846079225317       10.52474624866286        9.21033687715370       -0.00026840112638       -0.00044303743072        0.00041773038471
    896        9.96226175325354        9.92147420915405       10.13670486638149        0.00004407817920       -0.00009246524377       -0.00001254048235
    896       11.36184214412906       10.55935975085306        9.10802014984516       -0.00085531337849        0.00180494167232       -0.00019601537540
    896        8.49736425832157       10.52297707555082        9.21200357878073       -0.00028016275139       -0.00044163753772        0.00041568493100
    897        9.96243964755665        9.92110445312727       10.13665434765626        0.00004484301948       -0.00009237187399       -0.00001271216811
    897       11.35842328978402       10.56657158862630        9.10724814565368       -0.00085412162714        0.00180110330432       -0.00018985449546
    897        8.49621949024208       10.52121314836113        9.21366235660168       -0.00029250951972       -0.00044041006337        0.00041377431317
    898        9.96262049740934        9.92073523416209       10.13660316903664        0.00004556358115       -0.00009219130882       -0.00001289294286
    898       11.35500917111192       10.57376857728762        9.10650131388151       -0.00085296730638        0.00179749251717       -0.00018344720019
    898        8.49502418216385       10.51945379504386        9.21531377328607       -0.00030542314171       -0.00043933241598        0.00041199670844
    899        9.96280415620585        9.92036692265667       10.13655120411341        0.00004626967268       -0.00009192775898       -0.00001312412679
    899       11.35159955133301       10.58095152876369        9.10578056805220       -0.00085188301287        0.00179402303052       -0.00017682409091
    899        8.49377610510841       10.51769848903331        9.21695833026920       -0.00031889257938       -0.00043837705305        0.00041033261679
    900        9.96299065479076        9.91999981209023       10.13649817602236        0.00004701027505       -0.00009161156084       -0.00001342988064
    900       11.34819410700897       10.58812076153175        9.10508672115425       -0.00085088167332        0.00179055766912       -0.00017000267121
    900        8.49247304152878       10.51594677861944        9.21859643422041       -0.00033291885144       -0.00043753965644        0.00040876069428
    901        9.96318023840626        9.91963403016998       10.13644376506832        0.00004783194789       -0.00009128410508       -0.00001380673553
    901       11.34479249794646       10.59527599011666        9.10442054668249       -0.00084995589392        0.00178694620364       -0.00016297943369
    901        8.49111275429687       10.51419817178176        9.22022841582342       -0.00034749459540       -0.00043682564997        0.00040726768763
    902        9.96337331037386        9.91926953924961       10.13638772213812        0.00004875741639       -0.00009097588649       -0.00001423228733
    902       11.34139445985763       10.60241633116085        9.10378288568472       -0.00084907875359        0.00178304497780       -0.00015571838487
    902        8.48969308476557       10.51245217341969        9.22185457572146       -0.00036257891315       -0.00043621772779        0.00040584755614
    903        9.96357029773740        9.91890622307806       10.13632990676966        0.00004977283546       -0.00009069314788       -0.00001468749249
    903       11.33799986791773       10.60954034993905        9.10317479960350       -0.00084821969235        0.00177872694340       -0.00014815578395
    903        8.48821212299169       10.51070842995941        9.22347519627258       -0.00037809372547       -0.00043567403170        0.00040449334454
    904        9.96377149305754        9.91854399406657       10.13627022219824        0.00005083073562       -0.00009042031116       -0.00001517517833
    904       11.33460870231887       10.61664614670802        9.10259763941309       -0.00084736292453        0.00177389583560       -0.00014022887485
    904        8.48666833496177       10.50896678116607        9.22509052247775       -0.00039393895740       -0.00043515588594        0.00040320295770
    905        9.96397694362232        9.91818286058879       10.13620850534301        0.00005186913941       -0.00009013194899       -0.00001571844252
    905       11.33122096452152       10.62373151662382        9.10205296860469       -0.00084651031270        0.00176850343736       -0.00013189899614
    905        8.48506061133251       10.50722718287189        9.22670081993421       -0.00041000820622       -0.00043464722867        0.00040200520783
    906        9.96418644617281        9.91782293847468       10.13614447465809        0.00005284083270       -0.00008980472490       -0.00001633956040
    906       11.32783661981724       10.63079417420689        9.10154244744397       -0.00084567577425        0.00176255768260       -0.00012315338414
    906        8.48338826931205       10.50548960333671        9.22830656414041       -0.00042619853328       -0.00043415954087        0.00040098015318
    907        9.96439967028393        9.91746442278957       10.13607778885981        0.00005373807176       -0.00008942438186       -0.00001704001430
    907       11.32445555832749       10.63783197808464        9.10106774153155       -0.00084488309821        0.00175611673986       -0.00011400501596
    907        8.48165102306623       10.50375390654493        9.22990866115961       -0.00044241863610       -0.00043373796770        0.00040024629358
    908        9.96461635074687        9.91710754341983       10.13600815454373        0.00005459184032       -0.00008898802506       -0.00001780215308
    908       11.32107755503156       10.64484310812577        9.10063040731630       -0.00084416332911        0.00174927669245       -0.00010449310723
    908        8.47984892022323       10.50201969959508        9.23150853448904       -0.00045859268351       -0.00043346171268        0.00039991628178
    909        9.96483640500647        9.91675251858906       10.13593537163520        0.00005544091637       -0.00008850390026       -0.00001860716672
    909       11.31770225169459       10.65182619162426        9.10023179667372       -0.00084354589641        0.00174215558065       -0.00009466497348
    909        8.47798228159814       10.50028621284350        9.23310799141382       -0.00047465389282       -0.00043342977486        0.00040005246350
    910        9.96505987807779        9.91639951221775       10.13585929720999        0.00005629707559       -0.00008798862265       -0.00001944523795
    910       11.31432918786026       10.65878035277093        9.09987308752848       -0.00084304422362        0.00173486923694       -0.00008455041347
    910        8.47605168908068       10.49855226139621        9.23470895419704       -0.00049053601189       -0.00043374386515        0.00040065759900
    911        9.96528678161120        9.91604860960789       10.13577980973163        0.00005713785723       -0.00008745992076       -0.00002030866635
    911       11.31095789790562       10.66570514551981        9.09955539336593       -0.00084264279814        0.00172750589821       -0.00007415739133
    911        8.47405799350298       10.49681626192232        9.23631325220581       -0.00050617302134       -0.00043449243300        0.00040170351019
    912        9.96551698093565        9.91569983285171       10.13569682787922        0.00005792802941       -0.00008692683288       -0.00002118161062
    912       11.30758804547517       10.67260039995660        9.09927982839782       -0.00084229996993        0.00172011338573       -0.00006348250535
    912        8.47200230490994       10.49507632193225        9.23792258227852       -0.00052149756040       -0.00043572872678        0.00040316652980
    913        9.96575020584650        9.91535319494488       10.13561035684663        0.00005864506585       -0.00008638476911       -0.00002203926210
    913       11.30421949814616       10.67946605260563        9.09904753332313       -0.00084197022791        0.00171269869725       -0.00005251684011
    913        8.46988601301975       10.49333043210807        9.23953858444417       -0.00053643098436       -0.00043745380440        0.00040504344117
    914        9.96598614146247        9.91500875469885       10.13552051378243        0.00005928917884       -0.00008582056327       -0.00002285747757
    914       11.30085228365186       10.68630198953463        9.09885969367696       -0.00084162698427        0.00170523002842       -0.00004125493835
    914        8.46771085703503       10.49157669149704        9.24116292980789       -0.00055088528181       -0.00043962071397        0.00040734282606
    915        9.96622451927721        9.91466663043871       10.13542749702608        0.00005987828960       -0.00008522277452       -0.00002362880915
    915       11.29748648227203       10.69310789283299        9.09871749381630       -0.00084126835013        0.00169763635347       -0.00002970868600
    915        8.46547893076525       10.48981346639634        9.24279732705264       -0.00056478877444       -0.00044215418432        0.00041005843731
    916        9.96646516777925        9.91432697250272       10.13533148330926        0.00006043882145       -0.00008458724328       -0.00002437613706
    916       11.29412213685085       10.69988308036239        9.09862202418893       -0.00084090777581        0.00168981134919       -0.00001790297682
    916        8.46319254683948       10.48803945802250        9.24444339730637       -0.00057810809484       -0.00044497101471        0.00041314773640
    917        9.96670802984882        9.91398993249245       10.13523248792957        0.00006100020580       -0.00008391457632       -0.00002515211240
    917       11.29075922006555       10.70662638362651        9.09857427000172       -0.00084055834345        0.00168163645810       -0.00000585332878
    917        8.46085406600649       10.48625369827866        9.24610250894386       -0.00059084016013       -0.00044799492492        0.00041654368787
    918        9.96695316942567        9.91365565589219       10.13513026641007        0.00006159271831       -0.00008320564494       -0.00002602101991
    918       11.28739767010322       10.71333617202718        9.09857519755865       -0.00084021827971        0.00167301975388        0.00000644426488
    918        8.45846582555840       10.48445549862315        9.24777574680933       -0.00060298699497       -0.00045116658497        0.00042019279275
    919        9.96720077159529        9.91332428733292       10.13502431977028        0.00006224293124       -0.00008246167970       -0.00002703122422
    919       11.28403747382790       10.72001054165755        9.09862582412078       -0.00083986388067        0.00166391977501        0.00001900146623
    919        8.45603017004670       10.48264436559893        9.24946405128584       -0.00061453918861       -0.00045445349499        0.00042408134914
    920        9.96745111287557        9.91299596245461       10.13491401661630        0.00006296324521       -0.00008168769783       -0.00002819125466
    920       11.28067875905783       10.72664753022725        9.09872720928853       -0.00083945101727        0.00165434061170        0.00003181868357
    920        8.45354951204950       10.48081987066322        9.25116839760246       -0.00062547672572       -0.00045785875792        0.00042823276261
    921        9.96770447755696        9.91267078575031       10.13479878973303        0.00006374075085       -0.00008089081583       -0.00002946383826
    921       11.27732186568978       10.73324526655113        9.09888037358933       -0.00083892834955        0.00164432158235        0.00004487073918
    921        8.45102635624095       10.47898149553556        9.25288991338669       -0.00063578225197       -0.00046141722643        0.00043269353204
    922        9.96796103888239        9.91234883592799       10.13467830591022        0.00006453714261       -0.00008006968754       -0.00003078603471
    922       11.27396733226142       10.73980210288602        9.09908617520196       -0.00083826758567        0.00163393650337        0.00005810713993
    922        8.44846325403376       10.47712853285175        9.25462994585880       -0.00064545285511       -0.00046517920342        0.00043752364931
    923        9.96822077469781        9.91203022825001       10.13455250145537        0.00006530520634       -0.00007920707400       -0.00003210459179
    923       11.27061572500441       10.74631675857810        9.09934523070877       -0.00083749540321        0.00162329153270        0.00007146971365
    923        8.44586273340006       10.47526006190819        9.25639010258116       -0.00065449645010       -0.00046920224978        0.00044278580781
    924        9.96848348053310        9.91171517933602       10.13442146917587        0.00006601215973       -0.00007827991559       -0.00003340004223
    924       11.26726736903572       10.75278843514764        9.09965793291114       -0.00083669434001        0.00161251327313        0.00008490992570
    924        8.44322728243300       10.47337491485352        9.25817223232132       -0.00066292019539       -0.00047355905825        0.00044852963022
    925        9.96874887197567        9.91140398892529       10.13428530111755        0.00006665265487       -0.00007727949993       -0.00003468288252
    925       11.26392217028433       10.75921686476314        9.10002451011434       -0.00083596645543        0.00160172672330        0.00009839332004
    925        8.44055937183691       10.47147158944219        9.25997833962289       -0.00067072998164       -0.00047834109054        0.00045478634945
    926        9.96901670177202        9.91109694333660       10.13414400611572        0.00006724235731       -0.00007622122886       -0.00003597258760
    926       11.26057963739229       10.76560224893408        9.10044507947146       -0.00083539145522        0.00159102987193        0.00011189747488
    926        8.43786144257990       10.46954818612919        9.26181052311688       -0.00067793525746       -0.00048364149318        0.00046158233350
    927        9.96928681083411        9.91079421909444       10.13399752041673        0.00006779707767       -0.00007513768555       -0.00003728245490
    927       11.25723903864261       10.77194510373858        9.10091968991336       -0.00083500784557        0.00158048720435        0.00012540421435
    927        8.43513588977727       10.46760245749672        9.26367099829085       -0.00068453728195       -0.00048952910999        0.00046895071105
    928        9.96955907839341        9.91049584185223       10.13384574647651        0.00006831108872       -0.00007406079935       -0.00003861712660
    928       11.25389957462776       10.77824614656889        9.10144831318625       -0.00083481781580        0.00157014748180        0.00013888778739
    928        8.43238514432430       10.46563195324927        9.26556212880530       -0.00069050671337       -0.00049603677927        0.00047692449762
    929        9.96983329954385        9.91020173269968       10.13368858340392        0.00006874772158       -0.00007299896922       -0.00003997227917
    929       11.25056049611620       10.78450628359296        9.10203079221246       -0.00083480391123        0.00156005303611        0.00015231680691
    929        8.42961183607031       10.46363416326258        9.26748639427178       -0.00069577860671       -0.00050317092190        0.00048552474955
    930        9.97010906016605        9.90991185009849       10.13352596824317        0.00006904814673       -0.00007192484039       -0.00004133321777
    930       11.24722114333791       10.79072657085775        9.10266684764154       -0.00083494707911        0.00155022294659        0.00016566906840
    930        8.42681891547059       10.46160658587405        9.26944632680167       -0.00070026981143       -0.00051092741796        0.00049475416767
    931        9.97038568471772        9.90962633397652       10.13335791766178        0.00006915700732       -0.00007079320738       -0.00004268366342
    931       11.24388091948331       10.79690806716566        9.10335614475967       -0.00083523640940        0.00154063469818        0.00017893560860
    931        8.42400967757884       10.45954674391891        9.27144442761313       -0.00070390036725       -0.00051929303148        0.00050458950295
    932        9.97066231622460        9.90934550443949       10.13318449893582        0.00006905634361       -0.00006958000056       -0.00004402802939
    932       11.24053925206274       10.80305164844319        9.10409833251031       -0.00083566365804        0.00153122072612        0.00019211832141
    932        8.42118771253260       10.45745224162221        9.27348304282527       -0.00070661160827       -0.00052822737615        0.00051498011331
    933        9.97093813546659        9.90906969397201       10.13300569342667        0.00006878822075       -0.00006830642231       -0.00004540752799
    933       11.23719561021896       10.80915783297461        9.10489309133093       -0.00083620585925        0.00152187397324        0.00020524010134
    933        8.41835678471272       10.45532092490974        9.27556426851958       -0.00070838339570       -0.00053764355418        0.00052586373485
    934        9.97121262199060        9.90879905306097       10.13282123871189        0.00006844515878       -0.00006702590145       -0.00004688515282
    934       11.23384960518872       10.81522664022908        9.10574025332104       -0.00083681090230        0.00151246890524        0.00021834896468
    934        8.41552064536696       10.45315109318878        9.27768995270404       -0.00070924168196       -0.00054741017414        0.00053718255047
    935        9.97148569673687        9.90853348676039       10.13263061220414        0.00006813005683       -0.00006578525207       -0.00004850056466
    935       11.23050112300053       10.82125758421656        9.10663988304839       -0.00083740043074        0.00150290026073        0.00023149344323
    935        8.41268285125703       10.45094164351661        9.27986172892335       -0.00070924676164       -0.00055737415217        0.00054888239197
    936        9.97175766244526        9.90827277104440       10.13243323419460        0.00006791160945       -0.00006459224927       -0.00005023136185
    936       11.22715040174283       10.82724984231495        9.10759220086686       -0.00083788747844        0.00149310938971        0.00024469114880
    936        8.40984667127381       10.44869209997139        9.28208101183982       -0.00070846804234       -0.00056738543967        0.00056090490536
    937        9.97202898961243        9.90801674876620       10.13222876130935        0.00006779943320       -0.00006341738431       -0.00005200136394
    937       11.22379802317300       10.83320245933425        9.10859741223882       -0.00083819177059        0.00148307534601        0.00025792066612
    937        8.40701510691829       10.44640255999928        9.28434896816620       -0.00070695795690       -0.00057731993975        0.00057318100115
    938        9.97230005791086        9.90776543196990       10.13201722328304        0.00006774773088       -0.00006222564203       -0.00005373405095
    938       11.22044486757811       10.83911444508301        9.10965556619583       -0.00083824370551        0.00147278999450        0.00027113787875
    938        8.40419100761858       10.44407354045336        9.28666645984901       -0.00070473718617       -0.00058710868048        0.00058562503459
    939        9.97257097145950        9.90751894362999       10.13179888890172        0.00006768476552       -0.00006100427176       -0.00005540303833
    939       11.21709207352891       10.84498477929029        9.11076651526886       -0.00083798662876        0.00146224653114        0.00028430453968
    939        8.40137720942897       10.44170569055547        9.28903396844288       -0.00070180228006       -0.00059675625260        0.00059814428533
    940        9.97284153603502        9.90727739779581       10.13157399897638        0.00006755087652       -0.00005976428716       -0.00005703672862
    940       11.21374097454800       10.85081241733216        9.11193000251324       -0.00083738900786        0.00145144796983        0.00029741120510
    940        8.39857658937811       10.43929949043256        9.29145161413166       -0.00069815060499       -0.00060631997479        0.00061067284627
    941        9.97311137847168        9.90704082933275       10.13134259507275        0.00006731966883       -0.00005852585546       -0.00005868237354
    941       11.21039296146606       10.85659636304893        9.11314580490964       -0.00083646202705        0.00144042271484        0.00031047495390
    941        8.39579200458903       10.43685513075717        9.29391935121304       -0.00069379966056       -0.00061586197688        0.00062320302404
    942        9.97338009338563        9.90680919095213       10.13110453998805        0.00006699526727       -0.00005730366649       -0.00006036723838
    942       11.20704927833156       10.86233579905089        9.11441380214443       -0.00083526558542        0.00142922888960        0.00032351499776
    942        8.39302619209367       10.43437259461750        9.29643723832402       -0.00068878955556       -0.00062541781785        0.00063578237751
    943        9.97364734060986        9.90658240000084       10.13085965716574        0.00006660079464       -0.00005609686599       -0.00006208425904
    943       11.20371083678271       10.86803019416576        9.11573392489171       -0.00083389323531        0.00141794342622        0.00033652889374
    943        8.39028168814456       10.43185178821436        9.29900561023315       -0.00068317749113       -0.00063499678486        0.00064848066799
    944        9.97391289974273        9.90636041602425       10.13060786591575        0.00006616859403       -0.00005488737192       -0.00006380228215
    944       11.20037813244910       10.87367934646064        9.11710603329435       -0.00083244772530        0.00140665231495        0.00034948510638
    944        8.38756077216465       10.42929262033860        9.30162508366796       -0.00067702834409       -0.00064459160294        0.00066135463917
    945        9.97417668936212        9.90614330102546       10.13034923890857        0.00006572907597       -0.00005365020601       -0.00006548675580
    945       11.19705125498028       10.87928341268539        9.11852980574273       -0.00083102433430        0.00139544992010        0.00036233776734
    945        8.38486546139187       10.42669505539088        9.30429644734651       -0.00067040117548       -0.00065418382516        0.00067443120204
    946        9.97443873235047        9.90593121437614       10.13008397186933        0.00006529734059       -0.00005236934895       -0.00006711799622
    946       11.19372993777468       10.88484294582145        9.12000473543303       -0.00082969719672        0.00138443311296        0.00037505683921
    946        8.38219756276081       10.42405914973729        9.30702053328426       -0.00066334476813       -0.00066375716878        0.00068771408408
    947        9.97469906808685        9.90572434623383       10.12981229493885        0.00006486460102       -0.00005104683095       -0.00006869878061
    947       11.19041367740650       10.89035887758906        9.12153026045642       -0.00082849514136        0.00137368248679        0.00038764437593
    947        8.37955870324685       10.42138499804061        9.30979816001915       -0.00065590924624       -0.00067332418937        0.00070120289404
    948        9.97495764915861        9.90552283972855       10.12953438162443        0.00006440239576       -0.00004969876842       -0.00007024642926
    948       11.18710197664383       10.89583240571580        9.12310589044051       -0.00082738536920        0.00136324317275        0.00040011486144
    948        8.37695028879088       10.41867255622236        9.31263015643655       -0.00064815502497       -0.00068294499327        0.00071489856474
    949        9.97521428725293        9.90532675608649       10.12925032350480        0.00006388067859       -0.00004834327598       -0.00007177266462
    949       11.18379459445290       10.90126482297105        9.12473117934790       -0.00082629736220        0.00135312059164        0.00041246083170
    949        8.37437346304709       10.41592143809447        9.31551734853710       -0.00064014286880       -0.00069271939431        0.00072878230008
    950        9.97546869458732        9.90513609352072       10.12896020030747        0.00006328626241       -0.00004699247842       -0.00007326856105
    950       11.18049159774624       10.90665737044895        9.12640557709415       -0.00082517098932        0.00134329694725        0.00042463907221
    950        8.37182914584052       10.41313080106787        9.31846041483723       -0.00063191380959       -0.00070276037210        0.00074279691440
    951        9.97572057735218        9.90495081625910       10.12866417501639        0.00006262428264       -0.00004565518873       -0.00007471544365
    951       11.17719322653832       10.91201119854902        9.12812829192561       -0.00082397644309        0.00133375790698        0.00043657838079
    951        8.36931815257033       10.41029935511765        9.32145972385233       -0.00062347315779       -0.00071316108739        0.00075686402262
    952        9.97596968884846        9.90477085201091       10.12836247675830        0.00006190721530       -0.00004434305984       -0.00007611790868
    952       11.17389978620153       10.91732743370476        9.12989820414044       -0.00082269637546        0.00132450735127        0.00044819014148
    952        8.36684136057820       10.40742551236871        9.32451532701821       -0.00061478597057       -0.00072396033586        0.00077091709087
    953        9.97621583507459        9.90459607178036       10.12805523174696        0.00006115081735       -0.00004306935239       -0.00007752096944
    953       11.17061165553460       10.92260725735917        9.13171381305745       -0.00082130896210        0.00131556286507        0.00045938254530
    953        8.36439986480578       10.40450767243074        9.32762706057932       -0.00060578883519       -0.00073512326860        0.00078490739878
    954        9.97645889538726        9.90442629719183       10.12774230900277        0.00006037708909       -0.00004184002595       -0.00007898028455
    954       11.16732931450473       10.92785193662530        9.13357326450287       -0.00081978871564        0.00130694258466        0.00047008504641
    954        8.36199504989667       10.40154452621991        9.33079458620845       -0.00059641405456       -0.00074655218340        0.00079878525061
    955        9.97669885178731        9.90426135157277       10.12742338947054        0.00005960856895       -0.00004064745923       -0.00008051016343
    955       11.16405334580945       10.93306279803644        9.13547449342870       -0.00081810735398        0.00129864849434        0.00048026585607
    955        8.35962855236928       10.39853525496353        9.33401734258423       -0.00058661621247       -0.00075811208207        0.00081248776794
    956        9.97693576393882        9.90410111751796       10.12709822769530        0.00005885576480       -0.00003947533228       -0.00008206837116
    956       11.16078445567287       10.93824112458006        9.13741539135146       -0.00081623086733        0.00129065292385        0.00048992773682
    956        8.35730212019690       10.39547962956331        9.33729448835198       -0.00057639811520       -0.00076965483275        0.00082594318284
    957        9.97716969790571        9.90394554891454       10.12676684250127        0.00005811484155       -0.00003831015543       -0.00008359590844
    957       11.15752349887079       10.94338802142724        9.13939391532323       -0.00081412816731        0.00128290637116        0.00049909855539
    957        8.35501736744766       10.39237801630156        9.34062488804693       -0.00056582989974       -0.00078105092599        0.00083908756747
    958        9.97740068267122        9.90379463627453       10.12642946042779        0.00005737925590       -0.00003714710191       -0.00008506546412
    958       11.15427143033443       10.94850437554931        9.14140817979458       -0.00081179275042        0.00127536398234        0.00050782809535
    958        8.35277548099901       10.38923122215536        9.34400718889174       -0.00055504230150       -0.00079222418908        0.00085189068362
    959        9.97762873195292        9.90364837209928       10.12608631878833        0.00005665231142       -0.00003598718373       -0.00008648837012
    959       11.15102915686739       10.95359093328593        9.14345654008600       -0.00080925838334        0.00126800262939        0.00051617460125
    959        8.35057702903566       10.38604022278889        9.34744001351586       -0.00054418702764       -0.00080315904244        0.00086437450641
    960        9.97785390116258        9.90350673880466       10.12573755346684        0.00005594736325       -0.00003483393872       -0.00008788310424
    960       11.14779736326771       10.95864839658446        9.14553757660462       -0.00080658818049        0.00126081914748        0.00052418114766
    960        8.34842198477787       10.38280594981588        9.35092218494299       -0.00053338783518       -0.00081387515883        0.00087660494266
    961        9.97807631085889        9.90336970058948       10.12538325395438        0.00005527193812       -0.00003369378930       -0.00008924671684
    961       11.14457645142343       10.96367748646577        9.14764998926725       -0.00080383683168        0.00125382301859        0.00053186869583
    961        8.34630992635421       10.37952922151827        9.35445285305718       -0.00052271689484       -0.00082439846438        0.00088865963988
    962        9.97829607666755        9.90323718849030       10.12502357973216        0.00005460697690       -0.00003257700525       -0.00009055709014
    962       11.14136666861424       10.96867898073317        9.14979252617124       -0.00080101318522        0.00124702817408        0.00053924890487
    962        8.34424024961917       10.37621076210082        9.35803146206202       -0.00051221089271       -0.00083474292637        0.00090059257929
    963        9.97851316667406        9.90310908454751       10.12465879723330        0.00005390326165       -0.00003149773480       -0.00009179642682
    963       11.13816834594165       10.97365371185844        9.15196398050625       -0.00079807135743        0.00124044459360        0.00054633714744
    963        8.34221223921249       10.37285127810734        9.36165759369151       -0.00050190600656       -0.00084489431973        0.00091241669347
    964        9.97872730276072        9.90298520661189       10.12428920831759        0.00005310566190       -0.00003047308474       -0.00009296777981
    964       11.13498209775482       10.97860253748196        9.15416322335074       -0.00079493594946        0.00123407906551        0.00055316356644
    964        8.34022500156670       10.36945160754299        9.36533079560975       -0.00049185427074       -0.00085479885688        0.00092411181351
    965        9.97893801196928        9.90286529986956       10.12391505499484        0.00005218902455       -0.00002951962494       -0.00009408989381
    965       11.13180885834596       10.98352634438249        9.15638928903773       -0.00079155299507        0.00122794666242        0.00055978076850
    965        8.33827740504657       10.36601288725229        9.36905048819960       -0.00048211063958       -0.00086437221601        0.00093564091569
    966        9.97914481495713        9.90274904961239       10.12353648916714        0.00005117774244       -0.00002864730127       -0.00009517969919
    966       11.12864967379423       10.98842611078130        9.15864146949873       -0.00078794125797        0.00122207965420        0.00056624971947
    966        8.33636811645004       10.36253662981495        9.37281592293529       -0.00047271300902       -0.00087352475084        0.00094695519569
    967        9.97934743390881        9.90263612145940       10.12315361740130        0.00005013607245       -0.00002785372334       -0.00009624024289
    967       11.12550532828222       10.99330298161613        9.16091928679349       -0.00078419852548        0.00121652193288        0.00057260681760
    967        8.33449570097443       10.35902468924556        9.37662612976514       -0.00046367171312       -0.00088218160748        0.00095799579271
    968        9.97954590353670        9.90252621982564       10.12276656722399        0.00004913942785       -0.00002712316019       -0.00009726250566
    968       11.12237608559042       10.99815828624430        9.16322232403954       -0.00078045007840        0.00121131089342        0.00057884331394
    968        8.33265874274512       10.35547917695510        9.38047988927697       -0.00045496978206       -0.00089029613495        0.00096870563066
    969        9.97974054933157        9.90241913617787       10.12237551735601        0.00004824527807       -0.00002643275059       -0.00009823620788
    969       11.11926172765501       11.00299346876347        9.16555003330503       -0.00077678769594        0.00120646200413        0.00058491082394
    969        8.33085594271791       10.35190232016596        9.38437577481042       -0.00044657827275       -0.00089786945558        0.00097903955281
    970        9.97993186576122        9.90231475782092       10.12198067756099        0.00004747467647       -0.00002576049149       -0.00009915719413
    970       11.11616178402288       11.00780998227733        9.16790161063110       -0.00077324172574        0.00120196911616        0.00059073966044
    970        8.32908611656316       10.34829622131047        9.38831220569949       -0.00043848189098       -0.00090496319129        0.00098896105228
    971        9.98012034674336        9.90221305224599       10.12158225980296        0.00004680870393       -0.00002508710944       -0.00010002403707
    971       11.11307579384910       11.01260922169272        9.17027595058854       -0.00076978154488        0.00119781491379        0.00059625493807
    971        8.32734808759004       10.34466261463563        9.39228746322863       -0.00043069207420       -0.00091168318863        0.00099844004030
    972        9.98030633539265        9.90211406094542       10.12118048526442        0.00004620307927       -0.00002439734858       -0.00010083247682
    972       11.11000353166382       11.01739250158768        9.17267165013564       -0.00076633629569        0.00119397696450        0.00060138320043
    972        8.32564057996959       10.34100275580145        9.39629972602190       -0.00042323711369       -0.00091814927904        0.00100746010564
    973        9.98048997137753        9.90201787345734       10.12077559998841        0.00004561554685       -0.00002369187032       -0.00010158160178
    973       11.10694510348358       11.02216103740871        9.17508701619202       -0.00076283208249        0.00119042808259        0.00060605447746
    973        8.32396219068054       10.33731742040333        9.40034714407372       -0.00041614472365       -0.00092447393140        0.00101601466868
    974        9.98067125976746        9.90192452598287       10.12036783245017        0.00004502788281       -0.00002300026774       -0.00010228682517
    974       11.10390087500392       11.02691592624843        9.17752008595535       -0.00075921738199        0.00118714157920        0.00061021353972
    974        8.32231142218037       10.33360696435027        9.40442784337132       -0.00040943502361       -0.00093073701210        0.00102408368524
    975        9.98085019444004        9.90183387131539       10.11995730538703        0.00004444940167       -0.00002237144017       -0.00010297893298
    975       11.10087136442766       11.03165817004227        9.17996872450981       -0.00075545988888        0.00118410283825        0.00061384142474
    975        8.32068671049170       10.32987152430651        9.40853981355563       -0.00040312917104       -0.00093695218958        0.00103162188899
    976        9.98102685498078        9.90174555446149       10.11954400098631        0.00004390682671       -0.00002184012206       -0.00010368392625
    976       11.09785719589290       11.03638874895443        9.18243081735329       -0.00075153916382        0.00118131297827        0.00061697276814
    976        8.31908638881202       10.32611134683360        9.41268081848327       -0.00039726431908       -0.00094305946260        0.00103857757191
    977        9.98120144905371        9.90165915033889       10.11912783397701        0.00004342911473       -0.00002139912838       -0.00010440249524
    977       11.09485905111710       11.04110867386842        9.18490450665492       -0.00074745142025        0.00117877556448        0.00061969665437
    977        8.31750859593903       10.32232704860573        9.41684843413094       -0.00039189706424       -0.00094895514765        0.00104491041839
    978        9.98137428789866        9.90157436143448       10.11870878102436        0.00004302925812       -0.00002100381054       -0.00010510626844
    978       11.09187758453089       11.04581895347027        9.18738839058823       -0.00074321433256        0.00117647915662        0.00062213368778
    978        8.31595121229813       10.31851970565243        9.42104010183037       -0.00038709233874       -0.00095452378653        0.00105058244743
    979        9.98154568311868        9.90149111985457       10.11828698382952        0.00004269172689       -0.00002060336730       -0.00010575106026
    979       11.08891333645658       11.05052050712138        9.18988157615713       -0.00073886974825        0.00117439229699        0.00062439302800
    979        8.31441185722909       10.31469085831351        9.42525309371039       -0.00038291551127       -0.00095965513374        0.00105555010179
    980        9.98171582171377        9.90140953449607       10.11786277254225        0.00004238141109       -0.00002017194420       -0.00010629948216
    980       11.08596662654487       11.05521409184617        9.19238353481225       -0.00073449081308        0.00117247088098        0.00062653855095
    980        8.31288788820794       10.31084246458255        9.42948450264468       -0.00037943460832       -0.00096426455302        0.00105978520077
    981        9.98188473440738        9.90132974430096       10.11743658797224        0.00004207159259       -0.00001972056213       -0.00010674162640
    981       11.08303740995196       11.05990027416926        9.19489388456471       -0.00073018482152        0.00117067241106        0.00062859211177
    981        8.31137638036252       10.30697674188931        9.43373137531655       -0.00037671688330       -0.00096831502510        0.00106330050794
    982        9.98205239445447        9.90125176999907       10.11700883953105        0.00004176486448       -0.00001928845213       -0.00010709889360
    982       11.08012514797270       11.06457947113467        9.19741227170645       -0.00072608274059        0.00116897482011        0.00063055963997
    982        8.30987415314150       10.30309594438178        9.43799090670818       -0.00037481266525       -0.00097181811521        0.00106615010911
    983        9.98221885332321        9.90117543668393       10.11657979682348        0.00004148828440       -0.00001891892925       -0.00010740672140
    983       11.07722874802721       11.06925207273016        9.19993836168448       -0.00072231542385        0.00116739052133        0.00063244496044
    983        8.30837787904051       10.29920219696764        9.44226057618944       -0.00037374268177       -0.00097482063645        0.00106841628527
    984        9.98238430072967        9.90110041856506       10.11614958575987        0.00004126984090       -0.00001863147804       -0.00010769052083
    984       11.07434662458187       11.07391859530531        9.20247183138995       -0.00071897921639        0.00116596658310        0.00063424324746
    984        8.30688421168737       10.29529737929018        9.44653823699034       -0.00037350253324       -0.00097740049879        0.00107020281817
    985        9.98254901205044        9.90102638485960       10.11571827265680        0.00004111410181       -0.00001841090610       -0.00010795127445
    985       11.07147691429608       11.07857980539492        9.20501230766413       -0.00071611010098        0.00116477506167        0.00063592976279
    985        8.30538985877461       10.29138299297735        9.45082219873479       -0.00037407654031       -0.00097966034806        0.00107162855656
    986        9.98271321354411        9.90095313131628       10.11528597556425        0.00004099262129       -0.00001822286713       -0.00010816644289
    986       11.06861774377403       11.08323679579864        9.20755926949228       -0.00071369166153        0.00116389736863        0.00063745651495
    986        8.30389159936490       10.28746009650571        9.45511126544283       -0.00037544569072       -0.00098169364963        0.00107280956674
    987        9.98287695302077        9.90088060192255       10.11485294111369        0.00004086041657       -0.00001803932204       -0.00010830548503
    987       11.06576738100386       11.08789098434398        9.21011195978373       -0.00071168559286        0.00116339977770        0.00063876234076
    987        8.30238629324885       10.28352944378028        9.45940467526872       -0.00037758611618       -0.00098354167532        0.00107383404185
    988        9.98304009687666        9.90080881673995       10.11441953168400        0.00004069260761       -0.00001785339969       -0.00010835300415
    988       11.06292425903111       11.09254399402025        9.21266936821836       -0.00071004974061        0.00116330700262        0.00063979385795
    988        8.30087091043550       10.27959176310314        9.46370193777767       -0.00038046320087       -0.00098518412493        0.00107474354236
    989        9.98320249388168        9.90073777472504       10.11398611708048        0.00004051146933       -0.00001767856158       -0.00010832285155
    989       11.06008698307899       11.09719744036496        9.21523031064731       -0.00070873805062        0.00116358960789        0.00064052452402
    989        8.29934258764192       10.27564797078083        9.46800262360759       -0.00038402396566       -0.00098656940776        0.00107553368152
    990        9.98336418863133        9.90066738824730       10.11355294887157        0.00004037711629       -0.00001753583134       -0.00010824969690
    990       11.05725435462613       11.10185271088339        9.21779356441051       -0.00070770026783        0.00116417066992        0.00064096290432
    990        8.29779871871024       10.27169920784110        9.47230620722986       -0.00038819113027       -0.00098765430397        0.00107617482391
    991        9.98352551081198        9.90059748807435       10.11312011950528        0.00004034778932       -0.00001743786152       -0.00010816485424
    991       11.05442538093637       11.10651080572434        9.22035801388191       -0.00070688487470        0.00116494520963        0.00064115084431
    991        8.29623705859974       10.26774673634904        9.47661202219886       -0.00039286539135       -0.00098842413872        0.00107663186702
    992        9.98368697094592        9.90052788535516       10.11268763003762        0.00004044209725       -0.00001738406716       -0.00010807976289
    992       11.05159927562852       11.11117227256043        9.22292277116496       -0.00070623991039        0.00116580505829        0.00064114844090
    992        8.29465579557943       10.26379181473132        9.48091926216602       -0.00039793541102       -0.00098888155776        0.00107686134823
    993        9.98384904758996        9.90045841553703       10.11225548140219        0.00004063292004       -0.00001737131209       -0.00010799311715
    993       11.04877546165325       11.11583724619069        9.22548720140910       -0.00070571394185        0.00116666240646        0.00064100456484
    993        8.29305357531161       10.25983568388692        9.48522691298474       -0.00040328808014       -0.00098901688125        0.00107679191968
    994        9.98401203430625        9.90038891485846       10.11182368510045        0.00004087707631       -0.00001740601017       -0.00010791026087
    994       11.04595356409372       11.12050557181209        9.22805080768365       -0.00070526018907        0.00116746164971        0.00064073185859
    994        8.29142949093831       10.25587967968134        9.48953359752345       -0.00040881690486       -0.00098879225699        0.00107631550226
    995        9.98417606420046        9.90031916745570       10.11139219931521        0.00004115502538       -0.00001750191249       -0.00010784804101
    995       11.04313338014068       11.12517693938839        9.23061305627780       -0.00070484687892        0.00116817161209        0.00064031038715
    995        8.28978304007271       10.25192534583103        9.49383743700280       -0.00041443166987       -0.00098815308052        0.00107531059706
    996        9.98434127450932        9.90024889955852       10.11096090077238        0.00004148660112       -0.00001766420230       -0.00010781790954
    996       11.04031478906233       11.12985094470883        9.23317329078084       -0.00070447749820        0.00116876740342        0.00063972011699
    996        8.28811403757932       10.24797445503717        9.49813608229997       -0.00042006872029       -0.00098704744498        0.00107369218191
    997        9.98450795700941        9.90017785383727       10.11052965603889        0.00004191204949       -0.00001787583749       -0.00010780835523
    997       11.03749756015505       11.13452707861575        9.23573081721370       -0.00070420879860        0.00116922310978        0.00063897934306
    997        8.28642249031039       10.24402896627116        9.50242697445811       -0.00042569710608       -0.00098543815440        0.00107144811623
    998        9.98467657090523        9.90010589285858       10.11009843393053        0.00004245752449       -0.00001810213833       -0.00010778651166
    998       11.03468111867350       11.13920472958707        9.23828512552536       -0.00070414268452        0.00116952009918        0.00063816119598
    998        8.28470846073068       10.24009094980196        9.50670766722981       -0.00043131813584       -0.00098331350123        0.00106862533657
    999        9.98484761720530        9.90003303673064       10.10966736394560        0.00004311268553       -0.00001831132884       -0.00010771673309
    999       11.03186441867892       11.14388323940917        9.24083610678154       -0.00070439037044        0.00116965490910        0.00063737193543
    999        8.28297194522370       10.23616245826130        9.51097597715065       -0.00043696084143       -0.00098069963236        0.00106528874288
   1000        9.98502147238947        9.89995940222782       10.10923670006584        0.00004383442058       -0.00001849112664       -0.00010757919957
   1000       11.02904599571001       11.14856196885984        9.24338410100882       -0.00070503575358        0.00116963753561        0.00063670358112
   1000        8.28121277399921       10.23224535274310        9.51522997717286       -0.00044267605715       -0.00097766228924        0.00106150478029
   1001        9.98519829256995        9.89988510771751       10.10880673034901        0.00004456893267       -0.00001864821486       -0.00010737141582
   1001       11.02622413265024       11.15324033969404        9.24592973543047       -0.00070612059000        0.00116948461300        0.00063619704395
   1001        8.27943053676648       10.22834115994737        9.51946801539300       -0.00044852687669       -0.00097429197772        0.00105734810596
   1002        9.98537802385081        9.89981021650891       10.10837772873928        0.00004527244341       -0.00001879714782       -0.00010709318149
   1002       11.02339703099000       11.15791784576386        9.24847367736044       -0.00070765237544        0.00116920941654        0.00063583967557
   1002        8.27762455898572       10.22445101692132        9.52368876202057       -0.00045457445917       -0.00097068505485        0.00105289470632
   1003        9.98556047211720        9.89973473053495       10.10794998489708        0.00004592044003       -0.00001895139107       -0.00010674048861
   1003       11.02056291364673       11.16259401502634        9.25101645283500       -0.00070962632701        0.00116881158744        0.00063558861999
   1003        8.27579394109309       10.22057567950854        9.52789117304360       -0.00046086582749       -0.00096692995988        0.00104820805396
   1004        9.98574538737107        9.89965860538035       10.10752380483042        0.00004651015387       -0.00001912234396       -0.00010632509264
   1004       11.01772002037392       11.16726833846342        9.25355838632037       -0.00071205096415        0.00116827922079        0.00063539710161
   1004        8.27393763236580       10.21671557724229        9.53207442645224       -0.00046742679312       -0.00096309088676        0.00104334696894
   1005        9.98593255334816        9.89958175178329       10.10709938415600        0.00004705869161       -0.00001932334121       -0.00010589334598
   1005       11.01486650593355       11.17194024879265        9.25609962964785       -0.00071496281623        0.00116760940339        0.00063522922813
   1005        8.27205452674811       10.21287095241444        9.53623794879515       -0.00047425313963       -0.00095919345086        0.00103838241433
   1006        9.98612185690397        9.89950401865068       10.10667665806258        0.00004759324857       -0.00001956788514       -0.00010550672429
   1006       11.01200031784407       11.17660921369054        9.25864022014541       -0.00071842100487        0.00116683074498        0.00063506170736
   1006        8.27014360724877       10.20904202963538        9.54038148576686       -0.00048129946059       -0.00095523728138        0.00103339631770
   1007        9.98631329933671        9.89942520870220       10.10625533036169        0.00004813733276       -0.00001985626322       -0.00010519275974
   1007       11.00911913789462       11.18127489475247        9.26118012330670       -0.00072249024453        0.00116600330576        0.00063487827512
   1007        8.26820413106343       10.20522905416344        9.54450511933675       -0.00048847642845       -0.00095122852448        0.00102846828425
   1008        9.98650695556608        9.89934516854490       10.10583511598467        0.00004870149615       -0.00002016474488       -0.00010491587775
   1008       11.00622039588781       11.18593724013659        9.26371924634641       -0.00072722834318        0.00116519256004        0.00063466298063
   1008        8.26623579582120       10.20143220143957        9.54860923204086       -0.00049565981461       -0.00094718513985        0.00102366276250
   1009        9.98670291130587        9.89926389074316       10.10541600333971        0.00004927969958       -0.00002045699416       -0.00010460254751
   1009       11.00330131114921       11.19059643523279        9.26625742715174       -0.00073268031681        0.00116444083945        0.00063439578613
   1009        8.26423885254658       10.19765157304462        9.55269442143676       -0.00050270230017       -0.00094310363267        0.00101901137095
   1010        9.98690119316272        9.89918151259162       10.10499829560463        0.00004985250193       -0.00002071173963       -0.00010420595488
   1010       11.00035895335336       11.19525276685220        9.26879441263549       -0.00073886911844        0.00116375749858        0.00063405356400
   1010        8.26221417741982       10.19388737237821        9.55676132300848       -0.00050944407103       -0.00093893301991        0.00101449624275
   1011        9.98710173132135        9.89909819682610       10.10458235570065        0.00005040406180       -0.00002093804981       -0.00010375759335
   1011       10.99739035820173       11.19990649522146        9.27132985566373       -0.00074578052991        0.00116312531341        0.00063361865530
   1011        8.26016329997834       10.19014010888531        9.56081039137877       -0.00051572852941       -0.00093458554498        0.00101005830632
   1012        9.98730442565708        9.89901400819312       10.10416823485786        0.00005094690168       -0.00002116283916       -0.00010335679292
   1012       10.99439270911408       11.20455776935952        9.27386336187791       -0.00075335118633        0.00116251111226        0.00063309124029
   1012        8.25808834918453       10.18641068801838        9.56484178945906       -0.00052142585275       -0.00092996489681        0.00100562953400
   1013        9.98750930653482        9.89892889411279       10.10375550135731        0.00005152708699       -0.00002140524463       -0.00010309720811
   1013       10.99136354871110       11.20920658411951        9.27639458558604       -0.00076146790022        0.00116187465984        0.00063249540512
   1013        8.25599189315637       10.18270038971086        9.56885542765079       -0.00052645593530       -0.00092498965432        0.00100115518840
   1014        9.98771664235297        9.89884276623611       10.10334345719298        0.00005219250678       -0.00002166127371       -0.00010298563239
   1014       10.98830096591229       11.21385276663822        9.27892332511891       -0.00076998176655        0.00116117274867        0.00063187209304
   1014        8.25387670170215       10.17901077078383        9.57285103096628       -0.00053079956989       -0.00091961283384        0.00099659305416
   1015        9.98792684658904        9.89875560392312       10.10293161629817        0.00005294837991       -0.00002190702168       -0.00010292300140
   1015       10.98520369457871       11.21849596610891        9.28144956233037       -0.00077873967777        0.00116035893817        0.00063126632828
   1015        8.25174549659724       10.17534348704013        9.57682817208406       -0.00053449230754       -0.00091384003162        0.00099191466093
   1016        9.98814022939227        9.89866751006264       10.10252007318177        0.00005374569684       -0.00002211497497       -0.00010277152243
   1016       10.98207104849016       11.22313563814358        9.28397345574515       -0.00078762834610        0.00115938421489        0.00063072283579
   1016        8.24960076324183       10.17170005053086        9.58078634825369       -0.00053760109562       -0.00090773470558        0.00098711663220
   1017        9.98835681216375        9.89857868412339       10.10210944411872        0.00005451687505       -0.00002227496124       -0.00010245698719
   1017       10.97890266780987       11.22777103982804        9.28649534501666       -0.00079660627074        0.00115820134139        0.00063028955931
   1017        8.24744468783228       10.16808160939553        9.58472510514167       -0.00054019192341       -0.00090139877232        0.00098221785176
   1018        9.98857636439268        9.89848931037273       10.10170041728429        0.00005522361741       -0.00002240787079       -0.00010201860309
   1018       10.97569819832424       11.23240124887471        9.28901577221964       -0.00080569258136        0.00115677312475        0.00063001237722
   1018        8.24527922785456       10.16448886035233        9.58864409106777       -0.00054230583370       -0.00089493453452        0.00097723920201
   1019        9.98879860110304        9.89839942115711       10.10129329529396        0.00005587348656       -0.00002255843666       -0.00010156417579
   1019       10.97245712715903       11.23702522482602        9.29153544403443       -0.00081491745699        0.00115508236147        0.00062991285921
   1019        8.24310624116269       10.16092213311935        9.59254301875777       -0.00054395439102       -0.00088840840777        0.00097219197065
   1020        9.98902335228516        9.89830884287947       10.10088790387794        0.00005649858837       -0.00002276853174       -0.00010117515674
   1020       10.96917885866832       11.24164190776647        9.29405507509328       -0.00082428450839        0.00115313163210        0.00062996635018
   1020        8.24092759272644       10.15738159309020        9.59642162683298       -0.00054512679002       -0.00088183472234        0.00096708410940
   1021        9.98925058981001        9.89821727290322       10.10048389404001        0.00005712447769       -0.00002305350880       -0.00010084621792
   1021       10.96586285109194       11.24625027788281        9.29657517483588       -0.00083378162098        0.00115092452214        0.00063010805215
   1021        8.23874522684256       10.15386745534061        9.60027969163298       -0.00054579600357       -0.00087518669173        0.00096193244194
   1022        9.98948034810670        9.89812441480907       10.10008113413459        0.00005775755732       -0.00002340054513       -0.00010050572537
   1022       10.96250860570050       11.25084930394357        9.29909593951050       -0.00084341686698        0.00114844211893        0.00063027030607
   1022        8.23656122469788       10.15038009955633        9.60411708636850       -0.00054592139404       -0.00086842680874        0.00095677078469
   1023        9.98971265026853        9.89803006854219       10.09967984823702        0.00005839504448       -0.00002378357419       -0.00010009189587
   1023       10.95911551615609       11.25543781483423        9.30161733728444       -0.00085323622398        0.00114563638794        0.00063041769051
   1023        8.23437785569026       10.14692004087069        9.60793385791047       -0.00054544917639       -0.00086153791766        0.00095164545680
   1024        9.98994750846255        9.89793414621552       10.09928039896765        0.00005903939632       -0.00002417823713       -0.00009961610778
   1024       10.95568271590867       11.26001439504708        9.30413928103459       -0.00086331127955        0.00114244862146        0.00063054995476
   1024        8.23219763128674       10.14348779621507        9.61173025002294       -0.00054431365476       -0.00085454163860        0.00094660008568
   1025        9.99018496543906        9.89783664264519       10.09888291937475        0.00005969777448       -0.00002456904449       -0.00009916002300
   1025       10.95220902591967       11.26457740380592        9.30666173692254       -0.00087370929021        0.00113884641287        0.00063068422258
   1025        8.23002334645219       10.14008370776189        9.61550665859587       -0.00054244708432       -0.00084750141201        0.00094166943005
   1026        9.99042509065840        9.89773759385963       10.09848711878363        0.00006036640242       -0.00002494836376       -0.00009881063425
   1026       10.94869304158698       11.26912516635005        9.30918475481525       -0.00088446626157        0.00113485624516        0.00063083980566
   1026        8.22785805461221       10.13670778491898        9.61926360546334       -0.00053979857906       -0.00084050911586        0.00093688851813
   1027        9.99066789665846        9.89763705573509       10.09809243430078        0.00006101862384       -0.00002530921209       -0.00009858936102
   1027       10.94513329582709       11.27365625376718        9.31170845536783       -0.00089558757431        0.00113056557518        0.00063102504423
   1027        8.22570495781972       10.13335963483504        9.62300176674095       -0.00053634876845       -0.00083365839663        0.00093229810469
   1028        9.99091323964909        9.89753512016289       10.09769840389550        0.00006161411488       -0.00002563914908       -0.00009843798495
   1028       10.94152834099251       11.27816969095153        9.31423295516913       -0.00090707784334        0.00112609908680        0.00063122835967
   1028        8.22356726446462       10.13003851774590        9.62672199030089       -0.00053211112537       -0.00082701288318        0.00092793600765
   1029        9.99116080957748        9.89743194254245       10.09730493042122        0.00006212670082       -0.00002592250176       -0.00009827704136
   1029       10.93787667308036       11.28266504646159        9.31675828224516       -0.00091896932542        0.00112159752850        0.00063143025213
   1029        8.22144806881677       10.12674353176963        9.63042525480213       -0.00052712128796       -0.00082057516918        0.00092382236132
   1030        9.99141025325565        9.89732774014884       10.09691218756466        0.00006256713630       -0.00002614858120       -0.00009808234651
   1030       10.93417658638915       11.28714247117951        9.31928439718620       -0.00093132342831        0.00111720678937        0.00063162450360
   1030        8.21935029416096       10.12347391639248        9.63411256919145       -0.00052141292697       -0.00081427123153        0.00091994769101
   1031        9.99166134666789        9.89722275389287       10.09652027164911        0.00006297435598       -0.00002631864921       -0.00009790074775
   1031       10.93042608565385       11.29160270077654        9.32181127827397       -0.00094420665779        0.00111306320975        0.00063181523425
   1031        8.21727676540102       10.12022936191737        9.63778483633019       -0.00051498443936       -0.00080797221677        0.00091627518719
   1032        9.99191404810352        9.89711719095516       10.09612898158266        0.00006337348796       -0.00002644709564       -0.00009778735335
   1032       10.92662293312686       11.29604697685748        9.32433891906016       -0.00095765455119        0.00110927010781        0.00063199423560
   1032        8.21523041864605       10.11701013865831        9.64144277068896       -0.00050778287225       -0.00080154378748        0.00091276664641
   1033        9.99216833457161        9.89701117712778       10.09573797282235        0.00006373514059       -0.00002655391130       -0.00009773317320
   1033       10.92276484924433       11.30047686163899        9.32686723215875       -0.00097164196927        0.00110586890612        0.00063213238416
   1033        8.21321450242305       10.11381701161749        9.64508696950150       -0.00049972611510       -0.00079488166357        0.00090941643849
   1034        9.99242392922826        9.89690475966474       10.09534711619708        0.00006398018690       -0.00002665164806       -0.00009766277034
   1034       10.91884979737272       11.30489392810648        9.32939597813342       -0.00098607702990        0.00110281031256        0.00063219544114
   1034        8.21123260972527       10.11065108534976        9.64871810219684       -0.00049074166113       -0.00078791698226        0.00090626178642
   1035        9.99268017606684        9.89679796394327       10.09495667065962        0.00006403731904       -0.00002674086913       -0.00009750454027
   1035       10.91487623300516       11.30929934413945        9.33192479568790       -0.00100082102372        0.00109994550836        0.00063217282234
   1035        8.20928856913398       10.10751367575940        9.65233706379286       -0.00048078406115       -0.00078061306962        0.00090335923891
   1036        9.99293622778055        9.89669083271170       10.09456707987491        0.00006390802507       -0.00002682223124       -0.00009725997159
   1036       10.91084322918292       11.31369349217335        9.33445336071212       -0.00101572480690        0.00109705802697        0.00063210536368
   1036        8.20738633723610       10.10440618079279        9.65594497610808       -0.00046983090089       -0.00077297051109        0.00090074620614
   1037        9.99319144026742        9.89658338609333       10.09417859088688        0.00006368161162       -0.00002691133545       -0.00009700209488
   1037       10.90675043454998       11.31807580835518        9.33698163859735       -0.00103066609927        0.00109392415555        0.00063208884613
   1037        8.20552992192687       10.10132991167068        9.65954303344199       -0.00045788581956       -0.00076503364665        0.00089841096401
   1038        9.99344568067353        9.89647554202806       10.09379106311585        0.00006348657460       -0.00002703706541       -0.00009680751062
   1038       10.90259790038875       11.32244488541772        9.33951007148120       -0.00104556506158        0.00109036533066        0.00063223929660
   1038        8.20372325067963       10.09828591161958        9.66313226382017       -0.00044499534931       -0.00075688234568        0.00089628578826
   1039        9.99369933286418        9.89636708957004       10.09340413080192        0.00006341802496       -0.00002722338864       -0.00009668957859
   1039       10.89838591405731       11.32679873100042        9.34203955297019       -0.00106037082063        0.00108627249950        0.00063264411408
   1039        8.20196995913241       10.09527485290523        9.66671331974804       -0.00043125744748       -0.00074860411380        0.00089427056395
   1040        9.99395302487320        9.89625775491897       10.09301754648710        0.00006349419654       -0.00002747117955       -0.00009659053947
   1040       10.89411493382372       11.33113506541371        9.34457122439384       -0.00107504171455        0.00108161135686        0.00063333509848
   1040        8.20027319109977       10.09229707870917        9.67028642833175       -0.00041680568269       -0.00074026610727        0.00089227768596
   1041        9.99420728643652        9.89614732013362       10.09263140648618        0.00006366574325       -0.00002775484217       -0.00009643122445
   1041       10.88978558034093       11.33545162185533        9.34710623375803       -0.00108953986243        0.00107642192077        0.00063429116108
   1041        8.19863551367090       10.08935272404708        9.67385154123571       -0.00040177818116       -0.00073191167264        0.00089026670505
   1042        9.99446235081918        9.89603571618161       10.09224609669151        0.00006386068047       -0.00002803641994       -0.00009617303832
   1042       10.88539861492429       11.33974644077990        9.34964555368245       -0.00110383737781        0.00107081155345        0.00063545536723
   1042        8.19705896565047       10.08644178532806        9.67740856197212       -0.00038629331034       -0.00072357891267        0.00088824392332
   1043        9.99471817188031        9.89592302877410       10.09186202217965        0.00006402709919       -0.00002828875325       -0.00009584580178
   1043       10.88095488131848       11.34401811428291        9.35218987669584       -0.00111792707594        0.00106493706795        0.00063674926852
   1043        8.19554516718820       10.08356409274572        9.68095749262226       -0.00037044343965       -0.00071531984648        0.00088623817129
   1044        9.99497456761269        9.89580940615564       10.09147933027724        0.00006414783149       -0.00002851473410       -0.00009552644108
   1044       10.87645519831679       11.34826593732348        9.35473954783064       -0.00113183060194        0.00105898190079        0.00063807656723
   1044        8.19409541813325       10.08071922655620        9.68449846734244       -0.00035429712494       -0.00070720531174        0.00088427878324
   1045        9.99523135453226        9.89569491090128       10.09109781065102        0.00006422854416       -0.00002875000483       -0.00009529183755
   1045       10.87190023650293       11.35248996948927        9.35729448923370       -0.00114559364151        0.00105313295083        0.00063932551201
   1045        8.19271079018866       10.07790645025177        9.68803172288820       -0.00033789791386       -0.00069930995551        0.00088238429663
   1046        9.99548839596600        9.89557940611697       10.09071699557682        0.00006427537490       -0.00002904165984       -0.00009518031270
   1046       10.86729044918473       11.35669100093009        9.35985415192671       -0.00115927298381        0.00104755238700        0.00064038742789
   1046        8.19139223482234       10.07512474691211        9.69155754171548       -0.00032126722055       -0.00069168244767        0.00088055919710
   1047        9.99574555753146        9.89546257762259       10.09033636814945        0.00006427775114       -0.00002941278933       -0.00009517648179
   1047       10.86262605263244       11.36087038858525        9.36241758865682       -0.00117293008540        0.00104235042399        0.00064119043379
   1047        8.19014065242430       10.07237299067042        9.69507619646503       -0.00030442199008       -0.00068432062039        0.00087879725172
   1048        9.99600261797513        9.89534410380233       10.08995558372254        0.00006420806843       -0.00002984010437       -0.00009521992252
   1048       10.85790700850151       11.36502980432205        9.36498367539702       -0.00118662730532        0.00103757633756        0.00064172639444
   1048        8.18895685890174       10.06965018194897        9.69858791972920       -0.00028739372655       -0.00067717032803        0.00087708837067
   1049        9.99625922207893        9.89522385678767       10.08957460876929        0.00006403886873       -0.00003026206559       -0.00009523744063
   1049       10.85313303418991       11.36917099928570        9.36755139981233       -0.00120041610978        0.00103322411121        0.00064205242040
   1049        8.18784150261188       10.06695562804615        9.70209290343040       -0.00027022775177       -0.00067015051031        0.00087542708798
   1050        9.99651492892496        9.89510200727758       10.08919368419751        0.00006376178864       -0.00003060751048       -0.00009518451999
   1050       10.84830367962327       11.37329559721175        9.37012009476026       -0.00121432343177        0.00102923321482        0.00064226595053
   1050        8.18679503688757       10.06428897786650        9.70559133643302       -0.00025296952652       -0.00066318916694        0.00087381911364
   1051        9.99676931638803        9.89497899670380       10.08881313260940        0.00006339262744       -0.00003082604028       -0.00009506646554
   1051       10.84341844673576       11.37740486500425        9.37268952741658       -0.00122834210205        0.00102548909111        0.00064246680683
   1051        8.18581774639972       10.06165011471061        9.70908345633953       -0.00023566017010       -0.00065624339334        0.00087227434755
   1052        9.99702206994451        9.89485539895534       10.08843315247317        0.00006296446038       -0.00003090965534       -0.00009492663150
   1052       10.83847694280689       11.38149950994062        9.37525982921491       -0.00124242045904        0.00102184286664        0.00064272455609
   1052        8.18490975552674       10.05903903071980        9.71256953121338       -0.00021834013736       -0.00064929040933        0.00087078640056
   1053        9.99727303207110        9.89473171946104       10.08805371955743        0.00006251817353       -0.00003089669976       -0.00009481539788
   1053       10.83347908306346       11.38557960793739        9.37783132386528       -0.00125645865031        0.00101814721860        0.00064306258027
   1053        8.18407102530080       10.05645579143595        9.71604974754401       -0.00020104711349       -0.00064231008220        0.00086932094980
   1054        9.99752221533276        9.89460822535724       10.08767462929012        0.00006209259201       -0.00003085250946       -0.00009475716567
   1054       10.82842527360442       11.38964468768945        9.38040432985704       -0.00127032934927        0.00101429436977        0.00064345980121
   1054        8.18330137861880       10.05390055006217        9.71952409881176       -0.00018381329885       -0.00063528261516        0.00086782603537
   1055        9.99776977280717        9.89448489938533       10.08729566223208        0.00006171596234       -0.00003083817105       -0.00009473229585
   1055       10.82331644826932       11.39369396289558        9.38297900227496       -0.00128391758317        0.00101024921641        0.00064386775256
   1055        8.18260051890997       10.05137353051470        9.72299235582699       -0.00016666850504       -0.00062819306604        0.00086625329106
   1056        9.99801594303148        9.89436151998885       10.08691677092336        0.00006140511289       -0.00003088868456       -0.00009469196719
   1056       10.81815393293907       11.39772668142070        9.38555527187755       -0.00129715055888        0.00100605718521        0.00064423580033
   1056        8.18196803057845       10.04887500553385        9.72645412514027       -0.00014963598572       -0.00062102832719        0.00086457860787
   1057        9.99826101371033        9.89423778990886       10.08653812649458        0.00006117024532       -0.00003100973234       -0.00009459768312
   1057       10.81293924379829       11.40174242037726        9.38813288867759       -0.00131000033973        0.00100180625849        0.00064452809171
   1057        8.18140343102422       10.04640530389718        9.72990898468993       -0.00013272166341       -0.00061378077051        0.00086281619177
   1058        9.99850530499403        9.89411344213015       10.08615998945840        0.00006101311066       -0.00003118652985       -0.00009444735992
   1058       10.80767393022123       11.40574113148859        9.39071149661124       -0.00132247122683        0.00099756879737        0.00064472504634
   1058        8.18090625727114       10.04396475936979        9.73335665467439       -0.00011592071067       -0.00060646974844        0.00086101612346
   1059        9.99874911859558        9.89398829767007       10.08578254761523        0.00006091726115       -0.00003139671892       -0.00009426903130
   1059       10.80235947398369       11.40972297075619        9.39329068904830       -0.00133459154847        0.00099337212746        0.00064482476108
   1059        8.18047606533884       10.04155354590968        9.73679711367759       -0.00009924225205       -0.00059915024451        0.00085924408770
   1060        9.99899264308320        9.89386226837878       10.08540583720804        0.00006084767984       -0.00003162431490       -0.00009410188218
   1060       10.79699719783350       11.41368810850829        9.39587009469989       -0.00134641062287        0.00098920927947        0.00064485345673
   1060        8.18011231925476       10.03917155741374        9.74023060737603       -0.00008272919392       -0.00059188124083        0.00085755879546
   1061        9.99923590003430        9.89373530315085       10.08502973255780        0.00006077039081       -0.00003186871089       -0.00009398084650
   1061       10.79158818900075       11.41763664499199        9.39844951670217       -0.00135798610643        0.00098506812335        0.00064486719837
   1061        8.17981423178751       10.03681849598304        9.74365758404129       -0.00006647002517       -0.00058468973305        0.00085600202570
   1062        9.99947880620966        9.89360731869163       10.08465399043601        0.00006067486833       -0.00003213846181       -0.00009391830239
   1062       10.78613330898208       11.42156865349509        9.40102903228684       -0.00136935889739        0.00098095673717        0.00064493339333
   1062        8.17958055905343       10.03449403954935        9.74707862358167       -0.00005060507325       -0.00057757960933        0.00085460069574
   1063        9.99972129898095        9.89347819545636       10.08427838613867        0.00006057370109       -0.00003243235774       -0.00009388608052
   1063       10.78063331782160       11.42548429888938        9.40360898384880       -0.00138053375881        0.00097690717643        0.00064510800319
   1063        8.17940939120149       10.03219785910839        9.75049438960718       -0.00003530744522       -0.00057056561661        0.00085337029058
   1064        9.99996339581840        9.89334785982972       10.08390290179184        0.00006048097233       -0.00003272903013       -0.00009382176218
   1064       10.77508903891159       11.42938391090652        9.40618989631233       -0.00139148123815        0.00097295670794        0.00064542024584
   1064        8.17929809949166       10.02992951461645        9.75390558590632       -0.00002073499688       -0.00056368481050        0.00085231476370
   1065       10.00020514675955        9.89321636321531       10.08352781204123        0.00006039706126       -0.00003299970688       -0.00009367018006
   1065       10.76950146791641       11.43326795255286        9.40877234581553       -0.00140215676374        0.00096912906439        0.00064586127352
   1065        8.17924351122648       10.02768838062439        9.75731290771681       -0.00000698796414       -0.00055698894155        0.00085142682405
   1066       10.00044657230852        9.89308386217470       10.08315354035139        0.00006031594987       -0.00003323178711       -0.00009343343798
   1066       10.76387178480165       11.43713694342166        9.41135678650051       -0.00141252371444        0.00096542860497        0.00064638483213
   1066        8.17924219577852       10.02547360308403        9.76071700049869        0.00000590225012       -0.00055053781544        0.00085068530023
   1067       10.00068767435854        9.89295050891844       10.08278034453738        0.00006023903687       -0.00003343921725       -0.00009318226282
   1067       10.75820127820089       11.44099138139263        9.41394342447259       -0.00142256782971        0.00096184300474        0.00064692929619
   1067        8.17929072922748       10.02328407810084        9.76411839011866        0.00001796160681       -0.00054438332082        0.00085004232452
   1068       10.00092848460350        9.89281634843672       10.08240808224883        0.00006017270499       -0.00003364920564       -0.00009300620879
   1068       10.75249124216394       11.44483168745960        9.41653222087005       -0.00143229312380        0.00095835952632        0.00064744285857
   1068        8.17938588863302       10.02111853651749        9.76751733909486        0.00002925367921       -0.00053854565148        0.00084941500840
   1069       10.00116905599842        9.89268131527335       10.08203629486706        0.00006011234729       -0.00003387608039       -0.00009293941103
   1069       10.74674293321047       11.44865825760318        9.41912296734112       -0.00144170646139        0.00095498866814        0.00064789143810
   1069        8.17952475866114       10.01897571288900        9.77091371018587        0.00003985801708       -0.00053300623258        0.00084870376786
   1070       10.00140938338179        9.89254533979360       10.08166456696060        0.00006003617407       -0.00003410528643       -0.00009293306718
   1070       10.74095759047284       11.45247159680471        9.42171535237488       -0.00145081316487        0.00095175989069        0.00064825856448
   1070        8.17970475276966       10.01685448665687        9.77430696923774        0.00004985235163       -0.00052771706654        0.00084782445616
   1071       10.00164934539097        9.89240847298192       10.08129283032966        0.00005992176722       -0.00003430258063       -0.00009290571753
   1071       10.73513642789153       11.45627233672869        9.42430903585694       -0.00145962561227        0.00094868606842        0.00064854869059
   1071        8.17992357747417       10.01475397635672        9.77769630583517        0.00005929979266       -0.00052261389576        0.00084672156830
   1072       10.00188875751955        9.89227091914854       10.08092132122034        0.00005977129287       -0.00003444113583       -0.00009282394376
   1072       10.72928058557468       11.46006108535206        9.42690374189959       -0.00146816158432        0.00094574550874        0.00064878242679
   1072        8.18017915111095       10.01267357549077        9.78108074178415        0.00006823415270       -0.00051763726604        0.00084536007945
   1073       10.00212751573396        9.89213294389529       10.08055023877954        0.00005961944069       -0.00003452474188       -0.00009273531292
   1073       10.72339113521698       11.46383830079861        9.42949929527123       -0.00147642751658        0.00094290061473        0.00064897726204
   1073        8.18046945069579       10.01061287822843        9.78445918647079        0.00007664052466       -0.00051274934773        0.00084372068646
   1074       10.00236571304507        9.89199472121350       10.08017943871697        0.00005951453060       -0.00003458727003       -0.00009272229073
   1074       10.71746916544204       11.46760429026991        9.43209555999587       -0.00148440663807        0.00094011897268        0.00064913241165
   1074        8.18079227530820       10.00857158070889        9.78783050727584        0.00008444235785       -0.00050792300897        0.00084181136860
   1075       10.00260363197873        9.89185624573505       10.07980846045371        0.00005948922991       -0.00003466455687       -0.00009282039747
   1075       10.71151588211239       11.47135925258009        9.43469235456439       -0.00149205967281        0.00093737880871        0.00064923625430
   1075        8.18114498955859       10.00654949415667        9.79119367741958        0.00009150942384       -0.00050312308898        0.00083968449799
   1076       10.00284162688431        9.89171740475856       10.07943687553725        0.00005954652976       -0.00003476295384       -0.00009297691502
   1076       10.70553268805959       11.47510332073958        9.43728945003026       -0.00149933283819        0.00093466895341        0.00064928989852
   1076        8.18152435069894       10.00454659599708        9.79454798325972        0.00009768594137       -0.00049831808384        0.00083744028818
   1077       10.00308000421684        9.89157814210433       10.07906464513358        0.00005967306772       -0.00003485923660       -0.00009308872228
   1077       10.69952121940688       11.47883660420738        9.43988667375253       -0.00150617283728        0.00093198479637        0.00064932375444
   1077        8.18192647708957       10.00256294948596        9.79789319972502        0.00010282789565       -0.00049351405370        0.00083520894973
   1078       10.00331901142609        9.89143853086576       10.07869216575901        0.00005986664994       -0.00003493095465       -0.00009308322093
   1078       10.69348330536137       11.48255919911056        9.44248404006577       -0.00151254242675        0.00092932358449        0.00064939293493
   1078        8.18234697386415       10.00059848356746        9.80122965485754        0.00010684103862       -0.00048877269036        0.00083312216082
   1079       10.00355893741636        9.89129869446715       10.07831997936615        0.00006014640413       -0.00003497877673       -0.00009296653047
   1079       10.68742087999291       11.48627119288332        9.44508181723194       -0.00151842826686        0.00092668824415        0.00064956011825
   1079        8.18278120539852        9.99865276796304        9.80455817701162        0.00010970383587       -0.00048419362407        0.00083128725274
   1080       10.00380018265911        9.89115870065191       10.07794843351527        0.00006052711558       -0.00003501886651       -0.00009279898159
   1080       10.68133587922651       11.48997270506378        9.44768052101173       -0.00152384873939        0.00092408793479        0.00064988321531
   1080        8.18322460455109        9.99672493457494        9.80787995287947        0.00011145664561       -0.00047987170351        0.00082977014776
   1081       10.00404315434098        9.89101854353511       10.07757758751343        0.00006098255004       -0.00003506143257       -0.00009263203044
   1081       10.67523009007775       11.49366389636167        9.45028088295446       -0.00152886131289        0.00092152369586        0.00065041138886
   1081        8.18367285856343        9.99481379433493        9.81119633819368        0.00011216886983       -0.00047586577726        0.00082859109707
   1082       10.00428804305942        9.89087820919137       10.07720737727177        0.00006144364350       -0.00003509783477       -0.00009247336437
   1082       10.66910498872342       11.49734489463069        9.45288381212261       -0.00153354849097        0.00091897732534        0.00065118066229
   1082        8.18412195550974        9.99291800835686        9.81450868165602        0.00011191688097       -0.00047220696619        0.00082773040045
   1083       10.00453470348895        9.89073776085698       10.07683780059849        0.00006183991222       -0.00003510545595       -0.00009230599064
   1083       10.66296170215000       11.50101571496439        9.45549032825275       -0.00153798356804        0.00091641676760        0.00065220613633
   1083        8.18456819361118        9.99103613860541        9.81781818139725        0.00011077725381       -0.00046892523410        0.00082713298295
   1084       10.00478276235716        9.89059736554375       10.07646892934664        0.00006214337039       -0.00003506767845       -0.00009212630486
   1084       10.65680112017908       11.50467622877152        9.45810146121324       -0.00154220617418        0.00091380312224        0.00065347677620
   1084        8.18500817354020        9.98916660648404        9.82112574551963        0.00010881683822       -0.00046605319999        0.00082671099981
   1085       10.00503185045207        9.89045721942935       10.07610079015963        0.00006237742239       -0.00003499058943       -0.00009195520735
   1085       10.65062405275657       11.50832613994227        9.46071814246235       -0.00154621921001        0.00091108985245        0.00065495454345
   1085        8.18543872831698        9.98730771300546        9.82443186939575        0.00010607973361       -0.00046360345345        0.00082635388977
   1086       10.00528178173631        9.89031744082833       10.07573328768785        0.00006259454541       -0.00003489642743       -0.00009181609201
   1086       10.64443136649902       11.51196494759109        9.46334109756082       -0.00154999575066        0.00090822336152        0.00065657422794
   1086        8.18585681140908        9.98545777885647        9.82773657663782        0.00010258320795       -0.00046154900917        0.00082594665646
   1087       10.00553260681538        9.89017804800993       10.07536626142357        0.00006284972086       -0.00003480100641       -0.00009171135821
   1087       10.63822408675130       11.51559192683443        9.46597073628590       -0.00155349000595        0.00090515029717        0.00065825004558
   1087        8.18625939398057        9.98361532093210        9.83103944264742        0.00009832171704       -0.00045983425990        0.00082539233818
   1088       10.00578457950316        9.89003903277705       10.07499959682218        0.00006318586054       -0.00003470152942       -0.00009162732355
   1088       10.63200344645144       11.51920614996848        9.46860709792544       -0.00155664934414        0.00090182736087        0.00065989996330
   1088        8.18664338514541        9.98177910477725        9.83433971534326        0.00009327442540       -0.00045841760853        0.00082463420267
   1089       10.00603809369970        9.88990043577457       10.07463324283518        0.00006362840755       -0.00003458406439       -0.00009156103473
   1089       10.62577089199820       11.52280654572140        9.47124993599227       -0.00155942225418        0.00089822839041        0.00066147528528
   1089        8.18700558938376        9.97994798006383        9.83763651626876        0.00008742008947       -0.00045730903207        0.00082366231815
   1090       10.00629360676352        9.88976236026189       10.07426710854437        0.00006418220585       -0.00003443641129       -0.00009153204621
   1090       10.61952806841797       11.52639197709179        9.47389890020766       -0.00156176359693        0.00089434601663        0.00066296673600
   1090        8.18734274586118        9.97812063252067        9.84092901388843        0.00008076026577       -0.00045656044813        0.00082249678897
   1091       10.00655155134647        9.88962494448423       10.07390098646552        0.00006483291657       -0.00003425313483       -0.00009155876064
   1091       10.61327678322273       11.52996131385445        9.47655366988027       -0.00156363822758        0.00089018836839        0.00066438687491
   1091        8.18765167150989        9.97629549647877        9.84421649058049        0.00007333353904       -0.00045621738738        0.00082116880106
   1092       10.00681227009612        9.88948833518325       10.07353463845922        0.00006555699016       -0.00003403388533       -0.00009162611050
   1092       10.60701896259734       11.53351348403888        9.47921399520697       -0.00156502304919        0.00088577380852        0.00066575482919
   1092        8.18792941417346        9.97447089342165        9.84749836429695        0.00006519852313       -0.00045628070653        0.00081971764679
   1093       10.00707600726771        9.88935267340162       10.07316797758151        0.00006633282139       -0.00003378132127       -0.00009168661692
   1093       10.60075659882917       11.53704750432263        9.48187970851379       -0.00156591512882        0.00088113081942        0.00066708832576
   1093        8.18817325969492        9.97264525082649        9.85077423175482        0.00005639924618       -0.00045670536913        0.00081819369101
   1094       10.00734293266721        9.88921808461306       10.07280114552388        0.00006714271180       -0.00003349945499       -0.00009170003319
   1094       10.59449164156678       11.54056253059422        9.48455070181302       -0.00156634502762        0.00087630632460        0.00066839378284
   1094        8.18838060814286        9.97081725046860        9.85404391382499        0.00004695633175       -0.00045742240722        0.00081665922420
   1095       10.00761314896209        9.88908467776167       10.07243437731602        0.00006796757532       -0.00003319095324       -0.00009167314213
   1095       10.58822583860819       11.54405795491942        9.48722685877648       -0.00156637988105        0.00087136611340        0.00066966939973
   1095        8.18854891034893        9.96898587156870        9.85730750554844        0.00003688920541       -0.00045836000706        0.00081519383971
   1096       10.00788667326981        9.88895255698712       10.07206776038682        0.00006878232259       -0.00003285610951       -0.00009165659758
   1096       10.58196060251841       11.54753345950139        9.48990805701088       -0.00156611182694        0.00086637321833        0.00067093148388
   1096        8.18867572178616        9.96715037041209        9.86056546454268        0.00002622914540       -0.00045945606097        0.00081389768942
   1097       10.00816340754282        9.88882182888557       10.07170112453538        0.00006955504638       -0.00003249427122       -0.00009169673624
   1097       10.57569694399265       11.55098894066601        9.49259431064755       -0.00156563732675        0.00086136469307        0.00067223073477
   1097        8.18875874351212        9.96531022308091        9.86381868706378        0.00001500929077       -0.00046066783054        0.00081287629290
   1098       10.00844311364085        9.88869260281733       10.07133418649687        0.00007025400109       -0.00003210192620       -0.00009179086991
   1098       10.56943550390443       11.55442437704592        9.49528590288902       -0.00156502549324        0.00085634755739        0.00067363088534
   1098        8.18879579611232        9.96346502776780        9.86706847488590        0.00000325641519       -0.00046198010847        0.00081221239694
   1099       10.00872543955156        9.88856501347599       10.07096679757612        0.00007086626868       -0.00003166725384       -0.00009189458982
   1099       10.56317674004673       11.55783972112512        9.49798335773023       -0.00156428702161        0.00085130017380        0.00067517726973
   1099        8.18878479483361        9.96161438221317        9.87031638623934       -0.00000900061111       -0.00046341079442        0.00081194579458
   1100       10.00901004379027        9.88843926478659       10.07059902977831        0.00007141615461       -0.00003117172031       -0.00009196994871
   1100       10.55692120773157       11.56123477843628        9.50068732104685       -0.00156337426564        0.00084617285534        0.00067689147724
   1100        8.18872379122347        9.95975774141240        9.87356404124252       -0.00002170858933       -0.00046501913579        0.00081206715004
   1101       10.00929676878841        9.88831563971354       10.07023103798640        0.00007195994243       -0.00003060307551       -0.00009201851643
   1101       10.55066974592160       11.56460910396785        9.50339848954815       -0.00156221706647        0.00084090353874        0.00067878560579
   1101        8.18861112611897        9.95789422912682        9.87681292343966       -0.00003476907408       -0.00046691035478        0.00081251895426
   1102       10.00958572332969        9.88819444018248       10.06986288164689        0.00007255175588       -0.00002996862448       -0.00009206909813
   1102       10.54442347119977       11.56796200674620        9.50611760589319       -0.00156076196509        0.00083543836130        0.00068087235167
   1102        8.18844563863080        9.95602245857416        9.88006419287657       -0.00004804561377       -0.00046921583780        0.00081320564847
   1103       10.00987718283541        9.88807589071768       10.06949448520139        0.00007320556427       -0.00002929624434       -0.00009214419991
   1103       10.53818365020087       11.57129261085829        9.50884546836150       -0.00155898882291        0.00082973444442        0.00068316459194
   1103        8.18822676120877        9.95414050242442        9.88331856862744       -0.00006139632850       -0.00047204916316        0.00081401690885
   1104       10.01017136784387        9.88796007022779       10.06912572804764        0.00007388497352       -0.00002862170007       -0.00009224473224
   1104       10.53195156061646       11.57459988230157        9.51158292262871       -0.00155690488376        0.00082375661848        0.00068566958338
   1104        8.18795446800277        9.95224606526888        9.88657632814734       -0.00007469492365       -0.00047546390454        0.00081484987313
   1105       10.01046826262354        9.88784691711713       10.06875652734348        0.00007452837589       -0.00002796918287       -0.00009236258703
   1105       10.52572841113077       11.57788266380610        9.51433082502855       -0.00155452566331        0.00081748428617        0.00068838252054
   1105        8.18762920181955        9.95033679118811        9.88983736761246       -0.00008783591855       -0.00047943653016        0.00081561648770
   1106       10.01076759485100        9.88773631676486       10.06838682735141        0.00007508770771       -0.00002733541894       -0.00009249821327
   1106       10.51951535530998       11.58113975659090        9.51708998279300       -0.00155185197586        0.00081091682126        0.00069128351280
   1106        8.18725178065439        9.94841057302762        9.89310126004893       -0.00010074618368       -0.00048388975154        0.00081624934406
   1107       10.01106896428522        9.88762823376560       10.06801654163732        0.00007555270403       -0.00002668945502       -0.00009266312874
   1107       10.51331359532387       11.58436999837621        9.51986109313094       -0.00154885489786        0.00080406912681        0.00069434004829
   1107        8.18682323235014        9.94646567317580        9.89636736236494       -0.00011338941349       -0.00048874637395        0.00081671855273
   1108       10.01137201648323        9.88752280112467       10.06764552232146        0.00007595019234       -0.00002599407028       -0.00009287368283
   1108       10.50712451612710       11.58757230960542        9.52264470317933       -0.00154548060000        0.00079696406690        0.00069751171006
   1108        8.18634466534650        9.94450060203601        9.89963500847079       -0.00012574843850       -0.00049396289814        0.00081704101854
   1109       10.01167656582393        9.88742028120336       10.06727355217467        0.00007632517023       -0.00002523496255       -0.00009314548700
   1109       10.50094975052389       11.59074571091138        9.52544118681146       -0.00154167562390        0.00078962542289        0.00070075133269
   1109        8.18581724484215        9.94251396999070        9.90290369051325       -0.00013780927200       -0.00049951695083        0.00081726732801
   1110       10.01198261784508        9.88732092142426       10.06690035842548        0.00007671436287       -0.00002442873020       -0.00009348030900
   1110       10.49479111113592       11.59388931298852        9.52825071384087       -0.00153741747869        0.00078207516633        0.00070400617552
   1110        8.18524219117051        9.94050446642939        9.90617314709488       -0.00014955583854       -0.00050538927135        0.00081746475345
   1111       10.01229028072686        9.88722485136177       10.06652570970263        0.00007712510337       -0.00002359909099       -0.00009384902885
   1111       10.48865041069434       11.59700231224203        9.53107323621561       -0.00153273379471        0.00077433631420        0.00070723121624
   1111        8.18462079813383        9.93847085581989        9.90944340854083       -0.00016095650851       -0.00051156584143        0.00081771396869
   1112       10.01259961867203        9.88713212869630       10.06614956619465        0.00007753390230       -0.00002274839451       -0.00009420003703
   1112       10.48252924077828       11.60008400350208        9.53390856357076       -0.00152770008517        0.00076643146355        0.00071040825249
   1112        8.18395453910242        9.93641193969798        9.91271485884436       -0.00017194973984       -0.00051803434305        0.00081811085863
   1113       10.01291055194529        9.88704286420573       10.06577210940636        0.00007790495510       -0.00002185591350       -0.00009449846113
   1113       10.47642881001300       11.60313376395047        9.53675650223549       -0.00152241218832        0.00075837298003        0.00071354525879
   1113        8.18324520021508        9.93432658107548        9.91598829540983       -0.00018245020335       -0.00052477168140        0.00081875902839
   1114       10.01322285831282        9.88695728138833       10.06539357850559        0.00007820911962       -0.00002089873076       -0.00009475411383
   1114       10.47034994327168       11.60615098734236        9.53961692564112       -0.00151694890540        0.00075015066471        0.00071665596091
   1114        8.18249493747561        9.93221376624674        9.91926493107146       -0.00019236954643       -0.00053174384048        0.00081975079380
   1115       10.01353622490221        9.88687567435962       10.06501407649576        0.00007842888776       -0.00001986871420       -0.00009500545502
   1115       10.46429321876979       11.60913496926819        9.54248974992280       -0.00151135428203        0.00074172064700        0.00071974909868
   1115        8.18170624384365        9.93007263035163        9.92254630176025       -0.00020163396938       -0.00053890873670        0.00082114865328
   1116       10.01385028941491        9.88679833167477       10.06463353486547        0.00007855719996       -0.00001877443550       -0.00009527853666
   1116       10.45825910901544       11.61208475251836        9.54537491843052       -0.00150564281322        0.00073300850279        0.00072283442620
   1116        8.18088186572055        9.92790249635310        9.92583412029773       -0.00021018888246       -0.00054621369809        0.00082298198784
   1117       10.01416468250190        9.88672547887560       10.06425184820246        0.00007859950981       -0.00001763485897       -0.00009556019142
   1117       10.45224807626401       11.61499903729049        9.54827242533242       -0.00149980521846        0.00072393883470        0.00072592493152
   1117        8.18002473278400        9.92570292076695        9.92913015766301       -0.00021799316740       -0.00055360742337        0.00082525220740
   1118       10.01447908549340        9.88665725280298       10.06386905333407        0.00007857194407       -0.00001646933733       -0.00009580520956
   1118       10.44626066726777       11.61787626319597        9.55118231788266       -0.00149380917370        0.00071446841265        0.00072902995517
   1118        8.17913792038134        9.92347363696611        9.93243613795690       -0.00022501710414       -0.00056106819408        0.00082792895293
   1119       10.01479325805447        9.88659372417697       10.06348540652599        0.00007849138509       -0.00001528542224       -0.00009597174692
   1119       10.44029760287444       11.62071478459169        9.55410466497379       -0.00148760536924        0.00070459182181        0.00073215163690
   1119        8.17822459595091        9.92121437521433        9.93575358928641       -0.00023124157863       -0.00056862809137        0.00083094712910
   1120       10.01510701657411        9.88653496942508       10.06310127935871        0.00007837046604       -0.00001407406079       -0.00009605950599
   1120       10.43435982431382       11.62351299777044        9.55703953097788       -0.00148114158209        0.00069432861365        0.00073528951841
   1120        8.17728798775230        9.91892461223516        9.93908371498974       -0.00023664475674       -0.00057637953828        0.00083422183287
   1121       10.01542022178283        9.88648113169062       10.06271693047807        0.00007822291503       -0.00001282187164       -0.00009612001495
   1121       10.42844847021770       11.62626941350087        9.55998698112106       -0.00147438350820        0.00068371431216        0.00073844752948
   1121        8.17633143789698        9.91660333890812        9.94242736394938       -0.00024119773921       -0.00058445044843        0.00083766355040
   1122       10.01573279989434        9.88643239445197       10.06233231923910        0.00007806359475       -0.00001153228788       -0.00009622888013
   1122       10.42256475624819       11.62898271226772        9.56294711121370       -0.00146733261915        0.00067279343361        0.00074163528640
   1122        8.17535840583863        9.91424900864776        9.94578502339291       -0.00024488878015       -0.00059295316761        0.00084117538201
   1123       10.01604473054086        9.88638887338756       10.06194709943706        0.00007789589053       -0.00001023408495       -0.00009644137169
   1123       10.41670980926453       11.63165176096976        9.56592006341223       -0.00146002155113        0.00066161061796        0.00074486398705
   1123        8.17437232765577        9.91185971356721        9.94915676700546       -0.00024773544442       -0.00060194672757        0.00084465455205
   1124       10.01635596701856        9.88635052177237       10.06156078826555        0.00007770310292       -0.00000896667468       -0.00009676616195
   1124       10.41088458383913       11.63427559721139        9.56890602311009       -0.00145249076630        0.00065020931073        0.00074814800954
   1124        8.17337652228323        9.90943343482722        9.95254225980930       -0.00024975879389       -0.00061143188880        0.00084801558012
   1125       10.01666635536422        9.88631713999013       10.06117297014146        0.00007745558990       -0.00000775257697       -0.00009717462447
   1125       10.40508988313417       11.63685343545558        9.57190524748855       -0.00144477303382        0.00063863896391        0.00075151311738
   1125        8.17237425730469        9.90696825845678        9.95594089164645       -0.00025096505703       -0.00062136356284        0.00085120742749
   1126       10.01697561173775        9.88628850115663       10.06078339126978        0.00007712318010       -0.00000657709147       -0.00009762922760
   1126       10.39932639956853       11.63938470892271        9.57491812804916       -0.00143689335158        0.00062695850625        0.00075499708512
   1126        8.17136880182703        9.90446252632452        9.95935191922920       -0.00025135900942       -0.00063167543345        0.00085420154267
   1127       10.01728334080502        9.88626452325839       10.06039193632069        0.00007668177995       -0.00000539048966       -0.00009810024873
   1127       10.39359473632150       11.64186910350559        9.57794522416954       -0.00142887240597        0.00061522797144        0.00075863740974
   1127        8.17036338522932        9.90191485498917        9.96277450398778       -0.00025095331148       -0.00064230701293        0.00085697703733
   1128       10.01758906597739        9.88624537723934       10.05999858927996        0.00007611599137       -0.00000413342381       -0.00009856304320
   1128       10.38789542032074       11.64430653269420        9.58098722732707       -0.00142072379412        0.00060349244260        0.00076245227326
   1128        8.16936117533522        9.89932407022104        9.96620773552787       -0.00024975953959       -0.00065320744672        0.00085953306638
   1129       10.01789226873599        9.88623145586788       10.05960343197506        0.00007542076346       -0.00000276931077       -0.00009899618642
   1129       10.38222894596852       11.64669704304640        9.58404484235565       -0.00141243895137        0.00059177036708        0.00076642350681
   1129        8.16836530891262        9.89668919541544        9.96965076851883       -0.00024778079451       -0.00066432663473        0.00086190850368
   1130       10.01819243208504        9.88622322275318       10.05920661978856        0.00007460188011       -0.00000130316300       -0.00009939496914
   1130       10.37659590870976       11.64904069563087        9.58711861538159       -0.00140397210463        0.00058005640951        0.00077049567599
   1130        8.16737892897913        9.89400945714317        9.97310300355732       -0.00024501111653       -0.00067561906792        0.00086417380801
   1131       10.01848908377690        9.88622103056385       10.05880827222197        0.00007367624163        0.00000022302591       -0.00009978375788
   1131       10.37099716913150       11.65133749432251        9.59020880776358       -0.00139525289618        0.00056833887162        0.00077459307266
   1131        8.16640521998037        9.89128424287206        9.97656415898291       -0.00024143849030       -0.00068704239554        0.00086640562092
   1132       10.01878184201806        9.88622500696044       10.05840834972556        0.00007266976272        0.00000175549632       -0.00010019827876
   1132       10.36543388554036       11.65358740660382        9.59331535996286       -0.00138622200302        0.00055661825390        0.00077863929269
   1132        8.16544742105671        9.88851311797883        9.98003424852469       -0.00023704928820       -0.00069854245223        0.00086867771049
   1133       10.01907044187863        9.88623507453442       10.05800668599187        0.00007160826521        0.00000326000828       -0.00010064191816
   1133       10.35990739310736       11.65579044035369        9.59643792210507       -0.00137685301468        0.00054490878649        0.00078258049975
   1133        8.16450882567479        9.88569590325426        9.98351358066682       -0.00023182485394       -0.00071005815597        0.00087106670833
   1134       10.01935470813974        9.88625108702671       10.05760321438031        0.00007050576797        0.00000473626683       -0.00010106575332
   1134       10.35441906142291       11.65794667689573        9.59957600396082       -0.00136714715991        0.00053322394729        0.00078641173967
   1134        8.16359282222516        9.88283265273104        9.98700278219132       -0.00022573388526       -0.00072154541048        0.00087364944460
   1135       10.01963448802237        9.88627296466909       10.05719815996530        0.00006936220439        0.00000620325783       -0.00010141008801
   1135       10.34897021582809       11.66005623193198        9.60272921602242       -0.00135711916040        0.00052156687514        0.00079016837099
   1135        8.16270295459273        9.87992353997040        9.99050277622364       -0.00021873433328       -0.00073298754772        0.00087648947372
   1136       10.01990960577490        9.88630071308938       10.05679193367623        0.00006817447071        0.00000767086563       -0.00010167199568
   1136       10.34356210813975       11.66211921189687        9.60589735092870       -0.00134679443088        0.00050993114075        0.00079387604051
   1136        8.16184294755894        9.87696875234924        9.99401469798104       -0.00021078184464       -0.00074439670808        0.00087962138452
   1137       10.02017988378801        9.88633433159412       10.05638478399990        0.00006694932197        0.00000912667678       -0.00010192124666
   1137       10.33819586038106       11.66413568105800        9.60908022434651       -0.00133622266243        0.00049829971209        0.00079752441851
   1137        8.16101669983558        9.87396836630573        9.99753974729983       -0.00020184202497       -0.00075581213006        0.00088303734532
   1138       10.02044520035069        9.88637372650364       10.05597656370299        0.00006570095967        0.00001055032075       -0.00010223735158
   1138       10.33287232684028       11.66610560959361        9.61227754627676       -0.00132548524896        0.00048664815851        0.00080109231620
   1138        8.16022821135918        9.87092225530879       10.00107899674364       -0.00019191161894       -0.00076727394740        0.00088668953134
   1139       10.02070549146535        9.88641873416015       10.05556688518724        0.00006443157706        0.00001193960205       -0.00010262757126
   1139       10.32759197838936       11.66802886632611        9.61548896287609       -0.00131467093495        0.00047496334791        0.00080457020291
   1139        8.15948140688403        9.86783017472655       10.00463326355054       -0.00018103054198       -0.00077879207906        0.00089051610653
   1140       10.02096065296714        9.88646924332006       10.05515554313291        0.00006311902453        0.00001332165929       -0.00010301396678
   1140       10.32235495936065       11.66990531637687        9.61871410790005       -0.00130383878509        0.00046325854744        0.00080795452603
   1140        8.15877996702337        9.86469191867629       10.00820312559588       -0.00016926278851       -0.00079035940179        0.00089446610456
   1141       10.02121044366159        9.88652530743450       10.05474277345298        0.00006173402855        0.00001473934298       -0.00010331101291
   1141       10.31716126810866       11.67173493470559        9.62195259908429       -0.00129300542155        0.00045156494596        0.00081124467641
   1141        8.15812730457597        9.86150729951224       10.01178899238705       -0.00015666238889       -0.00080199498397        0.00089849844676
   1142       10.02145452519554        9.88658715806388       10.05432905502965        0.00006027102920        0.00001622625083       -0.00010351463851
   1142       10.31201091598821       11.67351783594456        9.62520406531134       -0.00128215428459        0.00043991327197        0.00081444623154
   1142        8.15752666791221        9.85827595880449       10.01539111316992       -0.00014325370579       -0.00081375854793        0.00090256957668
   1143       10.02169261189517        9.88665511744110       10.05391465634493        0.00005875521338        0.00001778640803       -0.00010370674132
   1143       10.30690403383197       11.67525424088132        9.62846816893659       -0.00127124787516        0.00042832519041        0.00081755843457
   1143        8.15698127492962        9.85499723112877       10.01900954900049       -0.00012903553726       -0.00082571895412        0.00090663240145
   1144       10.02192456690259        9.88672944932809       10.05349940109910        0.00005721708005        0.00001938640783       -0.00010397632903
   1144       10.30184093298696       11.67694443746782        9.63174453278787       -0.00126024175389        0.00041681674897        0.00082055874182
   1144        8.15649438361415        9.85167020717150       10.02264417238156       -0.00011400898020       -0.00083790666532        0.00091063865189
   1145       10.02215034853556        9.88681020870371       10.05308284571269        0.00005566191579        0.00002096751942       -0.00010434505186
   1145       10.29682209980082       11.67858877487304        9.63503263887112       -0.00124909818706        0.00040540885476        0.00082341416028
   1145        8.15606920308800        9.84829397780622       10.02629465821562       -0.00009821718545       -0.00085028769558        0.00091453447624
   1146       10.02236986222894        9.88689718948341       10.05266464068425        0.00005406210572        0.00002247774216       -0.00010475983448
   1146       10.29184814749048       11.68018770830590        9.63833184607007       -0.00123779456328        0.00039413603125        0.00082611283963
   1146        8.15570864613052        9.84486790560688       10.02996044819146       -0.00008176595497       -0.00086277935817        0.00091826579442
   1147       10.02258284538133        9.88699003064098       10.05224476703682        0.00005237780648        0.00002390337794       -0.00010513979390
   1147       10.28691974329461       11.68174186312303        9.64164154158813       -0.00122633186686        0.00038304527215        0.00082867925450
   1147        8.15541507544827        9.84139174294089       10.03364078457098       -0.00006480383063       -0.00087529550295        0.00092179875630
   1148       10.02278888468077        9.88708841650694       10.05182352233302        0.00005058969954        0.00002527639212       -0.00010543116937
   1148       10.28203749255562       11.68325207048312        9.64496128010605       -0.00121473889705        0.00037218550766        0.00083115701686
   1148        8.15519021548550        9.83786554158328       10.03733483824183       -0.00004747457112       -0.00088778771762        0.00092512449345
   1149       10.02298756297762        9.88719224177795       10.05140131768187        0.00004871722317        0.00002665390767       -0.00010563400441
   1149       10.27720183211818       11.68471934718429        9.64829079772298       -0.00120305981282        0.00036159231306        0.00083358138099
   1149        8.15503527887927        9.83428944119992       10.04104178051858       -0.00002987785405       -0.00090025639909        0.00092823506258
   1150       10.02317862246616        9.88730164776829       10.05097845029771        0.00004680702212        0.00002808293481       -0.00010579022961
   1150       10.27241301405310       11.68614480898757        9.65162993115398       -0.00119133405351        0.00035127836489        0.00083596144274
   1150        8.15495119265313        9.83066349039057       10.04476071874247       -0.00001206932044       -0.00091272453279        0.00093110742185
   1151       10.02336201915456        9.88741690525643       10.05055499584499        0.00004490153169        0.00002957023545       -0.00010594975283
   1151       10.26767115969013       11.68752957410341        9.65497848926486       -0.00117958615993        0.00034124072597        0.00083827231035
   1151        8.15493872431576        9.82698764493761       10.04849063989341        0.00000590353957       -0.00092519205725        0.00093372294167
   1152       10.02353783471964        9.88753820965192       10.05013085227510        0.00004301226530        0.00003107809835       -0.00010613926589
   1152       10.26297632477366       11.68887473479531        9.65833610963677       -0.00116782435162        0.00033147245086        0.00084046506915
   1152        8.15499842096969        9.82326195393260       10.05223050227579        0.00002397181997       -0.00093760916103        0.00093609856152
   1153       10.02370611727697        9.88766553004319       10.04970588171784        0.00004111811784        0.00003255105448       -0.00010635082015
   1153       10.25832856487719       11.69018135371033        9.66170220981807       -0.00115604169446        0.00032196156077        0.00084249522871
   1153        8.15513049887550        9.81948677164934       10.05597942838557        0.00004205786963       -0.00094989234530        0.00093829665056
   1154       10.02386677966238        9.88779861808777       10.04928004571391        0.00003919087388        0.00003395283988       -0.00010656011397
   1154       10.25372799121796       11.69145042728147        9.66507607146646       -0.00114422110870        0.00031269250589        0.00084433840183
   1154        8.15533488392672        9.81566281517022       10.05973687548031        0.00006011465417       -0.00096197077266        0.00094040880679
   1155       10.02401964426799        9.88793715276227       10.04885340080610        0.00003722617767        0.00003528441668       -0.00010676351432
   1155       10.24917479600758       11.69268289375741        9.66845691703270       -0.00113234164416        0.00030365866217        0.00084598188216
   1155        8.15561141610883        9.81179100546807       10.06350269883988        0.00007814476503       -0.00097383129915        0.00094252433106
   1156       10.02416458908373        9.88808089342124       10.04842593759939        0.00003525104073        0.00003657078149       -0.00010699321730
   1156       10.24466925806472       11.69387969657883        9.67184392652373       -0.00112038004468        0.00029485864005        0.00084742498180
   1156        8.15596004204700        9.80787216477703       10.06727707012881        0.00009618268277       -0.00098553159167        0.00094469803249
   1157       10.02430165259386        9.88822971901417       10.04799745506772        0.00003330206285        0.00003783212179       -0.00010728397792
   1157       10.24021175565011       11.69504176287780        9.67523631688712       -0.00110830688643        0.00028627605976        0.00084869638811
   1157        8.15638087757101        9.80390675273467       10.07106028309980        0.00011426795745       -0.00099716985672        0.00094693524917
   1158       10.02443100558655        9.88838355039556       10.04756766577605        0.00003139714622        0.00003906950160       -0.00010762356958
   1158       10.23580280297332       11.69616990505689        9.67863349762861       -0.00109608204148        0.00027788134225        0.00084985751257
   1158        8.15687418570658        9.79989480592326       10.07485255212213        0.00013243021564       -0.00100883658299        0.00094920577151
   1159       10.02455282976359        9.88854227502698       10.04713646651106        0.00002952737110        0.00004027702577       -0.00010794612986
   1159       10.23144309931826       11.69726481361577        9.68203517698766       -0.00108365964182        0.00026965527706        0.00085098405316
   1159        8.15744031929616        9.79583606007071       10.07865392927189        0.00015067986353       -0.00102058983966        0.00095147975161
   1160       10.02466722455533        9.88870576660170       10.04670409673715        0.00002767466373        0.00004146009433       -0.00010818332957
   1160       10.22713352583879       11.69832714727334        9.68544137005387       -0.00107100948811        0.00026160045597        0.00085214483027
   1160        8.15807962461481        9.79173008720596       10.08246439013505        0.00016900235617       -0.00103246401588        0.00095375489664
   1161       10.02477422707343        9.88887395578159       10.04627099987447        0.00002583499313        0.00004263589811       -0.00010832363621
   1161       10.22287502341337       11.69935761726354        9.68885233562981       -0.00105814067731        0.00025374399737        0.00085338593132
   1161        8.15879233814549        9.78757634794364       10.08628396844504        0.00018735742141       -0.00104448096946        0.00095604498794
   1162       10.02487390450035        9.88904685378661       10.04583750764751        0.00002402153661        0.00004381821170       -0.00010841801005
   1162       10.21866840042033       11.70035709925231        9.69226845750441       -0.00104510031684        0.00024614866418        0.00085471919435
   1162        8.15957848398606        9.78337423945029       10.09011275003853        0.00020567319013       -0.00105663493619        0.00095834339121
   1163       10.02496639936632        9.88922450147520       10.04540365579405        0.00002224636140        0.00004500485307       -0.00010852717319
   1163       10.21451422087862       11.70132680657698        9.69569008918464       -0.00103194406667        0.00023891171775        0.00085611752142
   1163        8.16043772366650        9.77912326845414       10.09395071557475        0.00022384012006       -0.00106886784621        0.00096060607850
   1164       10.02505187539153        9.88940689261117       10.04496929026201        0.00002050367008        0.00004617836707       -0.00010866731975
   1164       10.21041284788694       11.70226839299433        9.69911739767575       -0.00101871076672        0.00023213467509        0.00085752544092
   1164        8.16136920494655        9.77482329668060       10.09779759866655        0.00024172386025       -0.00108107966100        0.00096276991914
   1165       10.02513042872696        9.88959392841180       10.04453431723601        0.00001877257216        0.00004731596857       -0.00010880490570
   1165       10.20636453474483       11.70318388397770        9.70255029271203       -0.00100543217223        0.00022589165242        0.00085889015907
   1165        8.16237151454852        9.77047463116614       10.10165287492785        0.00025919069076       -0.00109317966779        0.00096478485978
   1166       10.02520205596880        9.88978542035971       10.04409885101645        0.00001703511227        0.00004839897974       -0.00010889296524
   1166       10.20236939050906       11.70407552621371        9.70598851894834       -0.00099216858015        0.00022022498478        0.00086018765107
   1166        8.16344273047263        9.76607785933831       10.10551587754476        0.00027612776695       -0.00110512812996        0.00096663640903
   1167       10.02526670962514        9.88998112024971       10.04366317351407        0.00001529203423        0.00004941700642       -0.00010890776736
   1167       10.19842718610363       11.70494568385598        9.70943179392059       -0.00097902899903        0.00021515720926        0.00086140956241
   1167        8.16458053668415        9.76163360612649       10.10938596620009        0.00029245805705       -0.00111692903136        0.00096834382693
   1168       10.02532439224265        9.89018075641108       10.04322758887759        0.00001356133007        0.00005036873933       -0.00010886117028
   1168       10.19453715851682       11.70579678388776        9.71287979544759       -0.00096614739249        0.00021069211368        0.00086253066700
   1168        8.16578239492899        9.75714242708739       10.11326262816020        0.00030814686475       -0.00112859534871        0.00096993593457
   1169       10.02537520026568        9.89038407016436       10.04279228415185        0.00001186098208        0.00005126154457       -0.00010879236320
   1169       10.19069800696370       11.70663122076538        9.71633203925659       -0.00095362960646        0.00020679655094        0.00086350241933
   1169        8.16704571160211        9.75260484333681       10.11714545367665        0.00032319648544       -0.00114013014025        0.00097143039525
   1170       10.02541928009930        9.89059084876765       10.04235724997201        0.00001019420629        0.00005211067080       -0.00010875024494
   1170       10.18690812166510       11.70745115629525        9.71978781480219       -0.00094151368630        0.00020337961186        0.00086427037030
   1170        8.16836796681253        9.74802138596539       10.12103407132219        0.00033764116426       -0.00115153165123        0.00097283621203
   1171       10.02545675391602        9.89080095553075       10.04192228219232        0.00000855154338        0.00005293824056       -0.00010876983211
   1171       10.18316589747326       11.70825825766029        9.72324620221903       -0.00092977420037        0.00020029760498        0.00086479361121
   1171        8.16974684091621        9.74339259012696       10.12492814337287        0.00035153665924       -0.00116279648073        0.00097417032057
   1172       10.02548769244632        9.89101435469211       10.04148709131515        0.00000692470887        0.00005376920489       -0.00010884777631
   1172       10.17946992806216       11.70905353713509        9.72670616369186       -0.00091836307301        0.00019740096406        0.00086506880690
   1172        8.17118026008644        9.73871901411956       10.12882743388677        0.00036492904249       -0.00117390693835        0.00097547055058
   1173       10.02551215158696        9.89123110916986       10.04105149998185        0.00000531733570        0.00005462420999       -0.00010893675459
   1173       10.17581899288918       11.70983746537277        9.73016675267420       -0.00090724704050        0.00019459968186        0.00086514510591
   1173        8.17266627325613        9.73400133462015       10.13273190777748        0.00037782845512       -0.00118482673546        0.00097679280358
   1174       10.02553023113192        9.89145134837200       10.04061559727844        0.00000374287783        0.00005551660974       -0.00010897377110
   1174       10.17221195173819       11.71061033459000        9.73362732453916       -0.00089640336255        0.00019189540793        0.00086509733846
   1174        8.17420288772744        9.72924040023588       10.13664177631540        0.00039021301413       -0.00119552745107        0.00097818923550
   1175       10.02554209460957        9.89167524204775       10.04017970981305        0.00000221236925        0.00005645410492       -0.00010892304745
   1175       10.16864776598879       11.71137262863619        9.73708753138191       -0.00088577803015        0.00018935557762        0.00086497285196
   1175        8.17578797736921        9.72443711501160       10.14055742166149        0.00040203865326       -0.00120601704557        0.00097968391889
   1176       10.02554793008591        9.89190298121133       10.03974421289886        0.00000072688243        0.00005743445143       -0.00010879616395
   1176       10.16512572749699       11.71212517921096        9.74054710735481       -0.00087525529957        0.00018705602992        0.00086476763406
   1176        8.17741919695354        9.71959226387131       10.14447924766654        0.00041324064692       -0.00121632528423        0.00098126539831
   1177       10.02554790966903        9.89213471765915       10.03930934050142       -0.00000071508956        0.00005843561538       -0.00010863875859
   1177       10.16164572359220       11.71286907687552        9.74400567245442       -0.00086468031925        0.00018503318546        0.00086445076557
   1177        8.17909390254456        9.71470651273774       10.14840754484794        0.00042374393277       -0.00122645899711        0.00098289287518
   1178       10.02554220936944        9.89237046613435       10.03887510283015       -0.00000210553436        0.00005941560759       -0.00010850500877
   1178       10.15820828494303       11.71360544469465        9.74746271347933       -0.00085392696127        0.00018327288753        0.00086400375101
   1178        8.18080914841567        9.70978059189439       10.15234239066800        0.00043347738575       -0.00123638602292        0.00098450466854
   1179       10.02553106539415        9.89261004251988       10.03844130043123       -0.00000342584450        0.00006032734151       -0.00010843846394
   1179       10.15481430790202       11.71433525997577        9.75091770246252       -0.00084296435067        0.00018174185802        0.00086343916659
   1179        8.18256172163054        9.70481542455438       10.15628358219622        0.00044238291744       -0.00124606944500        0.00098602709646
   1180       10.02551480261342        9.89285308486646       10.03800759511862       -0.00000465662498        0.00006113814449       -0.00010845710856
   1180       10.15146457013770       11.71505937955882        9.75437022681208       -0.00083187197944        0.00018043103800        0.00086279464132
   1180        8.18434821175522        9.69981203633443       10.16023060743965        0.00045043322795       -0.00125551026189        0.00098738658949
   1181       10.02549381239434        9.89309914767578       10.03757364356272       -0.00000578831262        0.00006184265809       -0.00010853949097
   1181       10.14815933206647       11.71577870827973        9.75782005959309       -0.00082078902438        0.00017936470016        0.00086211741686
   1181        8.18616518745417        9.69477134245926       10.16418267491216        0.00045764780025       -0.00126475288027        0.00098853224329
   1182       10.02546849611249        9.89334782613119       10.03713927919087       -0.00000682449857        0.00006246079016       -0.00010862924710
   1182       10.14489825794269       11.71649429716007        9.76126716614692       -0.00080984240496        0.00017857096521        0.00086145109012
   1182        8.18800939415720        9.68969401329228       10.16813886538598        0.00046407920092       -0.00127385641005        0.00098946680969
   1183       10.02543921640581        9.89359883399703       10.03670460958593       -0.00000777357867        0.00006302002450       -0.00010867394344
   1183       10.14168059282678       11.71720727600144        9.76471166831406       -0.00079911121953        0.00017805103384        0.00086083103796
   1183        8.18987782106156        9.68458049117886       10.17209840938966        0.00046977988390       -0.00128286527489        0.00099025826172
   1184       10.02540630748313        9.89385198632716       10.03626988764336       -0.00000863621164        0.00006353814129       -0.00010866921116
   1184       10.13850536818648       11.71791870543082        9.76815381445060       -0.00078863217309        0.00017777613638        0.00086028772033
   1184        8.19176763322844        9.67943109109315       10.17606093147976        0.00047477343816       -0.00129179890784        0.00099101295529
   1185       10.02537012671265        9.89410713912733       10.03583525589669       -0.00000940687824        0.00006402324413       -0.00010865427079
   1185       10.13537153544207       11.71862948509244        9.77159397007670       -0.00077841909045        0.00017771146689        0.00085984112052
   1185        8.19367600856688        9.67424609991611       10.18002651303197        0.00047903747198       -0.00130066062677        0.00099183337700
   1186       10.02533105245718        9.89436417228018       10.03540065347704       -0.00001009129333        0.00006448555796       -0.00010865979995
   1186       10.13227801546292       11.71934039716594        9.77503254341475       -0.00076848654962        0.00017784143437        0.00085948030960
   1186        8.19559993300428        9.66902580607895       10.18399559849578        0.00048251371315       -0.00130946144436        0.00099279024289
   1187       10.02528939636598        9.89462302359103       10.03496597749713       -0.00001071559045        0.00006494316538       -0.00010867323050
   1187       10.12922364304508       11.72005221656743        9.77846981255351       -0.00075886482339        0.00017816790242        0.00085915550829
   1187        8.19753611827208        9.66377040836122       10.18796883497505        0.00048515073596       -0.00131824201952        0.00099391215149
   1188       10.02524532773355        9.89488371760324       10.03453126763305       -0.00001131204788        0.00006541475355       -0.00010865907089
   1188       10.12620709687580       11.72076574038527        9.78190578748106       -0.00074958734527        0.00017868794028        0.00085879733556
   1188        8.19948113889200        9.65847986992278       10.19194689570772        0.00048694137506       -0.00132705994625        0.00099518573365
   1189       10.02519889998290        9.89514634161947       10.03409670493003       -0.00001189864646        0.00006590567064       -0.00010859771121
   1189       10.12322694428289       11.72148172008969        9.78534019123797       -0.00074066952318        0.00017937989822        0.00085833724596
   1189        8.20143164927255        9.65315392879119       10.19593032084424        0.00048792162828       -0.00133593525841        0.00099656225828
   1190       10.02515013856187        9.89541096296835       10.03366248594338       -0.00001247694302        0.00006639949985       -0.00010849655514
   1190       10.12028174069035       11.72220077957099        9.78877248544875       -0.00073211010777        0.00018020405121        0.00085771646506
   1190        8.20338451191822        9.64779238785550       10.19991939377394        0.00048814988725       -0.00134480472126        0.00099796795454
   1191       10.02509908443874        9.89567753761825       10.03322873248894       -0.00001304715723        0.00006686594384       -0.00010837541327
   1191       10.11737006342075       11.72292335249935        9.79220192295841       -0.00072390351143        0.00018111572887        0.00085690107960
   1191        8.20533684837053        9.64239549102113       10.20391406448054        0.00048770033108       -0.00135354216513        0.00099931856964
   1192       10.02504576130399        9.89594589051910       10.03279548263724       -0.00001361749666        0.00006728251057       -0.00010825185964
   1192       10.11449051259892       11.72364970540197        9.79562769408555       -0.00071604100049        0.00018209668120        0.00085589916808
   1192        8.20728611456685        9.63696405053450       10.20791394233104        0.00048666840714       -0.00136202920742        0.00100053701485
   1193       10.02499014446548        9.89621579770279       10.03236271761185       -0.00001419237581        0.00006765248708       -0.00010813786013
   1193       10.11164173541686       11.72438012594893        9.79904911630302       -0.00070850709522        0.00018317855424        0.00085475860402
   1193        8.20923019562766        9.63149925736178       10.21191836059935        0.00048516062615       -0.00137020362520        0.00100157105903
   1194       10.02493222229751        9.89648711041576       10.03193037975620       -0.00001475134209        0.00006800319654       -0.00010804413318
   1194       10.10882245583717       11.72511513383590        9.80246576291770       -0.00070127671250        0.00018441894868        0.00085355213638
   1194        8.21116739957605        9.62600242153291       10.21592651080329        0.00048326459712       -0.00137805389347        0.00100241283328
   1195       10.02487213372876        9.89675982327507       10.03149836454638       -0.00001524568267        0.00006836509771       -0.00010798308054
   1195       10.10603152171688       11.72585547753835        9.80587753339404       -0.00069431083855        0.00018584972802        0.00085236500812
   1195        8.21309631240463        9.62047482621402       10.21993766326556        0.00048102756465       -0.00138559732626        0.00100311333166
   1196       10.02481025683616        9.89703403119741       10.03106651511191       -0.00001562306965        0.00006874870607       -0.00010796043591
   1196       10.10326796912873       11.72660193166009        9.80928468298262       -0.00068756248412        0.00018744929709        0.00085128103846
   1196        8.21501562009322        9.61491764292281       10.22395141745660        0.00047845632204       -0.00139286933048        0.00100377203462
   1197       10.02474714917152        9.89730981292360       10.03063468105911       -0.00001585932138        0.00006913939311       -0.00010795845328
   1197       10.10053102184393       11.72735507191506        9.81268778170169       -0.00068099743351        0.00018914966548        0.00085036812476
   1197        8.21692396298092        9.60933187157016       10.22796783954253        0.00047552594123       -0.00139990633883        0.00100450093660
   1198       10.02468338226514        9.89758714634225       10.03020284748564       -0.00001596730974        0.00006951383412       -0.00010793186774
   1198       10.09781998966067       11.72811512898395        9.81608762798072       -0.00067461282694        0.00019086366219        0.00084967187309
   1198        8.21881982762308        9.60371839221217       10.23198742494941        0.00047219951688       -0.00140672071566        0.00100538975912
   1199       10.02461941069360        9.89786592359654       10.02977122611716       -0.00001597789539        0.00006986035537       -0.00010783342442
   1199       10.09513411922839       11.72888198121262        9.81948515668643       -0.00066844409034        0.00019251955337        0.00084920874392
   1199        8.22070155911600        9.59807810584489       10.23601095761551        0.00046846391254       -0.00141329843243        0.00100648771502
   1200       10.02455555910202        9.89814602918523       10.02934018009029       -0.00001591679811        0.00007018416072       -0.00010765436975
   1200       10.09247243693798       11.72965528541092        9.82288129793204       -0.00066256445088        0.00019407684138        0.00084895346206
   1200        8.22256753892344        9.59241200475276       10.24003932666961        0.00046435390186       -0.00141961786240        0.00100779230601
   1201       10.02449207630873        9.89842739688229       10.02890999115919       -0.00001580055065        0.00007049740665       -0.00010744185261
   1201       10.08983360362134       11.73043459594366        9.82627678438293       -0.00065707753801        0.00019550821103        0.00084884264720
   1201        8.22441639033088        9.58672116294566       10.24407329606361        0.00045994053910       -0.00142564806880        0.00100924311460
   1202       10.02442915469681        9.89871000843845       10.02848064526938       -0.00001564957105        0.00007080830585       -0.00010726969294
   1202       10.08721581663387       11.73121935109913        9.82967203910963       -0.00065210135987        0.00019677439974        0.00084880461751
   1202        8.22624706323625        9.58100682020239       10.24811327158638        0.00045530093281       -0.00143132154280        0.00101073687855
   1203       10.02436687974033        9.89899386332912       10.02805183361570       -0.00001549952990        0.00007111962833       -0.00010718070475
   1203       10.08461679274238       11.73200879114154        9.83306722132305       -0.00064774324509        0.00019782054435        0.00084878393492
   1203        8.22805879779335        9.57527059060324       10.25215919109202        0.00045049697919       -0.00143653346991        0.00101216589625
   1204       10.02430515845759        9.89927896546508       10.02762319963137       -0.00001539634357        0.00007143347774       -0.00010715041307
   1204       10.08203387067316       11.73280191545395        9.83646231058897       -0.00064406772593        0.00019859035642        0.00084873334960
   1204        8.22985103906980        9.56951455244311       10.25621059875638        0.00044557137680       -0.00144119854311        0.00101345352110
   1205       10.02424370899175        9.89956533115105       10.02719463031117       -0.00001537339311        0.00007175103904       -0.00010711193610
   1205       10.07946425093495       11.73359751399293        9.83985708811987       -0.00064107022835        0.00019904346702        0.00084859433108
   1205        8.23162336880778        9.56374100225834       10.26026681926085        0.00044055549539       -0.00144532007543        0.00101456612875
   1206       10.02418217131267        9.89985297377738       10.02676630414259       -0.00001542524008        0.00007206340504       -0.00010702767063
   1206       10.07690530884633       11.73439426319007        9.84325106523763       -0.00063867234409        0.00019916456708        0.00084830588893
   1206        8.23337548303294        9.55795199183970       10.26432712778642        0.00043547773908       -0.00144900052112        0.00101550712069
   1207       10.02412030707114        9.90014183839139       10.02633840894614       -0.00001550321551        0.00007234474014       -0.00010693900155
   1207       10.07435487218223       11.73519083052954        9.84664353523129       -0.00063674283564        0.00019895921379        0.00084784326118
   1207        8.23510719072041        9.55214899808937       10.26839087622636        0.00043036543869       -0.00145238160706        0.00101630206076
   1208       10.02405814558855        9.90043173169852       10.02591079213021       -0.00001554467945        0.00007256032193       -0.00010693537539
   1208       10.07181136616122       11.73598593690039        9.85003381132708       -0.00063513837847        0.00019844707192        0.00084724535957
   1208        8.23681840654243        9.54633293898319       10.27245754427247        0.00042524341049       -0.00145556776220        0.00101697966769
   1209       10.02399594963550        9.90072232096682       10.02548292594299       -0.00001551297167        0.00007268690265       -0.00010706504347
   1209       10.06927376515443       11.73677840710487        9.85342149810783       -0.00063374373355        0.00019766280099        0.00084659789085
   1209        8.23850913800433        9.54050445599179       10.27652671356790        0.00042013537222       -0.00145858711214        0.00101756048424
   1210       10.02393404181520        9.90101322691972       10.02505427178242       -0.00001541144447        0.00007273160476       -0.00010727728705
   1210       10.06674141629281       11.73756723930834        9.85680659445385       -0.00063248417964        0.00019665531726        0.00084598915612
   1210        8.24017948952017        9.53466424208603       10.28059802814635        0.00041507686824       -0.00146140161803        0.00101805525981
   1211       10.02387265807974        9.90130417380489       10.02462470764661       -0.00001526282655        0.00007273629934       -0.00010745758689
   1211       10.06421389171728       11.73835164964292        9.86018941135679       -0.00063131610512        0.00019547850919        0.00084548275451
   1211        8.24182975295025        9.52881324304755       10.28467115564636        0.00041014062622       -0.00146393995143        0.00101846148257
   1212       10.02381193920278        9.90159511731445       10.02419461108733       -0.00001507923003        0.00007276017695       -0.00010752041939
   1212       10.06169088745188       11.73913106738185        9.86357045648990       -0.00063023031853        0.00019418272617        0.00084511980650
   1212        8.24346061452990        9.52295272247457       10.28874572000688        0.00040544797150       -0.00146611437468        0.00101876819591
   1213       10.02375202423952        9.90188625522046       10.02376454429149       -0.00001485240553        0.00007284609649       -0.00010746790134
   1213       10.05917204916903       11.73990511145228        9.86695036980875       -0.00062926902590        0.00019280959889        0.00084492559804
   1213        8.24507333672229        9.51708432805011       10.29282130121367        0.00040114007806       -0.00146781381926        0.00101898668559
   1214       10.02369311995852        9.90217788608633       10.02333486787660       -0.00001457238193        0.00007299399242       -0.00010736533982
   1214       10.05665673524466       11.74067354417301        9.87032986127426       -0.00062852303585        0.00019138368448        0.00084490835748
   1214        8.24666973515435        9.51121021192047       10.29689761349159        0.00039732842156       -0.00146891224542        0.00101917733358
   1215       10.02363544518405        9.90247020715980       10.02290562157294       -0.00001425516947        0.00007316460259       -0.00010727147414
   1215       10.05414386488226       11.74143618092809        9.87370963666856       -0.00062810366722        0.00018990918234        0.00084506089545
   1215        8.24825196409479        9.50533303008673       10.30097471988231        0.00039406757319       -0.00146931648230        0.00101942652488
   1216       10.02357907860277        9.90276320290704       10.02247669608347       -0.00001394787771        0.00007331091002       -0.00010719641065
   1216       10.05163190590690       11.74219281763170        9.87709034843783       -0.00062811358636        0.00018838448323        0.00084536066207
   1216        8.24982227573986        9.49945568006204       10.30505302569062        0.00039136427013       -0.00146901324191        0.00101979016701
   1217       10.02352386216238        9.90305669443997       10.02204805028771       -0.00001370103102        0.00007341014782       -0.00010711794596
   1217       10.04911895619138       11.74294325679392        9.88047252196514       -0.00062862596254        0.00018681832997        0.00084575957139
   1217        8.25138287825586        9.49358092415145       10.30913304121837        0.00038920408822       -0.00146806580427        0.00102026411076
   1218       10.02346947035459        9.90335048408958       10.02161975251575       -0.00001353461203        0.00007347104911       -0.00010702480623
   1218       10.04660289820654       11.74368736427145        9.88385642500896       -0.00062966990759        0.00018521584981        0.00084618980138
   1218        8.25293590844560        9.48771115362784       10.31321513857669        0.00038757535476       -0.00146656715750        0.00102080059391
   1219       10.02341558526613        9.90364446283282       10.02119185183786       -0.00001342924235        0.00007351388157       -0.00010693660672
   1219       10.04408159693064       11.74442498359241        9.88724204037618       -0.00063123031282        0.00018354043336        0.00084660605631
   1219        8.25448348109392        9.48184838689146       10.31729944596962        0.00038648501355       -0.00146459267377        0.00102133490937
   1220       10.02336203641583        9.90393859514217       10.02076425966196       -0.00001334425254        0.00007354401236       -0.00010688221523
   1220       10.04155305570395       11.74515568773837        9.89062927345947       -0.00063326411349        0.00018169970848        0.00084702110096
   1220        8.25602778855400        9.47599441223767       10.32138581785168        0.00038596655793       -0.00146218423212        0.00102179303529
   1221       10.02330883124579        9.90423281493167       10.02033679411602       -0.00001324437866        0.00007354456672       -0.00010686301086
   1221       10.03901548402272       11.74587858126026        9.89401820918387       -0.00063571598900        0.00017958265968        0.00084748305914
   1221        8.25757121355738        9.47015091303453       10.32547379025195        0.00038607162157       -0.00145936477766        0.00102209330859
   1222       10.02325608138655        9.90452695167594       10.01990935557508       -0.00001311923095        0.00007349424781       -0.00010684370873
   1222       10.03646732779197       11.74659234901579        9.89740913793258       -0.00063852139857        0.00017711635471        0.00084802101921
   1222        8.25911636152657        9.46431949401642       10.32956256432037        0.00038684235346       -0.00145615386172        0.00102216483055
   1223       10.02320387739822        9.90482076891415       10.01948204444615       -0.00001298478052        0.00007339131648       -0.00010678428857
   1223       10.03390731283418       11.74729551209796        9.90080237733753       -0.00064160948997        0.00017429253036        0.00084862822174
   1223        8.26066595238508        9.45850168214077       10.33365110889633        0.00038828560221       -0.00145256492130        0.00102197307530
   1224       10.02315220314238        9.90511408220780       10.01905508126650       -0.00001286679754        0.00007326075388       -0.00010667833055
   1224       10.03133445187223       11.74798668925865        9.90419816370649       -0.00064492130826        0.00017114924114        0.00084929522057
   1224        8.26222264634425        9.45269897464606       10.33773834892280        0.00039037153764       -0.00144859924364        0.00102152562470
   1225       10.02310094301789        9.90540685494523       10.01862861780173       -0.00001278358950        0.00007313911921       -0.00010655239490
   1225       10.02874794236808       11.74866470602705        9.90759673910208       -0.00064842981702        0.00016773320356        0.00085003722092
   1225        8.26378892468623        9.44691288819163       10.34182331389390        0.00039305435869       -0.00144425200387        0.00102085590706
   1226       10.02304993442635        9.90569919516151       10.01820266210730       -0.00001274194771        0.00007304873248       -0.00010642913492
   1226       10.02614701333608       11.74932855488717        9.91099846147388       -0.00065213791541        0.00016407778002        0.00085087615091
   1226        8.26536708121377        9.44114495861506       10.34590519617925        0.00039629747818       -0.00143952343658        0.00102000733011
   1227       10.02299900743619        9.90599124480508       10.01777718472241       -0.00001273758769        0.00007297843900       -0.00010630382175
   1227       10.02353083904477       11.74997732826723        9.91440374830939       -0.00065606542812        0.00016020703555        0.00085181153361
   1227        8.26695930451165        9.43539670069902       10.34998337253482        0.00040008457985       -0.00143442464325        0.00101902856377
   1228       10.02294803372481        9.90628302267353       10.01735223153334       -0.00001275004670        0.00007288592013       -0.00010616252994
   1228       10.02089848991110       11.75061021117154        9.91781295374273       -0.00066025186630        0.00015614727705        0.00085283240204
   1228        8.26856775785261        9.42966956146906       10.35405742468939        0.00040440939346       -0.00142896950311        0.00101796832716
   1229       10.02289700706259        9.90657433216616       10.01692788448292       -0.00001274331931        0.00007272455243       -0.00010601129378
   1229       10.01824882411440       11.75122650648360        9.92122640752570       -0.00066476176452        0.00015192608180        0.00085395322267
   1229        8.27019457965933        9.42396494467412       10.35812711915211        0.00040926524355       -0.00142315240419        0.00101685858297
   1230       10.02284608717030        9.90686481909297       10.01650414118308       -0.00001268538321        0.00007247608825       -0.00010587558253
   1230       10.01558039579493       11.75182561982594        9.92464457952412       -0.00066966387905        0.00014755614242        0.00085521565614
   1230        8.27184187980105        9.41828434223556       10.36219229335316        0.00041465905457       -0.00141693484119        0.00101569215627
   1231       10.02279552399689        9.90715414087219       10.01608087982264       -0.00001257492202        0.00007216085624       -0.00010577519250
   1231       10.01289151308204       11.75240695562297        9.92806813277484       -0.00067500209846        0.00014301577817        0.00085665385703
   1231        8.27351185209593        9.41262946594457       10.36625265640229        0.00042063398934       -0.00141025300828        0.00101441275036
   1232       10.02274548779410        9.90744210594288       10.01565793964304       -0.00001244979838        0.00007181919067       -0.00010570719954
   1232       10.01018037900726       11.75296974605133        9.93149781038036       -0.00068079169799        0.00013824765514        0.00085826910455
   1232        8.27520695171578        9.40700231816936       10.37030759535604        0.00042726477331       -0.00140302045041        0.00101293248813
   1233       10.02269592560985        9.90772869439757       10.01523522222633       -0.00001236951826        0.00007148697058       -0.00010564963393
   1233       10.00744517949809       11.75351293686408        9.93493428561123       -0.00068703002212        0.00013318643253        0.00086002989682
   1233        8.27692997028238        9.40140530234127       10.37435611630729        0.00043462186723       -0.00139511772666        0.00101117088987
   1234       10.02264653164805        9.90801400170748       10.01481274257162       -0.00001238829931        0.00007118564912       -0.00010557551797
   1234       10.00468413883032       11.75403523751157        9.93837804955494       -0.00069369918271        0.00012779203346        0.00086188563100
   1234        8.27868392665365        9.39584137635606       10.37839696247499        0.00044273292729       -0.00138640562529        0.00100908516239
   1235       10.02259681921539        9.90829817959049       10.01439061808254       -0.00001253490192        0.00007092305704       -0.00010546787168
   1235       10.00189558603644       11.75453527313176        9.94182937065921       -0.00070076950803        0.00012205835888        0.00086378655129
   1235        8.28047183370070        9.39031405733895       10.38242879760644        0.00045156995003       -0.00137677523566        0.00100667175271
   1236       10.02254625243267        9.90858138616381       10.01396899959814       -0.00001280070277        0.00007069354675       -0.00010533034708
   1236        9.99907798276605       11.75501170438263        9.94528834196523       -0.00070820527263        0.00011600044218        0.00086569125637
   1236        8.28229648625388        9.38482717447074       10.38645033649667        0.00046107009209       -0.00136619614188        0.00100395389253
   1237       10.02249441359326        9.90886372796447       10.01354797530588       -0.00001313957274        0.00007047623436       -0.00010518551348
   1237        9.99622994385543       11.75546327666919        9.94875490071016       -0.00071595313444        0.00010963989249        0.00086755130181
   1237        8.28416039443746        9.37938448820388       10.39046042874668        0.00047117310001       -0.00135472926573        0.00100097329936
   1238       10.02244113585079        9.90914519603869       10.01312751549027       -0.00001348901168        0.00007023628343       -0.00010506017228
   1238        9.99335035769050       11.75588882352254        9.95222875237971       -0.00072392526013        0.00010299894149        0.00086931265975
   1238        8.28606587105397        9.37398934034487       10.39445812289154        0.00048185073969       -0.00134251143981        0.00099778462117
   1239       10.02238650149983        9.90942561823187       10.01270749392765       -0.00001380243040        0.00006993354782       -0.00010497171718
   1239        9.99043854177438       11.75628726820107        9.95570940198820       -0.00073201191880        0.00009610903472        0.00087096062482
   1239        8.28801520035499        9.36864439668536       10.39844270571603        0.00049311527188       -0.00132973273271        0.00099445549145
   1240       10.02233071640756        9.90970466442124       10.01228774175286       -0.00001406556357        0.00006953859417       -0.00010492603027
   1240        9.98749426234009       11.75665769580030        9.95919643737824       -0.00074011479624        0.00008902758407        0.00087255104616
   1240        8.29001079322897        9.36335147848319       10.40241376682313        0.00050500040917       -0.00131660745877        0.00099107230214
   1241       10.02227397699125        9.90998192698524       10.01186808568546       -0.00001429025123        0.00006904732684       -0.00010491829594
   1241        9.98451762340444       11.75699948887362        9.96268981035751       -0.00074816513977        0.00008184053679        0.00087417345507
   1241        8.29205520362833        9.35811153701523       10.40637128413315        0.00051751942078       -0.00130332777993        0.00098772501404
   1242       10.02221639439775        9.91025704303596       10.01144839538530       -0.00001450163106        0.00006848419004       -0.00010492713044
   1242        9.98150894122192       11.75731242009461        9.96618982501878       -0.00075612758498        0.00007464742425        0.00087589093806
   1242        8.29415094859520        9.35292485624377       10.41031556693541        0.00053063245406       -0.00129001495460        0.00098446573546
   1243       10.02215796394275        9.91052980050559       10.01102866864193       -0.00001472686650        0.00006789454546       -0.00010491295236
   1243        9.97846860272462       11.75759666826763        9.96969693786195       -0.00076400827081        0.00006754622907        0.00087772513499
   1243        8.29630026326078        9.34779141737844       10.41424701001685        0.00054425294523       -0.00127670128200        0.00098128681658
   1244       10.02209857946578        9.91080019939964       10.01060909176646       -0.00001498375781        0.00006733055180       -0.00010483576923
   1244        9.97539687505547       11.75785278992719        9.97321162609867       -0.00077185630991        0.00006061635186        0.00087967457818
   1244        8.29850497215704        9.34271124598776       10.41816586146805        0.00055828032928       -0.00126334234812        0.00097813740493
   1245       10.02203809388027        9.91106844492002       10.01018998248808       -0.00001527370391        0.00006683082742       -0.00010468410928
   1245        9.97229375224531       11.75808159908250        9.97673433448740       -0.00077974426316        0.00005389416819        0.00088171811449
   1245        8.30076650589498        9.33768467859351       10.42207210925626        0.00057262502973       -0.00124983413745        0.00097494246368
   1246       10.02197638983451        9.91133484601901       10.00977161889220       -0.00001558427916        0.00006640173831       -0.00010448946903
   1246        9.96915892095015       11.75828394327273        9.98026537101460       -0.00078774372017        0.00004736516644        0.00088380593172
   1246        8.30308597239486        9.33271257288819       10.42596540117749        0.00058720916808       -0.00123603409977        0.00097161697072
   1247       10.02191341964696        9.91159965882648       10.00935406673587       -0.00001589973945        0.00006601578473       -0.00010430913668
   1247        9.96599180248394       11.75846052041399        9.98380478194117       -0.00079591467594        0.00004098530621        0.00088587254227
   1247        8.30546417923961        9.32779640579534       10.42984504502199        0.00060194967972       -0.00122180000399        0.00096810259495
   1248       10.02184919191889        9.91186297229688       10.00893714579879       -0.00001621330686        0.00006562777725       -0.00010418386589
   1248        9.96279160354264       11.75861182572240        9.98735235135272       -0.00080430302227        0.00003470336853        0.00088786811221
   1248        8.30790156983262        9.32293817285625       10.43371022193712        0.00061675139920       -0.00120704142963        0.00096440667370
   1249       10.02178371319208        9.91212468104446       10.00852059580873       -0.00001653065635        0.00006519324157       -0.00010410279799
   1249        9.95955737830575       11.75873814736227        9.99090772683882       -0.00081293451127        0.00002846751426        0.00088977480496
   1249        8.31039819043322        9.31814007435829       10.43756029841162        0.00063153319145       -0.00119176222295        0.00096059528431
   1250       10.02171694666811        9.91238451822947       10.00810432341487       -0.00001685905553        0.00006468112374       -0.00010401173867
   1250        9.95628812745244       11.75883956583648        9.99447054979243       -0.00082180940457        0.00002223305857        0.00089160920437
   1250        8.31295383536424        9.31340407507263       10.44139498421164        0.00064626255682       -0.00117606683576        0.00095674774103
   1251       10.02164884074785        9.91264213003435       10.00768850189940       -0.00001719425474        0.00006408334886       -0.00010386030066
   1251        9.95298290306921       11.75891601183082        9.99804060047381       -0.00083091088480        0.00001597477352        0.00089343775541
   1251        8.31556829088780        9.30873153967218       10.44521428033985        0.00066095550066       -0.00116012078871        0.00095291993829
   1252       10.02157939263017        9.91289718502034       10.00727344100956       -0.00001751935657        0.00006341713670       -0.00010363976001
   1252        9.94964084037405       11.75896736402464       10.00161805183568       -0.00084022382718        0.00000968489531        0.00089538772963
   1252        8.31824147936953        9.30412310876299       10.44901834371796        0.00067564828857       -0.00114409533566        0.00094913626886
   1253       10.02150868589529        9.91314946712791       10.00685938381933       -0.00001781278631        0.00006271286292       -0.00010337892455
   1253        9.94626111245175       11.75899349099327       10.00520370231088       -0.00084973811035        0.00000335751163        0.00089760716660
   1253        8.32097347719637        9.29957877698690       10.45280737049075        0.00069037340826       -0.00112812854247        0.00094539438780
   1254       10.02143689033970        9.91339888792371       10.00644640961316       -0.00001805727377        0.00006199443775       -0.00010311446702
   1254        9.94284293549121       11.75899422411771       10.00879890916850       -0.00085942574022       -0.00000301749301        0.00090018689550
   1254        8.32376446663559        9.29509808042325       10.45658149882033        0.00070514074192       -0.00111229993279        0.00094166644144
   1255       10.02136422770513        9.91364542262989       10.00603446808317       -0.00001824734636        0.00006126915737       -0.00010286735808
   1255        9.93938570653001       11.75896935104922       10.01240519747489       -0.00086922101146       -0.00000944049923        0.00090311199936
   1255        8.32661460313174        9.29068037752458       10.46034070202224        0.00071992053723       -0.00109661776351        0.00093790395296
   1256       10.02129091156885        9.91388904118269       10.00562347074852       -0.00001839079518        0.00006053407737       -0.00010264142128
   1256        9.93588916739956       11.75891870012384       10.01602380516337       -0.00087903118136       -0.00001588351041        0.00090627386377
   1256        8.32952383093345        9.28632513831519       10.46408473044403        0.00073464331172       -0.00108103422626        0.00093406258191
   1257       10.02121710134368        9.91412969524884       10.00521333671297       -0.00001850285808        0.00005978979985       -0.00010244492387
   1257        9.93235345707916       11.75884228296593       10.01965538838508       -0.00088876501426       -0.00002228937084        0.00090951874478
   1257        8.33249174962549        9.28203210371447       10.46781320267755        0.00074921310399       -0.00106547872091        0.00093013226628
   1258       10.02114288870424        9.91436735958148       10.00480391135755       -0.00001860268505        0.00005904776865       -0.00010231394943
   1258        9.92877904728546       11.75874038515715       10.02329995512163       -0.00089835566170       -0.00002859579598        0.00091270264150
   1258        8.33551753576538        9.27780130854794       10.47152578857424        0.00076352015507       -0.00104988663315        0.00092613769454
   1259       10.02106827986331        9.91460207739802       10.00439482511756       -0.00001871583085        0.00005832558877       -0.00010230159828
   1259        9.92516661178556       11.75861351659807       10.02695700951706       -0.00090777233966       -0.00003476891581        0.00091573028738
   1259        8.33859991086608        9.27363301064928       10.47522230423388        0.00077746390696       -0.00103422494771        0.00092211304554
   1260       10.02099316205741        9.91483396429166       10.00398549857130       -0.00001887201465        0.00005763653376       -0.00010242990728
   1260        9.92151686856820       11.75846223383071       10.03062579742064       -0.00091701973882       -0.00004082109803        0.00091856096436
   1260        8.34173724702109        9.26952750896630       10.47890269293860        0.00079098609116       -0.00101851208696        0.00091809139395
   1261       10.02091730374609        9.91506316966813       10.00357538585931       -0.00001909190918        0.00005698309129       -0.00010265058483
   1261        9.91783045387499       11.75828694781382       10.03430549723195       -0.00092612783819       -0.00004679869918        0.00092119063250
   1261        8.34492779959534        9.26548491395364       10.48256703538548        0.00080407991327       -0.00100281215389        0.00091411691648
   1262       10.02084042678400        9.91528982902198       10.00316429389269       -0.00001937150356        0.00005635871981       -0.00010285731559
   1262        9.91410784586267       11.75808784423723       10.03799532248063       -0.00093514706667       -0.00005275214983        0.00092364385815
   1262        8.34816988632729        9.26150501173521       10.48621562827042        0.00081676409888       -0.00098720778104        0.00091024412503
   1263       10.02076233171759        9.91551403942662       10.00275252733459       -0.00001967611849        0.00005575526280       -0.00010294467947
   1263        9.91034927734166       11.75786493061521       10.04169464809716       -0.00094415203467       -0.00005871592512        0.00092598586859
   1263        8.35146191238635        9.25758725170535       10.48984898838572        0.00082905098889       -0.00097177547793        0.00090650849548
   1264       10.02068301783609        9.91573587112434       10.00234073645696       -0.00001995044769        0.00005517002592       -0.00010287143671
   1264        9.90655462958527       11.75761811683631       10.04540320942938       -0.00095323372398       -0.00006470506167        0.00092832241806
   1264        8.35480229423844        9.25373080791173       10.49346769623430        0.00084092814845       -0.00095656646557        0.00090290549707
   1265       10.02060272813606        9.91595539963402       10.00192955584090       -0.00002014226110        0.00005460574553       -0.00010268102976
   1265        9.90272340754981       11.75734729012183       10.04912122744162       -0.00096246838112       -0.00007071097470        0.00093076166537
   1265        8.35818933757392        9.24993471998077       10.49707223236230        0.00085235105808       -0.00094158811995        0.00089941494759
   1266       10.02052187974726        9.91617271708858       10.00151928821886       -0.00002022748419        0.00005406289368       -0.00010246351684
   1266        9.89885488253633       11.75705242903867       10.05284930275234       -0.00097187863227       -0.00007669472797        0.00093336675014
   1266        8.36162110270310        9.24619810295212       10.50066301581503        0.00086324750682       -0.00092680138685        0.00089604358831
   1267       10.02044090826258        9.91638790278344       10.00110984770616       -0.00002022080210        0.00005353428985       -0.00010229412719
   1267        9.89494837849163       11.75673373229804       10.05658816144276       -0.00098141462771       -0.00008259508467        0.00093614536174
   1267        8.36509531762852        9.24252030888599       10.50424058106875        0.00087353712863       -0.00091214846912        0.00089282802966
   1268       10.02036011333049        9.91660099140738       10.00070093520130       -0.00002016335276        0.00005300938830       -0.00010219933122
   1268        9.89100356551462       11.75639166836129       10.06033846564623       -0.00099097308559       -0.00008834972708        0.00093906979652
   1268        8.36860939973216        9.23890091519912       10.50780564005227        0.00088315980710       -0.00089759501512        0.00088980354077
   1269       10.02027960144053        9.91681197788984       10.00029225305637       -0.00002009455082        0.00005248068884       -0.00010216446847
   1269        9.88702059380694       11.75602693448140       10.06410071981494       -0.00100044193261       -0.00009390879073        0.00094208622024
   1269        8.37216059608534        9.23533954876501       10.51135900939489        0.00089209426477       -0.00088315439262        0.00088699588978
   1270       10.02019935692395        9.91702083691811        9.99988361945353       -0.00002002917729        0.00005194334055       -0.00010216188518
   1270        9.88300003005375       11.75564039803542       10.06787515540816       -0.00100973567717       -0.00009923341119        0.00094511096412
   1270        8.37574615385033        9.23183568005816       10.51490160717051        0.00090035018521       -0.00086888183671        0.00088443768783
   1271       10.02011936802225        9.91722752461423        9.99947495797496       -0.00001995743536        0.00005139192812       -0.00010217599735
   1271        9.87894270838960       11.75523306719190       10.07166160752792       -0.00101880518725       -0.00010429087687        0.00094804499565
   1271        8.37936339756702        9.22838849407129       10.51843451089757        0.00090794618079       -0.00085485663310        0.00088215890411
   1272       10.02003969744105        9.91743197234305        9.99906621147470       -0.00001986365806        0.00005082030364       -0.00010220986529
   1272        9.87484958855577       11.75480607102050       10.07545951537337       -0.00102763437371       -0.00010905889647        0.00095080992215
   1272        8.38300972329666        9.22499682699334       10.52195887840340        0.00091489977233       -0.00084117027840        0.00088015859583
   1273       10.01996045875775        9.91763408704336        9.99865727905267       -0.00001974267353        0.00005022339555       -0.00010227160853
   1273        9.87072163339995       11.75436059602017       10.07926808690514       -0.00103623202714       -0.00011353513781        0.00095338011890
   1273        8.38668259574567        9.22165913184409       10.52547577966420        0.00092122372301       -0.00082791632477        0.00087841204802
   1274       10.01988175605279        9.91783375950746        9.99824803860643       -0.00001959832386        0.00004960166914       -0.00010235949751
   1274        9.86655973233869       11.75389778991802       10.08308655632460       -0.00104461458629       -0.00011773256480        0.00095579116181
   1274        8.39037951308077        9.21837349639515       10.52898617478753        0.00092691285848       -0.00081517446937        0.00087690675382
   1275       10.01980367216686        9.91803090039646        9.99783840307258       -0.00001942828147        0.00004896890961       -0.00010246291522
   1275        9.86236471670965       11.75341873550180       10.08691441619963       -0.00105278379691       -0.00012165976291        0.00095811770587
   1275        8.39409789861350        9.21513773608911       10.53249103369479        0.00093194150329       -0.00080299588763        0.00087565299621
   1276       10.01972632980100        9.91822551078431        9.99742833528468       -0.00001921463811        0.00004835472056       -0.00010257072471
   1276        9.85813746196338       11.75292451181474       10.09075149797154       -0.00106071355869       -0.00012531599474        0.00096043533658
   1276        8.39783504510710        9.21194952929414       10.53599139875719        0.00093628478696       -0.00079139946265        0.00087466379046
   1277       10.01964995506199        9.91841773816095        9.99701783727491       -0.00001893326325        0.00004779392269       -0.00010267145693
   1277        9.85387900824014       11.75241620754391       10.09459789889227       -0.00106835763976       -0.00012871006166        0.00096279901157
   1277        8.40158817690921        9.20880654038793       10.53948834401848        0.00093992952198       -0.00078038016625        0.00087394154367
   1278       10.01957486369500        9.91860786216585        9.99660696362927       -0.00001857069676        0.00004730834155       -0.00010274976259
   1278        9.84959060084531       11.75189483132150       10.09845389006408       -0.00107567514064       -0.00013187607178        0.00096524284490
   1278        8.40535448128295        9.20570648796413       10.54298293110652        0.00094285777091       -0.00076992480712        0.00087348379935
   1279       10.01950138948793        9.91879620489335        9.99619583917421       -0.00001812920567        0.00004689392669       -0.00010279397134
   1279        9.84527360711499       11.75136119896964       10.10231984165150       -0.00108265295626       -0.00013487794815        0.00096777341382
   1279        8.40913103907646        9.20264714193098       10.54647621441330        0.00094503960079       -0.00076002750407        0.00087329536788
   1280       10.01942983004963        9.91898301357937        9.99578461185851       -0.00001762073749        0.00004652454989       -0.00010281346007
   1280        9.84092937719526       11.75081580773631       10.10619607737461       -0.00108930995475       -0.00013781346346        0.00097035753883
   1280        8.41291479808929        9.19962626793161       10.54996929404960        0.00094645285586       -0.00075069920104        0.00087339618478
   1281       10.01936042358803        9.91916840129248        9.99537333149361       -0.00001706260218        0.00004617332163       -0.00010284353722
   1281        9.83655912747699       11.75025869126193       10.11008270196211       -0.00109569059815       -0.00014080245375        0.00097293471579
   1281        8.41670266192331        9.19664154832264       10.55346338389155        0.00094709924842       -0.00074196994911        0.00087381240607
   1282       10.01929332923221        9.91935240015242        9.99496186356078       -0.00001647442351        0.00004583333727       -0.00010292274842
   1282        9.83216385241009       11.74968938810629       10.11397955510095       -0.00110185704541       -0.00014394968098        0.00097544881800
   1282        8.42049159207662        9.19369050833873       10.55695979329813        0.00094699892998       -0.00073388179944        0.00087454626369
   1283       10.01922862819998        9.91953506799066        9.99454994950629       -0.00001587002084        0.00004551751581       -0.00010306484129
   1283        9.82774427111368       11.74910709381406       10.11788629250612       -0.00110787638767       -0.00014731659139        0.00097786455631
   1283        8.42427865336313        9.19077049392714       10.56045975400110        0.00094617805546       -0.00072647064050        0.00087555135237
   1284       10.01916636906550        9.91971654027890        9.99413734483042       -0.00001525222438        0.00004524180088       -0.00010326160613
   1284        9.82330084130876       11.74851085537515       10.12180247155147       -0.00111380490184       -0.00015092473375        0.00098016357100
   1284        8.42806101652029        9.18787874321476       10.56396420411711        0.00094465785106       -0.00071974423860        0.00087674676133
   1285       10.01910661040496        9.91989700239767        9.99372385665722       -0.00001462118860        0.00004501075909       -0.00010351032482
   1285        9.81883383189900       11.74789969594403       10.12572760107411       -0.00111967885364       -0.00015476776440        0.00098233903438
   1285        8.43183591617159        9.18501254001836       10.56747372809174        0.00094244442277       -0.00071367121439        0.00087806203945
   1286       10.01904939955667        9.92007662635162        9.99330926223187       -0.00001398758367        0.00004481335343       -0.00010382408662
   1286        9.81434341047964       11.74727271325999       10.12966118382651       -0.00112551698969       -0.00015881193581        0.00098439345623
   1286        8.43560057190248        9.18216937349964       10.57098870043268        0.00093952496829       -0.00070819253120        0.00087947004402
   1287       10.01899470973563        9.92025550922507        9.99289326396424       -0.00001337289484        0.00004462839892       -0.00010421334878
   1287        9.80982969598146       11.74662920045753       10.13360274872393       -0.00113133279005       -0.00016299078131        0.00098633419937
   1287        8.43935211591793        9.17934699976875       10.57450948844386        0.00093587164808       -0.00070325200884        0.00088098434259
   1288       10.01894241639797        9.92043365354300        9.99247555544166       -0.00001279498583        0.00004443921901       -0.00010466786530
   1288        9.80529274815923       11.74596878700953       10.13755185742146       -0.00113714089755       -0.00016720388354        0.00098816911347
   1288        8.44308754508715        9.17654335742892       10.57803657517343        0.00093145057343       -0.00069882345252        0.00088264112718
   1289       10.01889234984903        9.92061102297719        9.99205592104181       -0.00001225375024        0.00004424806747       -0.00010515689462
   1289        9.80073256880103       11.74529156938920       10.14150810163168       -0.00114294141810       -0.00017132826564        0.00098991042766
   1289        8.44680372050533        9.17375641214856       10.58157061746134        0.00092624312001       -0.00069491332387        0.00088449181408
   1290       10.01884438639603        9.92078763808274        9.99163430028466       -0.00001172849248        0.00004407595087       -0.00010563906479
   1290        9.79614921681445       11.74459816088443       10.14547114084272       -0.00114870148380       -0.00017524325272        0.00099158903723
   1290        8.45049749004724        9.17098405083797       10.58511250968611        0.00092027718782       -0.00069154427812        0.00088660035057
   1291       10.01879852190921        9.92096363058418        9.99121080852347       -0.00001118634963        0.00004394679852       -0.00010607513335
   1291        9.79154295693065       11.74388962336744       10.14944081392951       -0.00115436722668       -0.00017885582533        0.00099326468927
   1291        8.45416593800793        9.16822405792362       10.58866342026593        0.00091363992807       -0.00068873781309        0.00088902415875
   1292       10.01875489559899        9.92113921247094        9.99078569921790       -0.00001059622859        0.00004386971259       -0.00010644290847
   1292        9.78691427900098       11.74316731428183       10.15341725835690       -0.00115988953898       -0.00018211946802        0.00099501109780
   1292        8.45780660947179        9.16547414833327       10.59222470295613        0.00090645197343       -0.00068649819672        0.00089178256197
   1293       10.01871375208048        9.92131458828491        9.99035926525567       -0.00000994288615        0.00004383526080       -0.00010674454184
   1293        9.78226384061881       11.74243266762329       10.15740090271189       -0.00116521924381       -0.00018504676283        0.00099687932522
   1293        8.46141755379534        9.16273207234990       10.59579768076166        0.00089882331422       -0.00068479617611        0.00089484183896
   1294       10.01867535250979        9.92148989455731        9.98993174288319       -0.00000923425941        0.00004383061374       -0.00010699570161
   1294        9.77759252505046       11.74168694017921       10.16139229295863       -0.00117027780817       -0.00018770444598        0.00099886845238
   1294        8.46499719598553        9.15999577892436       10.59938343766778        0.00089082842832       -0.00068356850352        0.00089813560179
   1295       10.01863987800520        9.92166523319487        9.98950329964278       -0.00000849649219        0.00004385840120       -0.00010720450753
   1295        9.77290161815344       11.74093103205541       10.16539185033095       -0.00117495271168       -0.00019018681557        0.00100092135429
   1295        8.46854418122192        9.15726352432173       10.60298276557599        0.00088251491294       -0.00068273950084        0.00090160317988
   1296       10.01860738057225        9.92184076176687        9.98907410682297       -0.00000775832850        0.00004393882811       -0.00010736307356
   1296        9.76819290335705       11.74016544565466       10.16939966379294       -0.00117913268879       -0.00019258755515        0.00100293803848
   1296        8.47205731528902        9.15453386291766       10.60659626310683        0.00087392340764       -0.00068224011911        0.00090520687685
   1297       10.01857781137721        9.92201674381974        9.98864439505432       -0.00000703446792        0.00004409563668       -0.00010746476071
   1297        9.76346855664316       11.73939033161422       10.17341535463882       -0.00118274226956       -0.00019498486562        0.00100479574193
   1297        8.47553556848301        9.15180560336886       10.61022442059078        0.00086508899107       -0.00068200949598        0.00090891494175
   1298       10.01855110482887        9.92219352686031        9.98821438873726       -0.00000632048303        0.00004434217863       -0.00010753200336
   1298        9.75873096520057       11.73860556672967       10.17743802972841       -0.00118573839882       -0.00019743650003        0.00100637035087
   1298        8.47897802721757        9.14907778694982       10.61386758264084        0.00085602967068       -0.00068199729012        0.00091268403499
   1299       10.01852724751297        9.92237148124876        9.98778413902745       -0.00000560406598        0.00004467443414       -0.00010762317144
   1299        9.75398264945257       11.73781083961402       10.18146631744575       -0.00118808995401       -0.00019997986067        0.00100755145322
   1299        8.48238380584846        9.14634962504786       10.61752589287072        0.00084675281798       -0.00068217744307        0.00091646988622
   1300       10.01850627230104        9.92255092233345        9.98735340336573       -0.00000488046879        0.00004506886080       -0.00010780380115
   1300        9.74922624556851       11.73700572784433       10.18549844135414       -0.00118978710916       -0.00020263058072        0.00100825279569
   1300        8.48575204976143        9.14362036740525       10.62119934173060        0.00083728142031       -0.00068255834147        0.00092024484729
   1301       10.01848820376263        9.92273203213515        9.98692170861822       -0.00000415493952        0.00004548680053       -0.00010810244016
   1301        9.74446435257927       11.73618979496830       10.18953233981131       -0.00119087748913       -0.00020537602746        0.00100843527921
   1301        8.48908205721092        9.14088915831612       10.62488785164902        0.00082767149350       -0.00068318273411        0.00092399697559
   1302       10.01847303278488        9.92291481673768        9.98648858384444       -0.00000343303849        0.00004588635787       -0.00010848932515
   1302        9.73969922565550       11.73536271962469       10.19356592358779       -0.00119147828300       -0.00020817728229        0.00100814026747
   1302        8.49237342170943        9.13815490553237       10.62859131753534        0.00081800830087       -0.00068412658751        0.00092772723185
   1303       10.01846073945470        9.92309912299812        9.98605379401698       -0.00000271478079        0.00004623579105       -0.00010889845354
   1303        9.73493252631523       11.73452437671001       10.19759746195109       -0.00119174059273       -0.00021099135708        0.00100749759846
   1303        8.49562612361790        9.13541614561605       10.63230966950384        0.00080839157009       -0.00068549870353        0.00093145933037
   1304       10.01845131453855        9.92328470306608        9.98561739621614       -0.00000199876093        0.00004652079769       -0.00010927521887
   1304        9.73016530091367       11.73367478876806       10.20162590437548       -0.00119179613175       -0.00021380532198        0.00100669093000
   1304        8.49884055427018        9.13267091590413       10.63604299217828        0.00079892139339       -0.00068743288378        0.00093523948426
   1305       10.01844474936725        9.92347128937962        9.98517959226599       -0.00000128877786        0.00004674186784       -0.00010960962036
   1305        9.72539815726125       11.73281393413418       10.20565098939111       -0.00119172952409       -0.00021666395836        0.00100590773527
   1305        8.50201749476498        9.12991668254585       10.63979158537794        0.00078969336357       -0.00069006202533        0.00093911222381
   1306       10.01844100431565        9.92365863800883        9.98474051925325       -0.00000059800827        0.00004690652164       -0.00010993018449
   1306        9.72063146472095       11.73194147710117       10.20967316625767       -0.00119159291416       -0.00021966458757        0.00100529896595
   1306        8.50515810117870        9.12715041970149       10.64355588996875        0.00078079637792       -0.00069347210563        0.00094309528917
   1307       10.01843996530109        9.92384654155271        9.98430015079006        0.00000005051464        0.00004702842295       -0.00011026844416
   1307        9.71586541394795       11.73105661743362       10.21369338111868       -0.00119143922841       -0.00022290651772        0.00100494981015
   1307        8.50826386578833        9.12436890570078       10.64733634769129        0.00077229527370       -0.00069765796109        0.00094717429650
   1308       10.01844140843276        9.92403486539246        9.98385837169999        0.00000063128215        0.00004713592415       -0.00011062575338
   1308        9.71109995089363       11.73015822495942       10.21771276473890       -0.00119133041133       -0.00022643805504        0.00100486785358
   1308        8.51133646336827        9.12156915601274       10.65113328434071        0.00076420981873       -0.00070250690186        0.00095131107164
   1309       10.01844501555826        9.92422362894590        9.98341514476298        0.00000112967431        0.00004727510280       -0.00011096791862
   1309        9.70633477065730       11.72924511299330       10.22173232394735       -0.00119130532948       -0.00023025483951        0.00100499357141
   1309        8.51437754433818        9.11874885048588       10.65494683626439        0.00075652157257       -0.00070781225282        0.00095545010955
   1310       10.01845044582727        9.92441306621488        9.98297062835105        0.00000154838466        0.00004749465374       -0.00011124835147
   1310        9.70156950825776       11.72831618624331       10.22575271331016       -0.00119133920372       -0.00023432936241        0.00100521988312
   1310        8.51738863594887        9.11590665799019       10.65877688521710        0.00074920201248       -0.00071331501757        0.00095951536136
   1311       10.01845740263552        9.92460358617582        9.98252515795125        0.00000189946574        0.00004782162084       -0.00011144172398
   1311        9.69680405702754       11.72737047809403       10.22977408301233       -0.00119133689110       -0.00023861926536        0.00100541489241
   1311        8.52037116043803        9.11304233034532       10.66262295915527        0.00074223071904       -0.00071877061329        0.00096340596850
   1312       10.01846564155316        9.92479563918159        9.98207909455925        0.00000219073697        0.00004824995768       -0.00011156687611
   1312        9.69203881312898       11.72640723212045       10.23379603244946       -0.00119116620926       -0.00024306001311        0.00100545119715
   1312        8.52332648170117        9.11015649308386       10.66648413296508        0.00073559969743       -0.00072400338895        0.00096701180848
   1313       10.01847492853126        9.92498958583727        9.98163262294238        0.00000241897893        0.00004875329786       -0.00011167959318
   1313        9.68727472735343       11.72542599798915       10.23781769258950       -0.00119069556986       -0.00024757382938        0.00100522830398
   1313        8.52625595801750        9.10725030323375       10.67035905362311        0.00072931370953       -0.00072891868804        0.00097025201636
   1314       10.01848499338463        9.92518566556446        9.98118565781379        0.00000257349906        0.00004930879748       -0.00011183031989
   1314        9.68251324857014       11.72442664148544       10.24183785888127       -0.00118980698529       -0.00025208781873        0.00100468015059
   1314        8.52916099137744        9.10432514357952       10.67424614909592        0.00072339026802       -0.00073350249694        0.00097310260640
   1315       10.01849551652371        9.92538405621708        9.98073798038327        0.00000264652989        0.00004990598869       -0.00011201737630
   1315        9.67775627147109       11.72340929543931       10.24585513379423       -0.00118840241881       -0.00025654001146        0.00100378156159
   1315        8.53204308016167        9.10138228325819       10.67814387447431        0.00071786919393       -0.00073782785487        0.00097557855239
   1316       10.01850616562377        9.92558491347402        9.98028951880338        0.00000264439048        0.00005053264254       -0.00011218142782
   1316        9.67300602921965       11.72237432139379       10.24986811137399       -0.00118642371912       -0.00026087654694        0.00100254889507
   1316        8.53490394492890        9.09842252074059       10.68205077751505        0.00071282646494       -0.00074202861950        0.00097768968007
   1317       10.01851667164757        9.92578831735741        9.97984052896072        0.00000259292194        0.00005115949846       -0.00011224933516
   1317        9.66826488171811       11.72132228306379       10.25387552495482       -0.00118386008862       -0.00026505669981        0.00100101558536
   1317        8.53774569188115        9.09544605430222       10.68596539191488        0.00070836236297       -0.00074623466293        0.00097942775440
   1318       10.01852690899930        9.92599418946167        9.97939152412209        0.00000253185601        0.00005174730852       -0.00011219033908
   1318        9.66353514851072       11.72025386779532       10.25787623605686       -0.00118072670974       -0.00026907114077        0.00099919876495
   1318        8.54057084383262        9.09245264343713       10.68988619955027        0.00070456379289       -0.00075052266080        0.00098079678185
   1319       10.01853692649563        9.92620229582560        9.97894300624811        0.00000249552517        0.00005227138699       -0.00011204143272
   1319        9.65881906804016       11.71916971393766       10.26186911507439       -0.00117705293852       -0.00027295320426        0.00099708875501
   1319        8.54338220222424        9.08944187301581       10.69381176616970        0.00070147863708       -0.00075490339545        0.00098183214483
   1320       10.01854687320066        9.92641236055762        9.97849519266030        0.00000248717827        0.00005273881297       -0.00011188120860
   1320        9.65411872500257       11.71807024216125       10.26585294609694       -0.00117290056068       -0.00027676014297        0.00099466326217
   1320        8.54618267292925        9.08641341627353       10.69774085670890        0.00069911718376       -0.00075932697387        0.00098257452354
   1321       10.01855682392180        9.92662420632933        9.97804795657930        0.00000246836720        0.00005318258559       -0.00011177006325
   1321        9.64943586355469       11.71695563279389       10.26982642117174       -0.00116837392324       -0.00028054389159        0.00099191509223
   1321        8.54897513969435        9.08336725722484       10.70167236235798        0.00069746779188       -0.00076370489994        0.00098303393331
   1322       10.01856662013830        9.92683782124232        9.97760103215431        0.00000237952238        0.00005363903951       -0.00011170999959
   1322        9.64477173361662       11.71582589102851       10.27378826683477       -0.00116359794482       -0.00028435082705        0.00098888176464
   1322        8.55176241526430        9.08030377707401       10.70560512817535        0.00069652136331       -0.00076794132776        0.00098318351296
   1323       10.01857586010081        9.92705331864541        9.97715427658260        0.00000217679857        0.00005412626137       -0.00011165867448
   1323        9.64012707999614       11.71468082617753       10.27773747528884       -0.00115868583380       -0.00028824371303        0.00098564966921
   1323        8.55454731060085        9.07722372660280       10.70953783046166        0.00069629431320       -0.00077194804183        0.00098297539962
   1324       10.01858403452684        9.92727083133324        9.97670776275844        0.00000185154962        0.00005463623687       -0.00011157105493
   1324        9.63550224694621       11.71351994132426       10.28167346418847       -0.00115371452252       -0.00029230852737        0.00098231902939
   1324        8.55733276976991        9.07412819273937       10.71346893137233        0.00069682944107       -0.00077565141584        0.00098235549479
   1325       10.01859067249775        9.92749040854034        9.97626170814317        0.00000141857558        0.00005514199476       -0.00011142209948
   1325        9.63089736381599       11.71234235795856       10.28559602752397       -0.00114871013720       -0.00029663906916        0.00097896139583
   1325        8.56012194612941        9.07101851527610       10.71739667441997        0.00069817933385       -0.00077901480192        0.00098127069567
   1326       10.01859538313149        9.92771196729130        9.97581638596263        0.00000089068465        0.00005561387651       -0.00011120044651
   1326        9.62631256584863       11.71114682877096       10.28950515535514       -0.00114364702354       -0.00030131494556        0.00097560643546
   1326        8.56291820444069        9.06789607432402       10.72131909693773        0.00070039827779       -0.00078205767328        0.00097967502635
   1327       10.01859779797495        9.92793531955242        9.97537210457107        0.00000026656281        0.00005603704685       -0.00011089482609
   1327        9.62174818762766       11.70993183839405       10.29340087900763       -0.00113845412519       -0.00030637939240        0.00097225366731
   1327        8.56572513235176        9.06476205388984       10.72523407463080        0.00070354607244       -0.00078484285932        0.00097754084869
   1328       10.01859751563393        9.92816026366613        9.97492922735391       -0.00000045661918        0.00005642141542       -0.00011049718407
   1328        9.61720493284712       11.70869579363175       10.29728318469362       -0.00113302233246       -0.00031182303187        0.00096888110510
   1328        8.56854657302025        9.06161733144949       10.72913942372726        0.00070768243292       -0.00078744568862        0.00097486742667
   1329       10.01859414502149        9.92838669087578        9.97448812709855       -0.00000126163194        0.00005679629891       -0.00011002484056
   1329        9.61268400896794       11.70743725413913       10.30115192784845       -0.00112722772320       -0.00031758546988        0.00096543919252
   1329        8.57138659181513        9.05846248838091       10.73303301404415        0.00071284404240       -0.00078993538518        0.00097167413799
   1330       10.01858742257840        9.92861463405738        9.97404902862946       -0.00000210955788        0.00005719021294       -0.00010952876841
   1330        9.60818711106154       11.70615510987271       10.30500669823381       -0.00112097524060       -0.00032357664180        0.00096184763232
   1330        8.57424932535947        9.05529784836802       10.73691281683117        0.00071902386961       -0.00079237103805        0.00096798459674
   1331       10.01857726855842        9.92884421257929        9.97361189695123       -0.00000296441444        0.00005760975015       -0.00010905848527
   1331        9.60371620704318       11.70484864100475       10.30884670890703       -0.00111423146832       -0.00032970280794        0.00095801834035
   1331        8.57713878277198        9.05212352007648       10.74077689081806        0.00072617283514       -0.00079479415525        0.00096381592214
   1332       10.01856370726287        9.92907551205859        9.97317656074732       -0.00000381717187        0.00005803698321       -0.00010861414055
   1332        9.59927325931501       11.70351748740916       10.31267084495660       -0.00110702247425       -0.00033587400722        0.00095389621164
   1332        8.58005870804062        9.04893949512601       10.74462334420832        0.00073421797561       -0.00079721589239        0.00095917725252
   1333       10.01854673118347        9.92930850844495        9.97274298382679       -0.00000468526678        0.00005844848743       -0.00010814425728
   1333        9.59486002724919       11.70216164894696       10.31647787860018       -0.00109941146238       -0.00034198920020        0.00094948126867
   1333        8.58301252657689        9.04574579293740       10.74845030883818        0.00074307865659       -0.00079961569987        0.00095408077499
   1334       10.01852622512863        9.92954309995800        9.97231140668906       -0.00000559478466        0.00005883326670       -0.00010759217938
   1334        9.59047796761598       11.70078157380752       10.32026669510594       -0.00109148137024       -0.00034793276367        0.00094481632332
   1334        8.58600333729336        9.04254256952705       10.75225599040827        0.00075267680570       -0.00080195198717        0.00094855604117
   1335       10.01850197290615        9.92977917457857        9.97188224639173       -0.00000656556552        0.00005918727409       -0.00010694047322
   1335        9.58612817628726       11.69937818683761       10.32403640918671       -0.00108332983921       -0.00035361042136        0.00093996085984
   1335        8.58903394102251        9.03933017704005       10.75603875716751        0.00076294805652       -0.00080417043820        0.00094264061037
   1336       10.01847370060444        9.93001659815073        9.97145588290330       -0.00000760807556        0.00005949630454       -0.00010621849270
   1336        9.58181132890230       11.69795269043665       10.32778638198463       -0.00107506230823       -0.00035899753024        0.00093496830451
   1336        8.59210692174553        9.03610920602143       10.75979711529124        0.00077385424035       -0.00080621361959        0.00093635389213
   1337       10.01844110830170        9.93025514501489        9.97103249845014       -0.00000873007105        0.00005973992420       -0.00010547839968
   1337        9.57752767782145       11.69650620659572       10.33151615562280       -0.00106676271582       -0.00036415185060        0.00092986475140
   1337        8.59522477494530        9.03288046808332       10.76352958830458        0.00078538782331       -0.00080803564772        0.00092969355327
   1338       10.01840386003606        9.93049451754432        9.97061205570585       -0.00000994479035        0.00005992000127       -0.00010475993400
   1338        9.57327722717571       11.69503947563182       10.33522529999581       -0.00105845484317       -0.00036918257616        0.00092463900785
   1338        8.59839002433204        9.02964492083969       10.76723466371743        0.00079755806478       -0.00080960334853        0.00092264932516
   1339       10.01836154997889        9.93073450502509        9.97019441897816       -0.00001126829568        0.00006007754896       -0.00010406533427
   1339        9.56906003907611       11.69355274598642       10.33891326768562       -0.00105010003050       -0.00037420103583        0.00091926081126
   1339        8.60160523946356        9.02640364129510       10.77091078290587        0.00081036671122       -0.00081088377009        0.00091520049848
   1340       10.01831371367062        9.93097513793603        9.96977953303166       -0.00001270474034        0.00006027176588       -0.00010336304598
   1340        9.56487642693168       11.69204586734515       10.34257938648586       -0.00104163727212       -0.00037927702556        0.00091370874646
   1340        8.60487295802183        9.02315785067896       10.77455626770524        0.00082379740325       -0.00081184289065        0.00090731132099
   1341       10.01825991205620        9.93121667915212        9.96936751461032       -0.00001423705223        0.00006054065393       -0.00010261962112
   1341        9.56072694089917       11.69051852978197       10.34622293765732       -0.00103301492588       -0.00038441578877        0.00090797288941
   1341        8.60819561868957        9.01990889816993       10.77816927347380        0.00083782119551       -0.00081245478019        0.00089894939677
   1342       10.01819981725280        9.93145946316747        9.96895857606274       -0.00001583586369        0.00006087957526       -0.00010183142093
   1342        9.55661230752467       11.68897054103500       10.34984316960113       -0.00102419113150       -0.00038956451830        0.00090204066783
   1342        8.61157552758590        9.01665821243740       10.78174786287940        0.00085239696003       -0.00081270705247        0.00089010484141
   1343       10.01813322514665        9.93170371575420        9.96855286324289       -0.00001747553099        0.00006125034365       -0.00010102488577
   1343        9.55253341184720       11.68740201363558       10.35343926300000       -0.00101513363706       -0.00039464309558        0.00089589964108
   1343        8.61501479436981        9.01340724175019       10.78529011220508        0.00086746982596       -0.00081260977921        0.00088078782179
   1344       10.01806001300488        9.93194946591666        9.96815037697660       -0.00001914032364        0.00006160883143       -0.00010022598797
   1344        9.54849123842815       11.68581339627032       10.35701036672979       -0.00100582982562       -0.00039957226428        0.00088955411324
   1344        8.61851528619358        9.01015733420375       10.78879416545375        0.00088298617096       -0.00081220411309        0.00087101652415
   1345       10.01798010255755        9.93219658640567        9.96775105533916       -0.00002082041706        0.00006193167503       -0.00009942992464
   1345        9.54448677324227       11.68420543552130       10.36055569590594       -0.00099628407008       -0.00040427430449        0.00088303085559
   1345        8.62207868373748        9.00690960884543       10.79225824439826        0.00089890936543       -0.00081155363116        0.00086081219063
   1346       10.01789344966837        9.93244491931690        9.96735493757948       -0.00002250649543        0.00006222384757       -0.00009859887462
   1346        9.54052096586754       11.68257920183441       10.36407461357449       -0.00098650406375       -0.00040866690024        0.00087637443020
   1346        8.62570656111703        9.00366490515445       10.79568066297881        0.00091521446656       -0.00081073179494        0.00085021077305
   1347       10.01780005059414        9.93269437718624        9.96696226434222       -0.00002418775938        0.00006250105850       -0.00009769000227
   1347        9.53659474073224       11.68093610031938       10.36756669134757       -0.00097649966852       -0.00041269217707        0.00086964125215
   1347        8.62940039946995        9.00042375448590       10.79905993058268        0.00093187799196       -0.00080982121074        0.00083928201643
   1348       10.01769994759329        9.93294492778487        9.96657341756133       -0.00002585520428        0.00006276354713       -0.00009669126981
   1348        9.53270896851937       11.67927766441782       10.37103174359173       -0.00096629511690       -0.00041635972676        0.00086288763543
   1348        8.63316158505272        8.99718633546854       10.80239491911026        0.00094887615380       -0.00080890755568        0.00082812135358
   1349       10.01759320895993        9.93319648556332        9.96618873418371       -0.00002750823835        0.00006298763777       -0.00009563224597
   1349        9.52886437979705       11.67760522250532       10.37446979243100       -0.00095593714544       -0.00041973850564        0.00085615629328
   1349        8.63699140870034        8.99395249404043       10.80568490141136        0.00096617832644       -0.00080806395253        0.00081681005898
   1350       10.01747988168647        9.93344882888706        9.96580835959355       -0.00002915647515        0.00006314429257       -0.00009455619626
   1350        9.52506147135584       11.67591975637268       10.37788099393797       -0.00094548684902       -0.00042290334650        0.00084947459502
   1350        8.64089101166425        8.99072182384827       10.80892939958213        0.00098374198939       -0.00080734674401        0.00080538810250
   1351       10.01735995715870        9.93370163990386        9.96543228461363       -0.00003081332835        0.00006322732354       -0.00009347970635
   1351        9.52130048500489       11.67422199573330       10.38126558919120       -0.00093499526325       -0.00042590499510        0.00084285487168
   1351        8.64486134461542        8.98749372008831       10.81212800623134        0.00100152925951       -0.00080680269562        0.00079386070100
   1352       10.01723337505965        9.93395464747540        9.96506052194278       -0.00003248996477        0.00006326387271       -0.00009238069574
   1352        9.51758150924987       11.67251251641184       10.38462383291142       -0.00092448418758       -0.00042877871799        0.00083627820008
   1352        8.64890324574036        8.98426740228331       10.81528028519016        0.00101952605835       -0.00080647113879        0.00078221723914
   1353       10.01710003744054        9.93420775088555        9.96469323904772       -0.00003419582545        0.00006329569086       -0.00009122500445
   1353        9.51390461150423       11.67079176598939       10.38795581479183       -0.00091395785280       -0.00043155077560        0.00082967564050
   1353        8.65301755308220        8.98104195097796       10.81838574414445        0.00103773067955       -0.00080637224140        0.00077044834007
   1354       10.01695980845603        9.93446101300225        9.96433072190717       -0.00003593940330        0.00006334771832       -0.00009000356002
   1354        9.51026984642746       11.66906011020708       10.39126123803543       -0.00090343004458       -0.00043423337335        0.00082293972365
   1354        8.65720509117678        8.97781642435207       10.82144387191071        0.00105612247312       -0.00080648039969        0.00075855419552
   1355       10.01681252221413        9.93471453263208        9.96397321056759       -0.00003772337057        0.00006341315665       -0.00008874524475
   1355        9.50667717114761       11.66731789900258       10.39453933258105       -0.00089292379355       -0.00043682624663        0.00081596649240
   1355        8.66146653286719        8.97459010778046       10.82445417770858        0.00107464356013       -0.00080671005594        0.00074653721871
   1356       10.01665802149144        9.93496831825544        9.96362075994915       -0.00003953978169        0.00006346833521       -0.00008749595599
   1356        9.50312645607903       11.66556550023400       10.39778896997461       -0.00088244059669       -0.00043932248575        0.00080868967316
   1356        8.66580223965781        8.97136274390455       10.82741616966036        0.00109320005599       -0.00080695022041        0.00073439527587
   1357       10.01649620396057        9.93522227931375        9.96327324291970       -0.00004137361134        0.00006350236717       -0.00008628659323
   1357        9.49961764637408       11.66380331911657       10.40100884996634       -0.00087194136133       -0.00044171024211        0.00080108000103
   1357        8.67021213331514        8.96813450601718       10.83032933991555        0.00111167474446       -0.00080711971743        0.00072212862449
   1358       10.01632703260070        9.93547633719282        9.96293046720329       -0.00004321307515        0.00006353287758       -0.00008511968313
   1358        9.49615092518842       11.66203181829713       10.40419760998283       -0.00086136284686       -0.00044397250181        0.00079312997304
   1358        8.67469563761348        8.96490578616510       10.83319319865627        0.00112995553427       -0.00080718398603        0.00070974251480
   1359       10.01615049935936        9.93573054233441        9.96259228545466       -0.00004505705588        0.00006359224750       -0.00008398035794
   1359        9.49272674359919       11.66025153910210       10.40735388975067       -0.00085064980588       -0.00044608183781        0.00078485893238
   1359        8.67925177758926        8.96167703412892       10.83600728003395        0.00114797824717       -0.00080714411359        0.00069723913794
   1360       10.01596657615367        9.93598507517283        9.96225862433974       -0.00004691308279        0.00006369734007       -0.00008285430813
   1360        9.48934572674136       11.65846316359468       10.41047648144184       -0.00083977698836       -0.00044799187359        0.00077633199066
   1360        8.68387946359082        8.95844863325641       10.83877111175978        0.00116575544396       -0.00080703995384        0.00068461534797
   1361       10.01577519469708        9.93624012105499        9.96192945098964       -0.00004878879969        0.00006383233944       -0.00008173619845
   1361        9.48600852769230       11.65666760411334       10.41356454567592       -0.00082875676381       -0.00044964432734        0.00076765603086
   1361        8.68857782114095        8.95522071449821       10.84148420281769        0.00118336389056       -0.00080695230131        0.00067186429616
   1362       10.01557626575613        9.93649573388834        9.96160473475216       -0.00005068389470        0.00006396118515       -0.00008062587912
   1362        9.48271567263088       11.65486600897593       10.41661772968870       -0.00081763593437       -0.00045099580537        0.00075894906972
   1362        8.69334637471534        8.95199301484592       10.84414602612906        0.00120089975171       -0.00080697935370        0.00065897736484
   1363       10.01536972353946        9.93675181053619        9.96128444395666       -0.00005258588975        0.00006405553085       -0.00007952055287
   1363        9.47946744021736       11.65305963767038       10.41963613823372       -0.00080647776081       -0.00045203706193        0.00075031795455
   1363        8.69818501915461        8.94876487966860       10.84675602173638        0.00121843276796       -0.00080720969931        0.00064596417899
   1364       10.01515557863812        9.93700817813514        9.96096857032921       -0.00005447086703        0.00006410887313       -0.00007841201084
   1364        9.47626385054443       11.65124971248046       10.42262027332512       -0.00079533120176       -0.00045278634511        0.00074185684177
   1364        8.70309383685901        8.94553533725145       10.84931373956101        0.00123597873607       -0.00080771262670        0.00063288261030
   1365       10.01493395660324        9.93726468152119        9.96065714786992       -0.00005631147143        0.00006412622163       -0.00007728896037
   1365        9.47310479060327       11.64943734690954       10.42557099296791       -0.00078420927295       -0.00045327634415        0.00073364100895
   1365        8.70807284904317        8.94230317865504       10.85181908261880        0.00125349484935       -0.00080853844802        0.00061983801870
   1366       10.01470508686665        9.93752118790818        9.96035025864628       -0.00005809122216        0.00006411022377       -0.00007613912854
   1366        9.46999017636086       11.64762350172728       10.42848940139675       -0.00077309680418       -0.00045355576000        0.00072570555307
   1366        8.71312179565384        8.93906702966730       10.85427244371058        0.00127089727292       -0.00080972400788        0.00060694672423
   1367       10.01446922682599        9.93777756331134        9.96004803484160       -0.00005981566354        0.00006406643759       -0.00007495289888
   1367        9.46692001616987       11.64580890082955       10.43137663739248       -0.00076197857747       -0.00045368725506        0.00071803222224
   1367        8.71824002722656        8.93582538659199       10.85667465641260        0.00128809125514       -0.00081129970259        0.00059430343029
   1368       10.01422656155830        9.93803371940893        9.95975063545527       -0.00006150905423        0.00006401815026       -0.00007373257896
   1368        9.46389434774109       11.64399400368684       10.43423365917465       -0.00075086278747       -0.00045371598148        0.00071056083838
   1368        8.72342652569499        8.93257663204662       10.85902687115292        0.00130499722222       -0.00081328943206        0.00058197548300
   1369       10.01397715439216        9.93828970851340        9.95945817420995       -0.00006319605509        0.00006400337880       -0.00007250018071
   1369        9.46091311387007       11.64217917297771       10.43706112409953       -0.00073978685454       -0.00045362776000        0.00070321450669
   1369        8.72868000500432        8.92931907113548       10.86133046027656        0.00132156191315       -0.00081570781492        0.00057001006059
   1370       10.01372099311760        9.93854574643932        9.95917063400962       -0.00006488088340        0.00006405039892       -0.00007129317990
   1370        9.45797605290480       11.64036498160685       10.43985937522817       -0.00072880429675       -0.00045333546655        0.00069592114614
   1370        8.73399902100021        8.92605096952723       10.86358695163767        0.00133775280806       -0.00081855718812        0.00055843395441
   1371       10.01345810732493        9.93880211170474        9.95888782877078       -0.00006653967566        0.00006415542340       -0.00007015051011
   1371        9.45508267949605       11.63855248924528       10.44262849326863       -0.00071795831195       -0.00045269650880        0.00068862490136
   1371        8.73938202746882        8.92277061363051       10.86579793191185        0.00135354206392       -0.00082181241927        0.00054724195603
   1372       10.01318867571235        9.93905898982649        9.95860942992874       -0.00006813491279        0.00006428140655       -0.00006909817504
   1372        9.45223238640923       11.63674340953647       10.44536837443909       -0.00070726170527       -0.00045154631573        0.00068129086383
   1372        8.74482735751155        8.91947647017311       10.86796488728594        0.00136889149826       -0.00082540579092        0.00053639010873
   1373       10.01291302802261        9.93931636295714        9.95833504337044       -0.00006964592937        0.00006437704990       -0.00006813828766
   1373        9.44942458585386       11.63494011871942       10.44807882017928       -0.00069670021409       -0.00044974830876        0.00067390457900
   1373        8.75033315945492        8.91616736730312       10.87008905278169        0.00138374506074       -0.00082924690730        0.00052581414659
   1374       10.01263150827739        9.93957400622567        9.95806432362744       -0.00007109128744        0.00006440359247       -0.00006724499897
   1374        9.44665878469651       11.63314542306639       10.45075961107105       -0.00068625008198       -0.00044724568818        0.00066646227007
   1374        8.75589731799745        8.91284249491467       10.87217140045866        0.00139802849616       -0.00083326859056        0.00051546664347
   1375       10.01234429772306        9.93983159169686        9.95779708337865       -0.00007251820541        0.00006435376071       -0.00006637468974
   1375        9.44393458519802       11.63136215321400       10.45341051833985       -0.00067589360628       -0.00044407482723        0.00065895971976
   1375        8.76151738742424        8.90950121857865       10.87421278592948        0.00141165951675       -0.00083744964819        0.00050534020363
   1376       10.01205136263415        9.94008883631136        9.95753332610954       -0.00007396494594        0.00006425279106       -0.00006548729714
   1376        9.44125163584626       11.62959282444855       10.45603128882916       -0.00066563166432       -0.00044033166423        0.00065139797566
   1376        8.76719059413144        8.90614289772914       10.87621412208773        0.00142456910085       -0.00084180497509        0.00049546151488
   1377       10.01175257815551        9.94034561402536        9.95727318500150       -0.00007543159204        0.00006414502929       -0.00006456200168
   1377        9.43860953188344       11.62783949990019       10.45862170214510       -0.00065548804691       -0.00043612741659        0.00064379751813
   1377        8.77291394023101        8.90276677877794       10.87817647804850        0.00143671873564       -0.00084637630471        0.00048587561507
   1378       10.01144790989785        9.94060199654564        9.95701683009609       -0.00007688353740        0.00006407599958       -0.00006359994755
   1378        9.43600773147101       11.62610380511584       10.46118166897423       -0.00064549453638       -0.00043156111165        0.00063619176436
   1378        8.77868434401655        8.89937188729144       10.88010112700827        0.00144810083090       -0.00085123200762        0.00047663655383
   1379       10.01113750985629        9.94085822202204        9.95676438542111       -0.00007827837437        0.00006407588078       -0.00006262293209
   1379        9.43344557559240       11.62438701100699       10.46371123626002       -0.00063567381248       -0.00042671049727        0.00062860509979
   1379        8.78449874687817        8.89595692271702       10.88198957047914        0.00145873527085       -0.00085645630541        0.00046779965540
   1380       10.01082168290287        9.94111460359189        9.95651584663937       -0.00007959246432        0.00006415039002       -0.00006166902199
   1380        9.43092234097114       11.62269012113765       10.46621050977254       -0.00062604775698       -0.00042163947306        0.00062104902766
   1380        8.79035422618338        8.89252023684818       10.88384352425143        0.00146867860072       -0.00086212528699        0.00045941490847
   1381       10.01050077014173        9.94137142514221        9.95627103324521       -0.00008083048117        0.00006428573965       -0.00006077426764
   1381        9.42843719353653       11.62101389522254       10.46867962848129       -0.00061665322794       -0.00041641550867        0.00061353721042
   1381        8.79624817568390        8.88905992042106       10.88566488974690        0.00147803195136       -0.00086828312927        0.00045152251162
   1382       10.01017503905353        9.94162888950911        9.95602965249826       -0.00008201387281        0.00006446311171       -0.00005994598502
   1382        9.42598911514763       11.61935879706832       10.47111880745593       -0.00060752491100       -0.00041111912433        0.00060609051735
   1382        8.80217848179423        8.88557397181402       10.88745570434442        0.00148692112235       -0.00087493018980        0.00044413676753
   1383       10.00984465915927        9.94188713003593        9.95579146536504       -0.00008315977675        0.00006466893407       -0.00005915246763
   1383        9.42357699424855       11.61772494222790       10.47352835262013       -0.00059865627422       -0.00040583234831        0.00059872594943
   1383        8.80814354466271        8.88206047890270       10.88921798388717        0.00149545294234       -0.00088203307253        0.00043722476621
   1384       10.00950976083954        9.94214624098169        9.95555643275722       -0.00008426967416        0.00006489594872       -0.00005834242145
   1384        9.42119986495390       11.61611213828183       10.47590861505140       -0.00058999089289       -0.00040061371129        0.00059144798068
   1384        8.81414210533292        8.87851770723377       10.89095350247410        0.00150368116518       -0.00088954761161        0.00043071658152
   1385       10.00917050176601        9.94240629762567        9.95532472599342       -0.00008533506736        0.00006514083022       -0.00005748168020
   1385        9.41885706710542       11.61452003253754       10.47825993646557       -0.00058145919481       -0.00039548298142        0.00058425204642
   1385        8.82017299398417        8.87494409800981       10.89266371653934        0.00151160139100       -0.00089742583915        0.00042454518406
   1386       10.00882708030068        9.94266736762345        9.95509657931565       -0.00008635095353        0.00006540139097       -0.00005658149788
   1386        9.41654819139543       11.61294827443047       10.48058263142278       -0.00057302109826       -0.00039042707118        0.00057713392396
   1386        8.82623491646094        8.87133830052057       10.89434986394660        0.00151916244503       -0.00090560789425        0.00041866752641
   1387       10.00847969413779        9.94292950875347        9.95487207401036       -0.00008732439177        0.00006567216051       -0.00005569582193
   1387        9.41427289831936       11.61139661596813       10.48287700785722       -0.00056468075079       -0.00038540816708        0.00057009656797
   1387        8.83232629354437        8.86769923485582       10.89601305675061        0.00152627930430       -0.00091403379967        0.00041305744392
   1388       10.00812848516649        9.94319274490750        9.95465101274022       -0.00008827082599        0.00006594026221       -0.00005488742423
   1388        9.41203074538908       11.60986500909384       10.48514340396654       -0.00055648123939       -0.00038035811527        0.00056315322571
   1388        8.83844515089537        8.86402603012322       10.89765432349794        0.00153285494396       -0.00092267627004        0.00040770415534
   1389       10.00777352752986        9.94345703085112        9.95443297461648       -0.00008920084115        0.00006618462233       -0.00005419203970
   1389        9.40982104840428       11.60835375104596       10.48738223366289       -0.00054849420147       -0.00037518243923        0.00055632938854
   1389        8.84458913309608        8.86031782469554       10.89927468999330        0.00153881611029       -0.00093155294587        0.00040261500137
   1390       10.00741487843730        9.94372222188612        9.95421747642258       -0.00009011129494        0.00006637899273       -0.00005360977008
   1390        9.40764279177733       11.60686354958001       10.48959403907485       -0.00054079518817       -0.00036979771867        0.00054966066995
   1390        8.85075567977771        8.85657360655623       10.90087524350891        0.00154413983754       -0.00094070257634        0.00039779959954
   1391       10.00705263717031        9.94398806279298        9.95400409645584       -0.00009099153493        0.00006650027152       -0.00005312211876
   1391        9.40549468689893       11.60539536929662       10.49177951902248       -0.00053342342894       -0.00036417532888        0.00054318248275
   1391        8.85694225179642        8.85279220408478       10.90245708678966        0.00154885149833       -0.00095015468781        0.00039325383144
   1392       10.00668694615788        9.94425422405828        9.95379249947251       -0.00009183705553        0.00006654227936       -0.00005271144438
   1392        9.40337540434584       11.60395014694897       10.49393949893685       -0.00052635855628       -0.00035834886497        0.00053691569220
   1392        8.86314649176432        8.84897236905377       10.90402127416045        0.00155301091111       -0.00095991657846        0.00038897038856
   1393       10.00631794072605        9.94452040102787        9.95358240490077       -0.00009265434096        0.00006652544177       -0.00005236537740
   1393        9.40128381844870       11.60252857837686       10.49607484456006       -0.00051953720595       -0.00035238837781        0.00053085734464
   1393        8.86936633908531        8.84511287145709       10.90556884989817        0.00155670275502       -0.00096997011752        0.00038495841741
   1394       10.00594571143024        9.94478642759242        9.95337357645333       -0.00009345170345        0.00006648991894       -0.00005206746487
   1394        9.39921910669827       11.60113103992646       10.49818635769394       -0.00051288877637       -0.00034637542282        0.00052498649201
   1394        8.87560011380447        8.84121260811361       10.90710094149973        0.00156002004768       -0.00098026706276        0.00038124349765
   1395       10.00557032709845        9.94505232037941        9.95316586518181       -0.00009422552023        0.00006647575993       -0.00005179099871
   1395        9.39718070823772       11.59975757499429       10.50027473649616       -0.00050636255414       -0.00034038795758        0.00051928721045
   1395        8.88184649946678        8.83727073495503       10.90861879787935        0.00156303949097       -0.00099073267052        0.00037785134619
   1396       10.00519190726842        9.94531823367190        9.95295924846362       -0.00009495639770        0.00006650853806       -0.00005150803592
   1396        9.39516820626516       11.59840793626581       10.50234065537751       -0.00049994012339       -0.00033447882613        0.00051376520578
   1396        8.88810442973221        8.83328674674946       10.91012375226926        0.00156580686135       -0.00100128776555        0.00037480057944
   1397       10.00481067591684        9.94558438868391        9.95275380089448       -0.00009562201605        0.00006659915409       -0.00005120124672
   1397        9.39318118725057       11.59708174438528       10.50438485814244       -0.00049363276966       -0.00032865277553        0.00050843310584
   1397        8.89437295435758        8.82926043283061       10.91161720251486        0.00156833353095       -0.00101187182954        0.00037211944706
   1398       10.00442693114002        9.94585102690465        9.95254963848983       -0.00009621602996        0.00006674776861       -0.00005086201775
   1398        9.39121914410792       11.59577871406157       10.50640812022424       -0.00048746777750       -0.00032286703738        0.00050328688593
   1398        8.90065109797981        8.82519177211316       10.91310070784577        0.00157060081481       -0.00102244536097        0.00036986281294
   1399       10.00404094767719        9.94611837083277        9.95234690475250       -0.00009675347718        0.00006694367501       -0.00005048576823
   1399        9.38928144503054       11.59449880808620       10.50841115322987       -0.00048147734605       -0.00031704934610        0.00049831222964
   1399        8.90693776087605        8.82108086994281       10.91457610501835        0.00157258402590       -0.00103297744500        0.00036808647050
   1400       10.00365290332256        9.94638657630476        9.95214575234401       -0.00009725678683        0.00006716667007       -0.00005008171524
   1400        9.38736732533951       11.59324231929277       10.51039461806134       -0.00047569421510       -0.00031110566817        0.00049350712086
   1400        8.91323177018705        8.81692795255318       10.91604539960974        0.00157427984357       -0.00104343363969        0.00036679112571
   1401       10.00326289338257        9.94665570419336        9.95194625103060       -0.00009773708688        0.00006739394235       -0.00004968184979
   1401        9.38547589130972       11.59200996274086       10.51235921019673       -0.00047014693797       -0.00030493125463        0.00048888095249
   1401        8.91953199962461        8.81273340082528       10.91751043402405        0.00157569801607       -0.00105377072967        0.00036590462017
   1402       10.00287100662749        9.94692572784357        9.95174829754572       -0.00009818860279        0.00006760656369       -0.00004932542114
   1402        9.38360614983575       11.59080286925571       10.51430566568126       -0.00046485624405       -0.00029845496668        0.00048443251246
   1402        8.92583735431562        8.80849778671586       10.91897263657112        0.00157683393287       -0.00106394473252        0.00036531965785
   1403       10.00247738456021        9.94719655670289        9.95155164766147       -0.00009859914423        0.00006779317850       -0.00004903263120
   1403        9.38175704135730       11.58962232300740       10.51623467029640       -0.00045983587594       -0.00029168617678        0.00048013950000
   1403        8.93214667108755        8.80422184296516       10.92043299128686        0.00157767480514       -0.00107392473529        0.00036493036910
   1404       10.00208221347368        9.94746807327155        9.95135603649612       -0.00009896510652        0.00006795595251       -0.00004879765566
   1404        9.37992746282823       11.58846937984147       10.51814678168124       -0.00045509552090       -0.00028471307017        0.00047597558346
   1404        8.93845875275671        8.79990638883351       10.92189207952389        0.00157823370866       -0.00108369146121        0.00036464517788
   1405       10.00168566370808        9.94774020432293        9.95116126641619       -0.00009929812582        0.00006811666455       -0.00004860023361
   1405        9.37811627719012       11.58734461844601       10.52004247496405       -0.00045064876904       -0.00027766705754        0.00047194215837
   1405        8.94477254075684        8.79555231127545       10.92335015270986        0.00157856314565       -0.00109322499783        0.00036440718857
   1406       10.00128782846715        9.94801300658796        9.95096723462723       -0.00009961962836        0.00006831065759       -0.00004841673912
   1406        9.37632227267589       11.58624804338118       10.52192231894820       -0.00044652259838       -0.00027069448525        0.00046808155159
   1406        8.95108725792189        8.79116058885085       10.92480733703248        0.00157873818679       -0.00110250032764        0.00036421385387
   1407       10.00088870668118        9.94828668958362        9.95077393250326       -0.00009994803617        0.00006856329296       -0.00004822822082
   1407        9.37454409640305       11.58517906256403       10.52378712737675       -0.00044275080895       -0.00026393594622        0.00046445041478
   1407        8.95740244625119        8.78673230865431       10.92626386354079        0.00157883562050       -0.00111148175086        0.00036409475745
   1408       10.00048824417779        9.94856151293161        9.95058140886070       -0.00010028772739        0.00006886272109       -0.00004802840077
   1408        9.37278026620428       11.58413655581143       10.52563792226645       -0.00043935355551       -0.00025750860719        0.00046107759803
   1408        8.96371794288586        8.78226873484396       10.92772009509206        0.00157892830216       -0.00112011077881        0.00036406111901
   1409       10.00008640486206        9.94883759135237        9.95038970529708       -0.00010062950397        0.00006915400354       -0.00004782340055
   1409        9.37102926795897       11.58311899370651       10.52747574816099       -0.00043632684480       -0.00025150616509        0.00045794610390
   1409        8.97003387266849        8.77777142242381       10.92917635249291        0.00157909368030       -0.00112831109451        0.00036407718809
   1410        9.99968320814604        9.94911474495994        9.95019882165630       -0.00010096352248        0.00006936764659       -0.00004762313359
   1410        9.36928965144592       11.58212450649073       10.52930149109763       -0.00043364301412       -0.00024600525415        0.00045500408166
   1410        8.97635069232823        8.77324224608784       10.93063271259682        0.00157941660632       -0.00113601013317        0.00036406573800
   1411        9.99927869668223        9.94939253252510        9.95000872022834       -0.00010129103513        0.00006946453356       -0.00004743762882
   1411        9.36756012384602       11.58115095167332       10.53111578081425       -0.00043124727322       -0.00024105262605        0.00045218653542
   1411        8.98266920551906        8.76868334135847       10.93208887839690        0.00157997013244       -0.00114314705798        0.00036393028560
   1412        9.99887287986504        9.94967046122846        9.94981932062570       -0.00010162101276        0.00006945982474       -0.00004727919976
   1412        9.36583967326015       11.58019608548233       10.53291898338100       -0.00042905816429       -0.00023664690951        0.00044943549778
   1412        8.98899045338775        8.76409706962398       10.93354415488165        0.00158078896866       -0.00114966838247        0.00036358406345
   1413        9.99846572858015        9.94994821112298        9.94963048663029       -0.00010195582238        0.00006940600898       -0.00004715985045
   1413        9.36412765853170       11.57925777639721       10.53471126479651       -0.00042698104436       -0.00023274430363        0.00044671300042
   1413        8.99531551726836        8.75948599429874       10.93499755090448        0.00158185980383       -0.00115553346802        0.00036297546252
   1414        9.99805723328600        9.95022570930033        9.94944204182214       -0.00010228294274        0.00006935159866       -0.00004708533553
   1414        9.36242382490525       11.57833413105327       10.53649268738440       -0.00042492012831       -0.00022928254700        0.00044400924669
   1414        9.00164533181838        8.75485280187984       10.93644795858182        0.00158313019835       -0.00116072248776        0.00036209418609
   1415        9.99764746503822        9.95050302391226        9.94925380394602       -0.00010258207642        0.00006930986038       -0.00004705299816
   1415        9.36072829750519       11.57742351602119       10.53826333877003       -0.00042278535780       -0.00022620212447        0.00044135148635
   1415        9.00798055885519        8.75020021439663       10.93789430439321        0.00158452619073       -0.00116523017460        0.00036095647516
   1416        9.99723657667460        9.95078018818340        9.94906561783684       -0.00010284019941        0.00006926114969       -0.00004705037854
   1416        9.35904154204283       11.57652451405748       10.54002349927518       -0.00042051123416       -0.00022346255322        0.00043880239665
   1416        9.01432154134418        8.74553096048305       10.93933561038307        0.00158597160127       -0.00116905152207        0.00035958830132
   1417        9.99682474344292        9.95105711310979        9.94887740091767       -0.00010305871905        0.00006918434102       -0.00004705358768
   1417        9.35736420763191       11.57563581559544       10.54177375794327       -0.00041808626089       -0.00022105539116        0.00043643434848
   1417        9.02066833166534        8.74084780222003       10.94077101080380        0.00158740423645       -0.00117217296209        0.00035802359193
   1418        9.99641210692218        9.95133366291159        9.94868918913541       -0.00010324598819        0.00006908542289       -0.00004703342569
   1418        9.35569685195568       11.57475607092819       10.54351497406305       -0.00041557125493       -0.00021900060348        0.00043429570280
   1418        9.02702077523581        8.73615357678635       10.94219979911853        0.00158879258941       -0.00117457720325        0.00035630527167
   1419        9.99599877553741        9.95160979649295        9.94850113351212       -0.00010340708656        0.00006899231949       -0.00004696856306
   1419        9.35403963759244       11.57388381076762       10.54524812356568       -0.00041309544939       -0.00021732029015        0.00043240050402
   1419        9.03337867238062        8.73145118459401       10.94362145297719        0.00159015394286       -0.00117625907882        0.00035446508902
   1420        9.99558485022969        9.95188560146752        9.94831344063097       -0.00010354676360        0.00006892267930       -0.00004685366395
   1420        9.35239208836054       11.57301750860703       10.54697417809522       -0.00041082996983       -0.00021601450541        0.00043075050832
   1420        9.03974200677869        8.72674350415575       10.94503551983068        0.00159155440458       -0.00117723080969        0.00035249780510
   1421        9.99517040142859        9.95216117792734        9.94812630420050       -0.00010368262188        0.00006886312485       -0.00004669746148
   1421        9.35075299783383       11.57215569472435       10.54869412763228       -0.00040894194617       -0.00021506439147        0.00042936489304
   1421        9.04611110761725        8.72203333811652       10.94644143541798        0.00159308150486       -0.00117750564560        0.00035036902828
   1422        9.99475538925466        9.95243650646633        9.94793986093914       -0.00010385037756        0.00006878204910       -0.00004651642566
   1422        9.34912055279115       11.57129699347530       10.55040909723954       -0.00040754729336       -0.00021444689335        0.00042827857114
   1422        9.05248665881754        8.71732345899095       10.94783847205691        0.00159481891602       -0.00117708605375        0.00034804696432
   1423        9.99433959840811        9.95271143432015        9.94775417279524       -0.00010409127861        0.00006865776970       -0.00004632822165
   1423        9.34749261948699       11.57044011957755       10.55212035620142       -0.00040668612182       -0.00021413156628        0.00042750435481
   1423        9.05886965894537        8.71261664968650       10.94922581113257        0.00159684645753       -0.00117597483838        0.00034551339818
   1424        9.99392265902578        9.95298576862390        9.94756923516598       -0.00010442858004        0.00006849202259       -0.00004614559596
   1424        9.34586706381660       11.56958394094508       10.55382913207804       -0.00040632758773       -0.00021406703116        0.00042700997927
   1424        9.06526143047779        8.70791566028392       10.95060257924232        0.00159924201460       -0.00117418187232        0.00034275344618
   1425        9.99350416976781        9.95325937050087        9.94738500802755       -0.00010484862679        0.00006829893443       -0.00004597365677
   1425        9.34424199878516       11.56872758332826       10.55553643603561       -0.00040639627485       -0.00021418316865        0.00042674648553
   1425        9.07166359506216        8.70322319470796       10.95196783870202        0.00160206037784       -0.00117170448786        0.00033975796333
   1426        9.99308387001145        9.95353216009933        9.94720144591180       -0.00010530247870        0.00006808039257       -0.00004581391391
   1426        9.34261589361778       11.56787047559590       10.55724310396230       -0.00040680714587       -0.00021441000994        0.00042669126072
   1426        9.07807791350052        8.69854202438106       10.95332064294900        0.00160530572183       -0.00116850757770        0.00033654125064
   1427        9.99266174993821        9.95380401364143        9.94701849671625       -0.00010573221825        0.00006780863788       -0.00004567109438
   1427        9.34098754161821       11.56701230324872       10.55894996612140       -0.00040748887941       -0.00021469823188        0.00042685748358
   1427        9.08450604083680        8.69387513408635       10.95466016870717        0.00160892475175       -0.00116452829644        0.00033314696464
   1428        9.99223801226542        9.95407462920240        9.94683607715675       -0.00010610335000        0.00006743605167       -0.00004555271387
   1428        9.33935598258253       11.56615288974088       10.56065796383091       -0.00040838344124       -0.00021503251854        0.00042727526622
   1428        9.09094931151455        8.68922579800956       10.95598581866615        0.00161282376846       -0.00115968897672        0.00032962363959
   1429        9.99181292313825        9.95434350205481        9.94665407500531       -0.00010641616173        0.00006693093868       -0.00004545911781
   1429        9.33772047408828       11.56529204310040       10.56236816825114       -0.00040943802703       -0.00021543230499        0.00042797044391
   1429        9.09740863098451        8.68459762227257       10.95729715782386        0.00161689978127       -0.00115390354082        0.00032597954467
   1430        9.99138668297156        9.95461007671185        9.94647240421426       -0.00010668955642        0.00006630865999       -0.00004537559446
   1430        9.33608047836625       11.56442943130093       10.56408172738219       -0.00041060898022       -0.00021594106222        0.00042895153556
   1430        9.10388450976472        8.67999456968300       10.95859365502349        0.00162107031395       -0.00114709173673        0.00032215787833
   1431        9.99095940668689        9.95487397133469        9.94629107024959       -0.00010693651255        0.00006562801457       -0.00004527709964
   1431        9.33443560224655       11.56356451460262       10.56579978053561       -0.00041186599532       -0.00021661741941        0.00043020640801
   1431        9.11037719349610        8.67542088837869       10.95987442085050        0.00162528274091       -0.00113920247669        0.00031806029839
   1432        9.99053119087114        9.95513510082842        9.94611018741712       -0.00010715358290        0.00006495688948       -0.00004514189901
   1432        9.33278555040370       11.56269649194561       10.56752337864625       -0.00041318041814       -0.00021753557331        0.00043170063544
   1432        9.11688677169202        8.67088094986945       10.96113813741062        0.00162950535528       -0.00113022230228        0.00031358818531
   1433        9.99010217802367        9.95539362645050        9.94592993505752       -0.00010733091537        0.00006433687021       -0.00004496431418
   1433        9.33113015890140       11.56182423001614       10.56925338561912       -0.00041451641671       -0.00021878574273        0.00043337353974
   1433        9.12341323633835        8.66637910996045       10.96238312633294        0.00163372512471       -0.00112016627793        0.00030866614567
   1434        9.98967254354821        9.95564979579007        9.94575047290371       -0.00010747151533        0.00006377139688       -0.00004476004102
   1434        9.32946941907002       11.56094620600380       10.57099036696416       -0.00041584525663       -0.00022046585674        0.00043515038556
   1434        9.12995657268969        8.66191961964603       10.96360746657597        0.00163795559738       -0.00110907416352        0.00030326268679
   1435        9.98924240590100        9.95590379762556        9.94557185472937       -0.00010760098364        0.00006324110174       -0.00004455830918
   1435        9.32780339684837       11.56006050316221       10.57273458870358       -0.00041715982071       -0.00022266765735        0.00043697272995
   1435        9.13651688111742        8.65750651665227       10.96480922782724        0.00164223094716       -0.00109701366704        0.00029741023147
   1436        9.98881173567912        9.95615572460397        9.94539400643028       -0.00010775714591        0.00006272858803       -0.00004438065974
   1436        9.32613214050431       11.55916486474504       10.57448614880373       -0.00041846313281       -0.00022546189878        0.00043881043606
   1436        9.14309442026698        8.65314351030971       10.96598674842770        0.00164658476594       -0.00108406892762        0.00029118409256
   1437        9.98838034873374        9.95640562632977        9.94521680945141       -0.00010796655313        0.00006222782807       -0.00004422264674
   1437        9.32445569178591       11.55825680797197       10.57624507219210       -0.00041975220959       -0.00022888192755        0.00044064424407
   1437        9.14968955924491        8.64883396523131       10.96713870056774        0.00165104143412       -0.00107031132742        0.00028464876549
   1438        9.98794800325408        9.95665354722852        9.94504022525637       -0.00010822648600        0.00006173349985       -0.00004405942101
   1438        9.32277412282758       11.55733380932465       10.57801130275630       -0.00042102745690       -0.00023291040230        0.00044245591815
   1438        9.15630275173991        8.64458101969038       10.96826393855160        0.00165562709081       -0.00105577818840        0.00027783712210
   1439        9.98751453684577        9.95689949432854        9.94486433408331       -0.00010850827789        0.00006122998596       -0.00004387190713
   1439        9.32108747213069       11.55639352475359       10.57978471953729       -0.00042231405457       -0.00023748359151        0.00044424238031
   1439        9.16293457597138        8.64038773972415       10.96936139754457        0.00166037622264       -0.00104047832304        0.00027077291024
   1440        9.98707993703095        9.95714338711623        9.94468924999930       -0.00010878185753        0.00006069371851       -0.00004366508571
   1440        9.31939561039106       11.55543394059254       10.58156524179880       -0.00042366751348       -0.00024251575823        0.00044603152899
   1440        9.16958576152103        8.63625719310603       10.97043012183348        0.00166531905868       -0.00102441123838        0.00026348600353
   1441        9.98664428198554        9.95738504407661        9.94451501339764       -0.00010904115228        0.00006010129660       -0.00004345964981
   1441        9.31769813202285       11.55445339868774       10.58335297176918       -0.00042516468993       -0.00024792429686        0.00044788714228
   1441        9.17625712844081        8.63219244981711       10.97146928557278        0.00167045933737       -0.00100757600936        0.00025600648330
   1442        9.98620760781272        9.95762419748904        9.94434157280083       -0.00010930557064        0.00005943398061       -0.00004326979662
   1442        9.31599429287161       11.55345054621765       10.58514833893702       -0.00042689030353       -0.00025364535491        0.00044990140992
   1442        9.18294943621998        8.62819658503115       10.97247817369992        0.00167575886752       -0.00098997525382        0.00024836180358
   1443        9.98576983742045        9.95786051592148        9.94416885502469       -0.00010959641850        0.00005867893007       -0.00004309145734
   1443        9.31428300959464       11.55242423584846       10.58695218304856       -0.00042891414233       -0.00025965021292        0.00045216726809
   1443        9.18966319938096        8.62427264778653       10.97345618000143        0.00168114179006       -0.00097163816509        0.00024058029587
   1444        9.98533083646476        9.95809362892960        9.94399684114211       -0.00010991420399        0.00005782912680       -0.00004290887752
   1444        9.31256297973299       11.55137334451429       10.58876567708172       -0.00043126428944       -0.00026595682009        0.00045474249915
   1444        9.19639857054045        8.62042347971040       10.97440281606691        0.00168652115351       -0.00095265064083        0.00023269109062
   1445        9.98489052378851        9.95832314893588        9.94382558400455       -0.00011023891364        0.00005688433772       -0.00004270988923
   1445        9.31083289527914       11.55029658128776       10.59059012304175       -0.00043392294611       -0.00027261314156        0.00045763992337
   1445        9.20315536860902        8.61665144265988       10.97531770872637        0.00169183077402       -0.00093314780590        0.00022471825943
   1446        9.98444892515565        9.95854870363134        9.94365516202830       -0.00011054806144        0.00005585737298       -0.00004249731829
   1446        9.30909159616414       11.54919243938181       10.59242679646865       -0.00043685133824       -0.00027965693231        0.00046085281918
   1446        9.20993321673261        8.61295829726323       10.97620056214233        0.00169703783115       -0.00091326308906        0.00021666819387
   1447        9.98400613929699        9.95877000791975        9.94348560545826       -0.00011083228131        0.00005478272814       -0.00004228991302
   1447        9.30733808457323       11.54805932582930       10.59427694559522       -0.00044000852599       -0.00028708504468        0.00046438176687
   1447        9.21673167125820        8.60934533794737       10.97705105427737        0.00170213042973       -0.00089308370925        0.00020852334027
   1448        9.98356226690515        9.95898696545648        9.94331684272417       -0.00011109672710        0.00005371577352       -0.00004211320898
   1448        9.30557152795620       11.54689575902437       10.59614185060360       -0.00044333772068       -0.00029485144703        0.00046822607754
   1448        9.22355026017047        8.60581362758923       10.97786874886453        0.00170709684688       -0.00087264644107        0.00020026250219
   1449        9.98311736548018        9.95919973410789        9.94314869978645       -0.00011135072935        0.00005271447643       -0.00004198573504
   1449        9.30379138280782       11.54570051425307       10.59802275421556       -0.00044674835664       -0.00030288767543        0.00047234695330
   1449        9.23038844603321        8.60236416641884       10.97865315429486        0.00171191790893       -0.00085195371294        0.00019189212384
   1450        9.98267146107039        9.95940868126791        9.94298095684387       -0.00011159441295        0.00005180968619       -0.00004190863157
   1450        9.30199754110310       11.54447265762095       10.59992062623003       -0.00045013200404       -0.00031112671541        0.00047665133775
   1450        9.23724560344188        8.59899799788571       10.97940388585526        0.00171658114633       -0.00083098300037        0.00018345447467
   1451        9.98222461017655        9.95961421159741        9.94281343073389       -0.00011181153220        0.00005098467494       -0.00004186616139
   1451        9.30019032677551       11.54321150052981       10.60183596491756       -0.00045339470584       -0.00031951239114        0.00048102539826
   1451        9.24412109520386        8.59571630241588       10.98012079009225        0.00172110066863       -0.00080969142689        0.00017501640922
   1452        9.98177696881276        9.95981655866743        9.94264602755276       -0.00011197577422        0.00005018614902       -0.00004183576548
   1452        9.29837038345639       11.54191655849181       10.60376882941609       -0.00045646610356       -0.00032799703534        0.00048538667711
   1452        9.25101440879091        8.59252046647057       10.98080401712905        0.00172551537036       -0.00078802704382        0.00016666140507
   1453        9.98132880398275        9.96001570078953        9.94247874461002       -0.00011206945397        0.00004936403542       -0.00004179562999
   1453        9.29653859794701       11.54058752424709       10.60571905833447       -0.00045929589652       -0.00033654269439        0.00048971012401
   1453        9.25792521816671        8.58941208606533       10.98145408133278        0.00172986578884       -0.00076594934784        0.00015848204080
   1454        9.98088041318097        9.96021147095080        9.94231166251281       -0.00011210031893        0.00004850591243       -0.00004172494342
   1454        9.29469601628427       11.53922421693668       10.60768651040816       -0.00046187143825       -0.00034512001775        0.00049402037252
   1454        9.26485333510162        8.58639287168781       10.98207187345544        0.00173417762899       -0.00074345287917        0.00015056238023
   1455        9.98043200143129        9.96040374808900        9.94214494506267       -0.00011209926398        0.00004763541816       -0.00004160947686
   1455        9.29284362644105       11.53782656410509       10.60967122131461       -0.00046424068452       -0.00035369152812        0.00049836663674
   1455        9.27179863919859        8.58346446303200       10.98265858037465        0.00173845936801       -0.00072057955957        0.00014295380338
   1456        9.97998361906914        9.96059255429609        9.94197878669794       -0.00011209862872        0.00004678176445       -0.00004145782122
   1456        9.29098209080811       11.53639468471176       10.61167344350206       -0.00046650030846       -0.00036219895588        0.00050280233317
   1456        9.27876101004567        8.58062823521123       10.98321550388248        0.00174269644831       -0.00069741312645        0.00013565453920
   1457        9.97953521240156        9.96077800220457        9.94181328249295       -0.00011211074280        0.00004595388744       -0.00004130804531
   1457        9.28911162397335       11.53492897245801       10.61369363997996       -0.00046875753916       -0.00037058242937        0.00050738964228
   1457        9.28574021078509        8.57788515802043       10.98374381668824        0.00174684457044       -0.00067406940372        0.00012861316425
   1458        9.97908673312678        9.96096018539565        9.94164832233549       -0.00011212604089        0.00004514065190       -0.00004120763920
   1458        9.28723203049482       11.53343002527683       10.61573256064028       -0.00047110661682       -0.00037881712416        0.00051221441999
   1458        9.29273576660916        8.57523567998150       10.98424440919646        0.00175083991184       -0.00065068755704        0.00012176630934
   1459        9.97863820407445        9.96113912741981        9.94148362137934       -0.00011213003401        0.00004432709682       -0.00004118146713
   1459        9.28534277103883       11.53189843546475       10.61779135533988       -0.00047362939756       -0.00038693149288        0.00051736982631
   1459        9.29974693007982        8.57267965756408       10.98471794716295        0.00175461761587       -0.00062740416331        0.00011507503462
   1460        9.97818969285469        9.96131480217018        9.94131887059841       -0.00011212007915        0.00004350326153       -0.00004121551781
   1460        9.28344299531437       11.53033457333375       10.61987151925075       -0.00047640046281       -0.00039499839400        0.00052291116144
   1460        9.30677270753609        8.57021644667498       10.98516500947342        0.00175811623131       -0.00060431186356        0.00010852461612
   1461        9.97774124344124        9.96148715351205        9.94115389723684       -0.00011210540321        0.00004266053886       -0.00004126715957
   1461        9.28153156733634       11.52873844831278       10.62197464463141       -0.00047948471092       -0.00040311349051        0.00052883069052
   1461        9.31381185993032        8.56784516265559       10.98558614409195        0.00176127210156       -0.00058143687525        0.00010211464615
   1462        9.97729284962903        9.96165608648108        9.94098873332184       -0.00011209422360        0.00004179101294       -0.00004129378953
   1462        9.27960711762701       11.52710966540966       10.62410216477494       -0.00048292624466       -0.00041137131563        0.00053506827302
   1462        9.32086288434857        8.56556495167299       10.98598192664264        0.00176402448380       -0.00055875277284        0.00009587238891
   1463        9.97684448965247        9.96182148161558        9.94082354692057       -0.00011208362433        0.00004089574350       -0.00004128286280
   1463        9.27766815737909       11.52544747778778       10.62625519081557       -0.00048673245538       -0.00041984292595        0.00054153297986
   1463        9.32792405580072        8.56337514047283       10.98635312320323        0.00176633457600       -0.00053621803047        0.00008986641568
   1464        9.97639618063441        9.96198325242912        9.94065847041941       -0.00011205829281        0.00003998857905       -0.00004126426283
   1464        9.27571325798398       11.52375092200203       10.62843442861381       -0.00049086509184       -0.00042855768054        0.00054812712297
   1464        9.33499356095660        8.56127520742927       10.98670085796804        0.00176820162343       -0.00051382142387        0.00008419562895
   1465        9.97594802330999        9.96214139024798        9.94049343281796       -0.00011199595521        0.00003908885570       -0.00004129581072
   1465        9.27374123664433       11.52201901634348       10.63064020779933       -0.00049524749150       -0.00043748944612        0.00055477444008
   1465        9.34206966878815        8.55926456908190       10.98702668823483        0.00176966125125       -0.00049161198830        0.00007896542367
   1466        9.97550021299274        9.96229596327475        9.94032810393365       -0.00011188107418        0.00003821427630       -0.00004143153827
   1466        9.27175127805200       11.52025100643305       10.63287262413448       -0.00049978568953       -0.00044655288358        0.00056143377329
   1466        9.34915085096658        8.55734231152286       10.98733258135740        0.00177076455378       -0.00046968875641        0.00007425912558
   1467        9.97505297471657        9.96244710445840        9.94016198051181       -0.00011172081721        0.00003738104116       -0.00004169373564
   1467        9.26974295112811       11.51844659327487       10.63513167798567       -0.00050439382237       -0.00045562493241        0.00056808665245
   1467        9.35623578521839        8.55550705903061       10.98762076123950        0.00177154612262       -0.00044816203736        0.00007010937795
   1468        9.97460644645505        9.96259501160400        9.93999455404850       -0.00011154321932        0.00003660336945       -0.00004206451275
   1468        9.26771612747302       11.51660600697377       10.63741731735410       -0.00050900595704       -0.00046459270343        0.00057471689008
   1468        9.36332321994752        8.55375701522400       10.98789345638103        0.00177199796396       -0.00042712208994        0.00006649107968
   1469        9.97416062896197        9.96273993141402        9.93982546440978       -0.00011137357726        0.00003588673599       -0.00004249706717
   1469        9.26567090347176       11.51472985164744       10.63972941310630       -0.00051356182283       -0.00047339771602        0.00058130221399
   1469        9.37041176893005        8.55209008231108       10.98815268987694        0.00177207105882       -0.00040662647739        0.00006333631103
   1470        9.97371545783693        9.96288210549191        9.93965457751118       -0.00011121580172        0.00003522210729       -0.00004293576471
   1470        9.26360763289042       11.51281882524558       10.64206773506604       -0.00051798920088       -0.00048204665536        0.00058782120077
   1470        9.37749978841812        8.55050400340484       10.98840014686924        0.00177170701252       -0.00038669935331        0.00006054970320
   1471        9.97327090254821        9.96302170827232        9.93948197829206       -0.00011105821760        0.00003459064138       -0.00004333607834
   1471        9.26152698986472       11.51087347840456       10.64443198271242       -0.00052221755352       -0.00049059352420        0.00059426915923
   1471        9.38458542503017        8.54899648748460       10.98863708750255        0.00177087273184       -0.00036734537960        0.00005803398048
   1472        9.97282699209610        9.96315883062299        9.93930788888447       -0.00011088983838        0.00003397737844       -0.00004368113567
   1472        9.25942989246230       11.50889407705194       10.64682188833991       -0.00052620986839       -0.00049911293307        0.00060067020324
   1472        9.39166677027285        8.54756524036803       10.98886441871310        0.00176957672707       -0.00034857584896        0.00005573844732
   1473        9.97238378384114        9.96329352729987        9.93913252920670       -0.00011070608407        0.00003338182245       -0.00004398962421
   1473        9.25731731091762       11.50688057493996       10.64923734433836       -0.00052997386150       -0.00050767160226        0.00060707453530
   1473        9.39874203884674        8.54620788069292       10.98908299508110        0.00176787353159       -0.00033043027007        0.00005369344266
   1474        9.97194134342356        9.96342588520257        9.93895597189083       -0.00011050201514        0.00003281559465       -0.00004430757046
   1474        9.25519010157030       11.50483270423385       10.65167848462229       -0.00053355632757       -0.00051630675778        0.00061354488288
   1474        9.40580975852555        8.54492179820744       10.98929396625438        0.00176585924914       -0.00031298266110        0.00005199982574
   1475        9.97149976772002        9.96355605205708        9.93877806864300       -0.00011026450519        0.00003229133562       -0.00004468523888
   1475        9.25304886029707       11.50275012087773       10.65414570340140       -0.00053704267036       -0.00052502724710        0.00062014348224
   1475        9.41286891283983        8.54370401940414       10.98949899368706        0.00176364318278       -0.00029633004767        0.00005079607429
   1476        9.97105922738203        9.96368421588757        9.93859848997982       -0.00010997565514        0.00003181601512       -0.00004515309420
   1476        9.25089376020739       11.50063248625702       10.65663963248021       -0.00054054258966       -0.00053383086367        0.00062692181137
   1476        9.41991890398779        8.54255115782610       10.98970033484868        0.00176130001004       -0.00028056142788        0.00005022382144
   1477        9.97061996247890        9.96381058017804        9.93841684388943       -0.00010962842155        0.00003139408105       -0.00004571291987
   1477        9.24872451957976       11.49847947396839       10.65916107789235       -0.00054414371651       -0.00054271017412        0.00063390708303
   1477        9.42695931292014        8.54145952798112       10.98990078425861        0.00175883893128       -0.00026571890123        0.00005039058574
   1478        9.97018220000967        9.96393536853600        9.93823278662084       -0.00010923667525        0.00003103168163       -0.00004634779019
   1478        9.24654061047533       11.49629080486408       10.66171088914441       -0.00054787132875       -0.00055163995837        0.00064108678273
   1478        9.43398961543801        8.54042540661627       10.99010345953460        0.00175621208094       -0.00025177623769        0.00005134733585
   1479        9.96974606907689        9.96405883363112        9.93804606156787       -0.00010882446243        0.00003073154554       -0.00004703801722
   1479        9.24434154894976       11.49406635430143       10.66428977215419       -0.00055169430551       -0.00056056564747        0.00064840822536
   1479        9.44100900956768        8.53944531807960       10.99031156294538        0.00175334180276       -0.00023864960098        0.00005309648146
   1480        9.96931160431021        9.96418122090033        9.93785648248309       -0.00010840747268        0.00003048267331       -0.00004776709972
   1480        9.24212705603126       11.49180627968432       10.66689815494728       -0.00055555831551       -0.00056940342015        0.00065580534917
   1480        9.44801634986010        8.53851620980840       10.99052823138625        0.00175013952027       -0.00022623474616        0.00005560697481
   1481        9.96887880929542        9.96430269501762        9.93766392477009       -0.00010798877508        0.00003026103865       -0.00004851691524
   1481        9.23989708242566       11.48951112694022       10.66953621494752       -0.00055940896276       -0.00057804854977        0.00066323207510
   1481        9.45501012572982        8.53763544011028       10.99075641874389        0.00174652120797       -0.00021445149880        0.00005881528475
   1482        9.96844769410957        9.96442330920950        9.93746834716115       -0.00010756615835        0.00003004684741       -0.00004926639958
   1482        9.23765178432917       11.48718189128620       10.67220401154808       -0.00056320180425       -0.00058639458759        0.00067066802007
   1482        9.46198851952382        8.53680059781799       10.99099875366426        0.00174243526270       -0.00020326968299        0.00006262733447
   1483        9.96801828002862        9.96454306979690        9.93726979357346       -0.00010713481370        0.00002984114662       -0.00005000366098
   1483        9.23539146799168       11.48481997023954       10.67490155910807       -0.00056691026987       -0.00059436558611        0.00067809618730
   1483        9.46894960783139        8.53600928264633       10.99125743741965        0.00173789002648       -0.00019270243738        0.00006694013080
   1484        9.96759061559998        9.96466203838243        9.93706831787334       -0.00010668526359        0.00002966257651       -0.00005074201912
   1484        9.23311650217023       11.48242696659728       10.67762878104644       -0.00057052888780       -0.00060194624991        0.00068548513895
   1484        9.47589163973569        8.53525897831894       10.99153427471069        0.00173295481102       -0.00018278194711        0.00007167979142
   1485        9.96716479791994        9.96478037040895        9.93686385742051       -0.00010620703347        0.00002952847433       -0.00005151799589
   1485        9.23082723688930       11.48000440024026       10.68038544021967       -0.00057406964511       -0.00060918908439        0.00069279597987
   1485        9.48281324631954        8.53454702706942       10.99183087575104        0.00172773395965       -0.00017354470188        0.00007683581158
   1486        9.96674095933223        9.96489826617705        9.93665617390625       -0.00010569687664        0.00002944105227       -0.00005236332803
   1486        9.22852394500932       11.47755345392218       10.68317114888539       -0.00057755903600       -0.00061619295325        0.00070000014354
   1486        9.48971351141291        8.53387062070393       10.99214896120330        0.00172233470175       -0.00016503484874        0.00008246304895
   1487        9.96631922290679        9.96501589882708        9.93644495079627       -0.00010516076807        0.00002939093622       -0.00005327488304
   1487        9.22620676460133       11.47507485661425       10.68598544136797       -0.00058103702201       -0.00062306625183        0.00070708326503
   1487        9.49659192393352        8.53322674827951       10.99249058014263        0.00171684337693       -0.00015731167315        0.00008864085727
   1488        9.96589967318764        9.96513339366680        9.93622997484194       -0.00010460661551        0.00002937294130       -0.00005421604169
   1488        9.22387564883327       11.47256892390750       10.68882781500559       -0.00058454957787       -0.00062989724411        0.00071403650160
   1488        9.50344825842835        8.53261212731877       10.99285808806149        0.00171131359572       -0.00015044064588        0.00009541774816
   1489        9.96548236998271        9.96525088235747        9.93601122246276       -0.00010403730304        0.00002939909241       -0.00005515119129
   1489        9.22153036797835       11.47003567866133       10.69169773338077       -0.00058813340350       -0.00063674387988        0.00072085962901
   1489        9.51028243269926        8.53202322311244       10.99325392212790        0.00170576470408       -0.00014446111522        0.00010277847604
   1490        9.96506737476330        9.96536858640611        9.93578876531162       -0.00010345490839        0.00002949470769       -0.00005607885780
   1490        9.21917058160528       11.46747497286850       10.69459469203769       -0.00059180192946       -0.00064363269380        0.00072757908729
   1490        9.51709437606099        8.53145643839699       10.99368031586985        0.00170018717210       -0.00013935400137        0.00011064315663
   1491        9.96465473071562        9.96548684001900        9.93556259160039       -0.00010287303620        0.00002967595969       -0.00005703126044
   1491        9.21679595254266       11.46488661711092       10.69751836607907       -0.00059554076125       -0.00065055540794        0.00073425605756
   1491        9.52388393007608        8.53090839110147       10.99413906738091        0.00169455641657       -0.00013504595862        0.00011889182515
   1492        9.96424439047370        9.96560599408367        9.93533251522811       -0.00010231956665        0.00002992543679       -0.00005804158296
   1492        9.21440625551525       11.46227052960495       10.70046874049817       -0.00059931590687       -0.00065747009448        0.00074097395847
   1492        9.53065082739356        8.53037607072806       10.99463145047107        0.00168885716205       -0.00013145142219        0.00012740509175
   1493        9.96383617418241        9.96572624351330        9.93509825893672       -0.00010181865422        0.00003018903817       -0.00005911029274
   1493        9.21200142528772       11.45962685635511       10.70344615774682       -0.00060309266939       -0.00066430956128        0.00074781543807
   1493        9.53739478737251        8.52985677972392       10.99515830811491        0.00168310572372       -0.00012850991477        0.00013609755646
   1494        9.96342984123995        9.96584750638902        9.93485963288619       -0.00010136653425        0.00003040385479       -0.00006020277364
   1494        9.20958151416012       11.45695605311469       10.70645126400277       -0.00060685282152       -0.00067098466634        0.00075483630454
   1494        9.54411567318333        8.52934799140987       10.99572023092271        0.00167734716119       -0.00012618758833        0.00014492017140
   1495        9.96302524190842        9.96596947435160        9.93461663674759       -0.00010092804559        0.00003054111648       -0.00006127975719
   1495        9.20714660271556       11.45425897902441       10.70948484818311       -0.00061059653406       -0.00067738513047        0.00076204837732
   1495        9.55081356466204        8.52884727901728       10.99631766948613        0.00167162174939       -0.00012446139460        0.00015384308399
   1496        9.96262241687523        9.96609183532085        9.93436939482871       -0.00010046038633        0.00003063122821       -0.00006232998418
   1496        9.20469674188766       11.45153697207093       10.71254765102132       -0.00061433051855       -0.00068339890157        0.00076942123501
   1496        9.55748864717842        8.52835230025303       10.99695097559467        0.00166592746257       -0.00012331481694        0.00016285458224
   1497        9.96222155881780        9.96621452417731        9.93411799687412       -0.00009994181718        0.00003074859538       -0.00006337684778
   1497        9.20223195856715       11.44879178781188       10.71564021806316       -0.00061805398746       -0.00068895217058        0.00077688778293
   1497        9.56414098436260        8.52786076048178       10.99762050614408        0.00166021243289       -0.00012274036953        0.00017198495961
   1498        9.96182288233781        9.96633782408387        9.93386238004650       -0.00009938073207        0.00003096727648       -0.00006445863004
   1498        9.19975230998799       11.44602535470631       10.71876275328472       -0.00062175144576       -0.00069404344164        0.00078434643653
   1498        9.57077034664151        8.52737037729678       10.99832685527159        0.00165440052420       -0.00012273344564        0.00018132516976
   1499        9.96142651296123        9.96646226238916        9.93360232783384       -0.00009880311579        0.00003132089787       -0.00006560051487
   1499        9.19725794700109       11.44323944027875       10.72191498955537       -0.00062539717301       -0.00069874753358        0.00079168065823
   1499        9.57737618855619        8.52687889291667       10.99907110750218        0.00164842260551       -0.00012328336181        0.00019100771160
   1500        9.96103245741147        9.96658839126684        9.93333757592756       -0.00009823356706        0.00003179093377       -0.00006679696391
   1500        9.19474913260393       11.44043537443768       10.72509619855054       -0.00062896583172       -0.00070319088048        0.00079879084029
   1500        9.58395772748555        8.52638411040233       10.99985491696440        0.00164223199096       -0.00012436724398        0.00020114692495
   1501        9.96064064442471        9.96671658985931        9.93306795212256       -0.00009768374740        0.00003232458543       -0.00006801364411
   1501        9.19222622034729       11.43761391323489       10.72830531627766       -0.00063243253187       -0.00070751761301        0.00080560961299
   1501        9.59051404448385        8.52588395496485       11.00068028290180        0.00163580949758       -0.00012593754225        0.00021177121224
   1502        9.96025098743230        9.96684698795027        9.93279346677465       -0.00009715480567        0.00003286860817       -0.00006920342461
   1502        9.18968967234899       11.43477523353358       10.73154107545449       -0.00063576143065       -0.00071186031689        0.00081211079085
   1502        9.59704420346620        8.52537661006436       11.00154908666232        0.00162917499394       -0.00012791001606        0.00022279494443
   1503        9.95986340597935        9.96697953872467        9.93251432472570       -0.00009665164788        0.00003339778094       -0.00007032379378
   1503        9.18714012890209       11.43191903069979       10.73480220260447       -0.00063890564955       -0.00071631628178        0.00081832950374
   1503        9.60354744443536        8.52486067483639       11.00246264245721        0.00162240409342       -0.00013017580254        0.00023405053367
   1504        9.95947777424928        9.96711417019777        9.93223087642441       -0.00009619352073        0.00003391807344       -0.00007134982856
   1504        9.18457842715261       11.42904470327931       10.73808771148445       -0.00064182610614       -0.00072093249623        0.00082436203750
   1504        9.61002343621359        8.52433520364408       11.00342149093170        0.00161562527528       -0.00013263477017        0.00024535070124
   1505        9.95909385781351        9.96725088331216        9.93194352609726       -0.00009580335284        0.00003444355804       -0.00007228159118
   1505        9.18200552005298       11.42615157072996       10.74139709890449       -0.00064450780727       -0.00072570389418        0.00083032481130
   1505        9.61647244663758        8.52379959667500       11.00442544806711        0.00160898796858       -0.00013522282116        0.00025653523523
   1506        9.95871134742656        9.96738971866209        9.93165262369498       -0.00009548164304        0.00003496913420       -0.00007314302001
   1506        9.17942236469448       11.42323907212585       10.74473030997481       -0.00064695940700       -0.00073057982794        0.00083630828660
   1506        9.62289533996222        8.52325342107476       11.00547377281351        0.00160263050374       -0.00013792156922        0.00026748918608
   1507        9.95833000466916        9.96753063638579        9.93135838193715       -0.00009519333843        0.00003546338640       -0.00007397358971
   1507        9.17682984479696       11.42030693210641       10.74808756519733       -0.00064920158146       -0.00073548168698        0.00084235408429
   1507        9.62929349066749        8.52269622412121       11.00656536155576        0.00159666771359       -0.00014075385967        0.00027814887563
   1508        9.95794980071913        9.96767342575331        9.93106083497728       -0.00009488508216        0.00003588775382       -0.00007481754275
   1508        9.17422875204281       11.41735521863002       10.75146914264911       -0.00065125136554       -0.00074034112908        0.00084844556245
   1508        9.63566868167091        8.52212739019741       11.00769896381854        0.00159117870775       -0.00014376312372        0.00028850329580
   1509        9.95757092401188        9.96781773841631        9.93075984159516       -0.00009451875353        0.00003622753865       -0.00007570995531
   1509        9.17161983387268       11.41438420307377       10.75487512969692       -0.00065311382594       -0.00074513634237        0.00085450547407
   1509        9.64202292032952        8.52154611913146       11.00887338792215        0.00158618813571       -0.00014697809678        0.00029857942543
   1510        9.95719365069093        9.96796324606251        9.93045515533479       -0.00009409285694        0.00003650899026       -0.00007666120227
   1510        9.16900384143530       11.41139412789108       10.75830518644164       -0.00065479326380       -0.00074988798068        0.00086040763086
   1510        9.64835818675662        8.52095156542319       11.01008759922201        0.00158166421762       -0.00015037975436        0.00030840991999
   1511        9.95681818115638        9.96810981033841        9.93014655197699       -0.00009363700060        0.00003678427031       -0.00007765205587
   1511        9.16638148776231       11.40838509922837       10.76175839074381       -0.00065631028909       -0.00075462287145        0.00086600515331
   1511        9.65467623407045        8.52034308109654       11.01134066728204        0.00157753128439       -0.00015389209974        0.00031800574822
   1512        9.95644455468610        9.96825752022502        9.92983393888780       -0.00009318865379        0.00003709399878       -0.00007864556395
   1512        9.16375335912261       11.40535714491947       10.76523322766814       -0.00065769960970       -0.00075934898109        0.00087117053602
   1512        9.66097843703177        8.51972042862528       11.01263164520780        0.00157367552191       -0.00015740219226        0.00032735137006
   1513        9.95607267192605        9.96840656232868        9.92951738746536       -0.00009277302292        0.00003744049454       -0.00007960438816
   1513        9.16111989088469       11.40231030737963       10.76872775503198       -0.00065899441182       -0.00076405729037        0.00087583166616
   1513        9.66726563824571        8.51908386355845       11.01395947824249        0.00156995660628       -0.00016078808741        0.00033641414498
   1514        9.95570237050278        9.96855704418134        9.92919710378255       -0.00009239772215        0.00003779506377       -0.00008050174253
   1514        9.15848140382806       11.39924468659653       10.77223988099740       -0.00066021949770       -0.00076872987022        0.00087998222091
   1514        9.67353808988200        8.51843412392600       11.01532295836765        0.00156624248489       -0.00016393114686        0.00034515516116
   1515        9.95533349014885        9.96870892283887        9.92887337352513       -0.00009205829518        0.00003812828297       -0.00008132604862
   1515        9.15583813490312       11.39616046841790       10.77576761279928       -0.00066139220914       -0.00077333441688        0.00088366309881
   1515        9.67979557812479        8.51777241438355       11.01672071953180        0.00156244629706       -0.00016671857234        0.00035353929414
   1516        9.95496590414133        9.96886207044512        9.92854649539359       -0.00009174682001        0.00003843157245       -0.00008208234359
   1516        9.15319026615497       11.39305801126145       10.77930918578789       -0.00066252004758       -0.00077781434678        0.00088693800275
   1516        9.68603766025851        8.51710037534729       11.01815127272074        0.00155854504757       -0.00016905202034        0.00036153808161
   1517        9.95459951558879        9.96901637541846        9.92821671477641       -0.00009146009999        0.00003871343051       -0.00008278873955
   1517        9.15053797452251       11.38993795364363       10.78286311682125       -0.00066359695519       -0.00078210324884        0.00088988692415
   1517        9.69226393850533        8.51641999822085       11.01961302418469        0.00155458314199       -0.00017085666264        0.00036911602985
   1518        9.95423422334141        9.96917177788923        9.92788418547718       -0.00009120396368        0.00003898387151       -0.00008346503717
   1518        9.14788149051342       11.38680118527071       10.78642828118111       -0.00066460149772       -0.00078616196073        0.00089260544392
   1518        9.69847432539443        8.51573352204613       11.02110420095953        0.00155065677820       -0.00017208145587        0.00037620928440
   1519        9.95386988387933        9.96932824639050        9.92754899447906       -0.00009098938228        0.00003924812126       -0.00008411609980
   1519        9.14522116254071       11.38364865795781       10.79000396037259       -0.00066549659684       -0.00078999591009        0.00089517484450
   1519        9.70466919273097        8.51504334657388       11.02262269845991        0.00154687972722       -0.00017269540356        0.00038271851321
   1520        9.95350630828320        9.96948576285929        9.92721125667881       -0.00009082265757        0.00003951093468       -0.00008472178655
   1520        9.14255751773871       11.38048121798998       10.79358967993707       -0.00066623525638       -0.00079363997145        0.00089761505871
   1520        9.71084936321216        8.51435195881764       11.02416594906520        0.00154335973678       -0.00017268369213        0.00038852369971
   1521        9.95314330261874        9.96964433386797        9.92687122018668       -0.00009070000296        0.00003977884908       -0.00008524570155
   1521        9.13989128048969       11.37729953818625       10.79718488084224       -0.00066677294821       -0.00079714726548        0.00089987998140
   1521        9.71701607062525        8.51366187703683       11.02573088805763        0.00154020000238       -0.00017204407329        0.00039350730964
   1522        9.95278070825954        9.96980399365197        9.92652929106643       -0.00009061344329        0.00004005569650       -0.00008565848753
   1522        9.13722333415303       11.37410403986613       10.80078871978827       -0.00066708134025       -0.00080059361660        0.00090190384077
   1522        9.72317096323122        8.51297560623132       11.02731400754233        0.00153749613363       -0.00017078263329        0.00039757187386
   1523        9.95241839507245        9.96996477943998        9.92618595228644       -0.00009055984825        0.00004033669746       -0.00008595515536
   1523        9.13455462976772       11.37089478925345       10.80440011156836       -0.00066716323109       -0.00080407015955        0.00090364378700
   1523        9.72931603969430        8.51229561597052       11.02891146304854        0.00153530907781       -0.00016890297630        0.00040065772236
   1524        9.95205622947354        9.97012668723167        9.92584164982356       -0.00009053853576        0.00004060564022       -0.00008615238926
   1524        9.13188602830432       11.36767147858970       10.80801787008430       -0.00066706278336       -0.00080766012202        0.00090509368182
   1524        9.73545343585370        8.51162438242089       11.03051926932118        0.00153364145925       -0.00016639792791        0.00040276974530
   1525        9.95169408678635        9.97028962456178        9.92549673317234       -0.00009053988949        0.00004083772898       -0.00008627385576
   1525        9.12921812750081       11.36443350827727       10.81164086102291       -0.00066685196870       -0.00081142112280        0.00090628278404
   1525        9.74158517136831        8.51096443254727       11.03213362101090        0.00153244498150       -0.00016326502497        0.00040399351395
   1526        9.95133191035759        9.97045338906350        9.92515145897751       -0.00009054478464        0.00004100910419       -0.00008634086082
   1526        9.12655121255475       11.36118010960733       10.81526813235660       -0.00066659192733       -0.00081537676163        0.00090725924605
   1526        9.74771299570573        8.51031826222113       11.03375121743282        0.00153164422690       -0.00015953217263        0.00040447237712
   1527        9.95096972850926        9.97061769739527        9.92480600628579       -0.00009054215962        0.00004110751493       -0.00008637116379
   1527        9.12388539208220       11.35791049418420       10.81889893499133       -0.00066630063446       -0.00081951189525        0.00090806404545
   1527        9.75383832518354        8.50968817516625       11.03536940002787        0.00153114967907       -0.00015526017595        0.00040435301792
   1528        9.95060757308060        9.97078224918290        9.92446048966718       -0.00009054566568        0.00004113566991       -0.00008637480944
   1528        9.12122080747907       11.35462401444530       10.82253264472021       -0.00066595370096       -0.00082377841239        0.00090871741102
   1528        9.75996219313826        8.50907618081355       11.03698604157617        0.00153086060129       -0.00015052926956        0.00040373075654
   1529        9.95024536318378        9.97094678275458        9.92411500781025       -0.00009058742611        0.00004110502537       -0.00008634656699
   1529        9.11855776247448       11.35132026688508       10.82616867427948       -0.00066550854913       -0.00082811681661        0.00090921506685
   1529        9.76608520999389        8.50848394100977       11.03859924608015        0.00153067253691       -0.00014542848518        0.00040261626325
   1530        9.94988287367173        9.97111108938584        9.92376971713126       -0.00009069041305        0.00004102403066       -0.00008626895466
   1530        9.11589673908606       11.34799907991240       10.82980636525504       -0.00066492165071       -0.00083248141721        0.00090952199667
   1530        9.77220757343351        8.50791275293212       11.04020697168214        0.00153049008149       -0.00014003425926        0.00040093851039
   1531        9.94951983987938        9.97127497499989        9.92342485617297       -0.00009084536604        0.00004088825303       -0.00008612679747
   1531        9.11323838926883       11.34466041554742       10.83344485025286       -0.00066414546095       -0.00083684807887        0.00090957264128
   1531        9.77832913064577        8.50736366693569       11.04180675416326        0.00153024006623       -0.00013438017457        0.00039858422997
   1532        9.94915611074339        9.97143819541006        9.92308070275148       -0.00009101908555        0.00004068218560       -0.00008591583664
   1532        9.11058357539846       11.34130429528144       10.83708294638532       -0.00066312258039       -0.00084120053763        0.00090928008067
   1532        9.78444949396334        8.50683771153555       11.04339564552192        0.00152988795907       -0.00012844939139        0.00039544433616
   1533        9.94879168719497        9.97160043248467        9.92273752947988       -0.00009118883642        0.00004039438100       -0.00008563880639
   1533        9.10793340862571       11.33793081124637       10.84071909089822       -0.00066179626148       -0.00084551985393        0.00090855064167
   1533        9.79056823431830        8.50633607180456       11.04497030885253        0.00152945371519       -0.00012218873400        0.00039144389722
   1534        9.94842660005200        9.97176135045807        9.92239559230032       -0.00009136362816        0.00004003039518       -0.00008530022262
   1534        9.10528920530663       11.33454013644997       10.84435135151866       -0.00066012773660       -0.00084979705127        0.00090731425259
   1534        9.79668512368482        8.50586020166359       11.04652719669967        0.00152901196585       -0.00011552045986        0.00038656138812
   1535        9.94806077816969        9.97192067564608        9.92205512769891       -0.00009156771922        0.00003960808387       -0.00008490499537
   1535        9.10265238673291       11.33113243483622       10.84797760491891       -0.00065810423232       -0.00085404984951        0.00090555801484
   1535        9.80280033004509        8.50541190812565       11.04806279995749        0.00152867133695       -0.00010835881801        0.00038083507789
   1536        9.94769405829825        9.97207821512905        9.92171635233737       -0.00009181047769        0.00003914423304       -0.00008445635057
   1536        9.10002437144807       11.32770773765392       10.85159581563738       -0.00065574256816       -0.00085831097040        0.00090332860415
   1536        9.80891449438043        8.50499333111951       11.04957387732281        0.00152854609907       -0.00010064006206        0.00037434618711
   1537        9.94732629434816        9.97223382951040        9.92137947689436       -0.00009207894509        0.00003865444315       -0.00008395371652
   1537        9.09740644618766       11.32426594707301       10.85520423375212       -0.00065309096247       -0.00086259102061        0.00090070806078
   1537        9.81502869883767        8.50460678762914       11.05105756945433        0.00152873496581       -0.00009234306769        0.00036719616308
   1538        9.94695742673755        9.97238745067427        9.92104472260523       -0.00009235315770        0.00003816581049       -0.00008339281987
   1538        9.09479964374828       11.32080700948908       10.85880148012358       -0.00065021752546       -0.00086685395643        0.00089778785072
   1538        9.82114437410689        8.50425458657798       11.05251144662744        0.00152930880292       -0.00008348618974        0.00035949425230
   1539        9.94658746908655        9.97253915599430        9.92071233433544       -0.00009262011079        0.00003771809245       -0.00008276560214
   1539        9.09220470598395       11.31733111542153       10.86238653655784       -0.00064719124006       -0.00087103028934        0.00089463770047
   1539        9.82726316926106        8.50393889811121       11.05393352347277        0.00153029899200       -0.00007411023303        0.00035133907800
   1540        9.94621646585120        9.97268919541386        9.92038259778813       -0.00009287585222        0.00003734303237       -0.00008206211515
   1540        9.08962211382778       11.31383876717432       10.86595858172736       -0.00064407243317       -0.00087504841881        0.00089127628577
   1540        9.83338676604287        8.50366170471372       11.05532215925146        0.00153168281370       -0.00006425382980        0.00034279112903
   1541        9.94584446226880        9.97283790025329        9.92005583741426       -0.00009312216936        0.00003704168424       -0.00008127847012
   1541        9.08705212651857       11.31033072807108       10.86951674684400       -0.00064090490536       -0.00087885240180        0.00088767512781
   1541        9.83951663177064        8.50342486747280       11.05667585250499        0.00153337595085       -0.00005392915773        0.00033386039901
   1542        9.94547148849629        9.97298552888774        9.91973237002715       -0.00009336401041        0.00003678166620       -0.00008042299878
   1542        9.08449487458487       11.30680794795994       10.87305998274981       -0.00063769922343       -0.00088241022328        0.00088379000990
   1542        9.84565377364968        8.50323027145186       11.05799304244352        0.00153524654432       -0.00004311838370        0.00032450971442
   1543        9.94509755018550        9.97313215358285        9.91941245342404       -0.00009360905445        0.00003651546826       -0.00007951000973
   1543        9.08195053273111       11.30327144628485       10.87658706692321       -0.00063442611163       -0.00088572848964        0.00087958442752
   1543        9.85179860412521        8.50307992040320       11.05927193022035        0.00153715346446       -0.00003179454231        0.00031465759542
   1544        9.94472261606067        9.97327765263378        9.91909628994931       -0.00009386951739        0.00003620666828       -0.00007854637464
   1544        9.07941946569179       11.29972212004280       10.88009665816994       -0.00063103567750       -0.00088885513326        0.00087503872947
   1544        9.85795100136538        8.50297591511340       11.06051030320691        0.00153899460125       -0.00001994077384        0.00030419307733
   1545        9.94434659404637        9.97342180692907        9.91878408242695       -0.00009416349863        0.00003584483922       -0.00007752477810
   1545        9.07690224731109       11.29616060521878       10.88358737675897       -0.00062749030097       -0.00089184981930        0.00087015359076
   1545        9.86411056093524        8.50292039421245       11.06170547483896        0.00154074024317       -0.00000755096410        0.00029301755977
   1546        9.94396930807161        9.97356441134755        9.91847609172455       -0.00009451078660        0.00003543376347       -0.00007642831958
   1546        9.07439954328401       11.29258732148840       10.88705788689604       -0.00062379431984       -0.00089474824292        0.00086494027517
   1546        9.87027692331078        8.50291550740059       11.06285444368504        0.00154243185520        0.00000536864918        0.00028109070583
   1547        9.94359050775358        9.97370527703682        9.91817265587033       -0.00009492298200        0.00003496481202       -0.00007524195103
   1547        9.07191189275237       11.28900261927539       10.89050689896034       -0.00062000425137       -0.00089755778732        0.00085939947922
   1547        9.87645001577680        8.50296334340588       11.06395420048558        0.00154414962889        0.00001877706732        0.00026844589494
   1548        9.94320992421561        9.97384412984370        9.91787415611632       -0.00009539567570        0.00003441015311       -0.00007396416975
   1548        9.06943950927302       11.28540685918982       10.89393308272980       -0.00061620322547       -0.00090028119376        0.00085351145771
   1548        9.88263012034187        8.50306572393918       11.06500201084460        0.00154597034887        0.00003257702853        0.00025516687548
   1549        9.94282734234798        9.97398055826173        9.91758094251229       -0.00009590916593        0.00003374682134       -0.00007261170722
   1549        9.06698226694861       11.28180036972530       10.89733499062199       -0.00061245350561       -0.00090293843615        0.00084724837811
   1549        9.88881777856777        8.50322395963414       11.06599553548939        0.00154793378054        0.00004662537688        0.00024134499541
   1550        9.94244265088815        9.97411410441438        9.91729326245853       -0.00009643551676        0.00003298314790       -0.00007121344926
   1550        9.06453988122818       11.27818335170059       10.90071106975470       -0.00060876631493       -0.00090556942761        0.00084059422100
   1550        9.89501359058618        8.50343872695424       11.06693277080789        0.00155002929410        0.00006076383501        0.00022704880831
   1551        9.94205585821386        9.97424442344494        9.91701123491824       -0.00009694734581        0.00003216154905       -0.00006979929356
   1551        9.06211213642918       11.27455581430439       10.90405974438998       -0.00060510241761       -0.00090822388480        0.00083355469236
   1551        9.90121801292058        8.50371007031424       11.06781192595586        0.00155221181527        0.00007484301524        0.00021232297402
   1552        9.94166707212166        9.97437139680676        9.91673486811006       -0.00009742733136        0.00003134093745       -0.00006839414371
   1552        9.05969906188728       11.27091756062217       10.90737950729359       -0.00060138566909       -0.00091095176254        0.00082615520913
   1552        9.90743128510832        8.50403747107614       11.06863135460007        0.00155443777506        0.00008874139849        0.00019720340762
   1553        9.94127643956300        9.97449515094456        9.91646408176855       -0.00009787557277        0.00003057242696       -0.00006701857548
   1553        9.05730105107650       11.26726820020406       10.91066898606299       -0.00059751891897       -0.00091379331647        0.00081843059105
   1553        9.91365351512107        8.50442000150218       11.06938955321681        0.00155669267744        0.00010238520478        0.00018173065304
   1554        9.94088406753952        9.97461597622247        9.91619871950623       -0.00009830787625        0.00002987805905       -0.00006568607390
   1554        9.05491891053550       11.26360721409043       10.91392695202202       -0.00059340721720       -0.00091676095454        0.00081040672626
   1554        9.91988482652783        8.50485655271435       11.07008519982438        0.00155899633720        0.00011575566391        0.00016595761788
   1555        9.94048997655297        9.97473417541697        9.91593859317732       -0.00009874324903        0.00002924277833       -0.00006439045238
   1555        9.05255379333888       11.25993411256770       10.91715223987303       -0.00058899055832       -0.00091982199360        0.00080208716098
   1555        9.92612548581868        8.50534604681345       11.07071721415983        0.00156139678546        0.00012887849212        0.00014994651248
   1556        9.94009412154730        9.97484991844909        9.91568359588718       -0.00009918967757        0.00002862589578       -0.00006309569122
   1556        9.05020698606892       11.25624863814166       10.92034364930985       -0.00058427381995       -0.00092289985167        0.00079346595399
   1556        9.93237600081147        8.50588758065128       11.07128477192419        0.00156396094991        0.00014180402332        0.00013375032392
   1557        9.93969645913243        9.97496318258323        9.91543382764755       -0.00009964017224        0.00002798563342       -0.00006174784921
   1557        9.04787960277929       11.25255091375431       10.92349996750492       -0.00057933196126       -0.00092589478649        0.00078455901926
   1557        9.93863717341793        8.50648047900003       11.07178721675115        0.00156675889904        0.00015457988125        0.00011739507461
   1558        9.93929700016941        9.97507380351648        9.91518961309351       -0.00010008206012        0.00002730176958       -0.00006030755604
   1558        9.04557233037887       11.24884147984977       10.92662012146397       -0.00057428460386       -0.00092870929115        0.00077542126502
   1558        9.94491007200382        8.50712421970131       11.07222393252106        0.00156984254221        0.00016722367092        0.00010088324237
   1559        9.93889580265145        9.97518159673989        9.91495136719921       -0.00010051086846        0.00002658277974       -0.00005877511420
   1559        9.04328532594843       11.24512123942510       10.92970333762507       -0.00056926009708       -0.00093126006177        0.00076613731076
   1559        9.95119591375563        8.50781826836741       11.07259428269011        0.00157322372672        0.00017971340177        0.00008421436258
   1560        9.93849291322176        9.97528646575441        9.91471941217988       -0.00010093731697        0.00002585446791       -0.00005718447059
   1560        9.04101824960221       11.24139139935562       10.93274921995005       -0.00056436610756       -0.00093347368694        0.00075679600600
   1560        9.95749586181760        8.50856192691548       11.07289764742167        0.00157685689076        0.00019199525297        0.00006740724683
   1561        9.93808830411571        9.97538843248315        9.91449389143452       -0.00010138219826        0.00002514177033       -0.00005557374684
   1561        9.03877039708797       11.23765344992960       10.93575770567305       -0.00055966865976       -0.00093529095347        0.00074745860295
   1561        9.96381076888174        8.50935423039118       11.07313354066477        0.00158063612582        0.00020399242685        0.00005051674733
   1562        9.93768185563568        9.97548759991702        9.91427482220518       -0.00010186136488        0.00002445870188       -0.00005395989399
   1562        9.03654090032414       11.23390907172784       10.93872888877365       -0.00055518421880       -0.00093669523388        0.00073813737428
   1562        9.97014095082416        8.51019386633030       11.07330178140034        0.00158441217408        0.00021561292971        0.00003363789600
   1563        9.93727341319668        9.97558410209822        9.91406221228257       -0.00010237077796        0.00002380904014       -0.00005233400128
   1563        9.03432892333753       11.23015988805859       10.94166280466726       -0.00055088627252       -0.00093773187734        0.00072880246307
   1563        9.97648606627435        8.51107913382890       11.07340264383274        0.00158802297026        0.00022676553259        0.00001688667084
   1564        9.93686288941197        9.97567807223817        9.91385615019491       -0.00010288750335        0.00002319104165       -0.00005067309759
   1564        9.03213381014394       11.22640721670910       10.94455930847822       -0.00054671716219       -0.00093848279485        0.00071940798847
   1564        9.98284513458621        8.51200799059103       11.07343687476705        0.00159133220493        0.00023738526747        0.00000036054280
   1565        9.93645031316991        9.97576963043146        9.91365682750183       -0.00010339154141        0.00002260293164       -0.00004895771553
   1565        9.02995518603998       11.22265202569979       10.94741806857500       -0.00054260484569       -0.00093901368333        0.00070991330619
   1565        9.98921672391376        8.51297821596865       11.07340552817511        0.00159427106315        0.00024746048392       -0.00001589858956
   1566        9.93603575708072        9.97585889569131        9.91346448847068       -0.00010388802456        0.00002204892787       -0.00004718788570
   1566        9.02779297137845       11.21889510724243       10.95023861492777       -0.00053848782860       -0.00093933345121        0.00070029224254
   1566        9.99559930309140        8.51398767446241       11.07330968605054        0.00159686442623        0.00025704469437       -0.00003191460095
   1567        9.93561920897342        9.97594602185439        9.91327932441626       -0.00010440423324        0.00002154104349       -0.00004539072113
   1567        9.02564728341121       11.21513735809014       10.95302040651532       -0.00053433503756       -0.00093938579073        0.00069053784347
   1567       10.00199163932360        8.51503457352361       11.07315021136751        0.00159922354803        0.00026623316695       -0.00004775410277
   1568        9.93520052321480        9.97603122403922        9.91310136270161       -0.00010496318115        0.00002109053854       -0.00004361323071
   1568        9.02351829107793       11.21138002091655       10.95576291767554       -0.00053015183683       -0.00093907687121        0.00068066625606
   1568       10.00839309147566        8.51611753979798       11.07292765322840        0.00160151276113        0.00027510638442       -0.00006348589173
   1569        9.93477950352423        9.97611474616275        9.91293041857056       -0.00010555926862        0.00002069191509       -0.00004190227930
   1569        9.02140606871653       11.20762474312046       10.95846573656378       -0.00052597877958       -0.00093832158394        0.00067071174227
   1569       10.01480374141265        8.51723542459899       11.07264232423367        0.00160391082402        0.00028367804400       -0.00007914691420
   1570        9.93435604906580        9.97619675935990        9.91276614446722       -0.00010615569461        0.00002031330422       -0.00004028388401
   1570        9.01931046084126       11.20387344824504       10.96112861161368       -0.00052188090143       -0.00093707436163        0.00066070447221
   1570       10.02122437806785        8.51838696414997       11.07229447791481        0.00160657518852        0.00029188910321       -0.00009473106030
   1571        9.93393025796736        9.97627725259647        9.91260814749845       -0.00010670403880        0.00001990642998       -0.00003875423671
   1571        9.01723102150511       11.20012814822744       10.96375137234147       -0.00051792573814       -0.00093533739511        0.00065064577270
   1571       10.02765634292083        8.51957053742465       11.07188447575128        0.00160960880186        0.00029964612104       -0.00011020250906
   1572        9.93350241675544        9.97635601079974        9.91245611057352       -0.00010717312101        0.00001943415570       -0.00003728525968
   1572        9.01516705493618       11.19639074908413       10.96633377779529       -0.00051416467278       -0.00093316385166        0.00064050547315
   1572       10.03410124848274        8.52078413311830       11.07141285784231        0.00161303800325        0.00030686003819       -0.00012552008138
   1573        9.93307287299928        9.97643272584208        9.91230986542105       -0.00010756899834        0.00001889653679       -0.00003583969540
   1573        9.01311770412287       11.19266283741415       10.96887541612665       -0.00051062094210       -0.00093065285323        0.00063023635864
   1573       10.04056064694683        8.52202541773021       11.07088031510023        0.00161681626472        0.00031345356017       -0.00014065293124
   1574        9.93264186476868        9.97650718309409        9.91216939301030       -0.00010793232017        0.00001833411599       -0.00003438889574
   1574        9.01108208739940       11.18894552625828       10.97137566866440       -0.00050727780960       -0.00092792518231        0.00061978745360
   1574       10.04703577860051        8.52329176159968       11.07028763439238        0.00162085194001        0.00031935001891       -0.00015557875382
   1575        9.93220941443795        9.97657939877001        9.91203475425511       -0.00010831355223        0.00001780362621       -0.00003292462548
   1575        9.00905948164605       11.18523943595571       10.97383371575544       -0.00050408298005       -0.00092509515490        0.00060912265981
   1575       10.05352746246693        8.52458021788151       11.06963568506967        0.00162503716023        0.00032447307725       -0.00017027013473
   1576        9.93177535635082        9.97664961210375        9.91190599600649       -0.00010874196683        0.00001734265696       -0.00003145620208
   1576        9.00704942355903       11.18154476501909       10.97624864994289       -0.00050097866476       -0.00092225416932        0.00059824755192
   1576       10.06003607588232        8.52588754621769       11.06892547331456        0.00162926498128        0.00032876637434       -0.00018467997804
   1577        9.93133947870331        9.97671814002566        9.91178310463850       -0.00010921117457        0.00001694876329       -0.00002999526198
   1577        9.00505165232798       11.17786140260116       10.97861969617079       -0.00049792936832       -0.00091945949207        0.00058721955003
   1577       10.06656158231720        8.52721034887625       11.06815824524538        0.00163344809760        0.00033221633571       -0.00019873708924
   1578        9.93090166695430        9.97678520221006        9.91166603391065       -0.00010969431892        0.00001658828032       -0.00002854407028
   1578        9.00306598861243       11.17418908908250       10.98094640634313       -0.00049492851068       -0.00091672583610        0.00057613247440
   1578       10.07310366066313        8.52854527690340       11.06733557660060        0.00163754795990        0.00033485231228       -0.00021235533476
   1579        9.93046192415192        9.97685084626822        9.91155475207626       -0.00011017490380        0.00001622708870       -0.00002709912887
   1579        9.00109222424253       11.17052759591236       10.98322875596601       -0.00049199699974       -0.00091402668726        0.00056509299871
   1579       10.07966196599637        8.52988916737446       11.06645940256730        0.00164159613422        0.00033672034563       -0.00022544755306
   1580        9.93002026772393        9.97691501891968        9.91144924087965       -0.00011066039391        0.00001585679236       -0.00002566278377
   1580        8.99913001261447       11.16687687558445       10.98546715033284       -0.00048917995849       -0.00091130179489        0.00055419364103
   1580       10.08623642973686        8.53123903966844       11.06553199617611        0.00164568583228        0.00033785788251       -0.00023794059259
   1581        9.92957664100066        9.97697770060708        9.91134944980609       -0.00011116546799        0.00001549493408       -0.00002424634312
   1581        8.99717878457458       11.16323718155321       10.98766230509425       -0.00048653610103       -0.00090846192796        0.00054348384691
   1581       10.09282745265463        8.53259203043454       11.06455587782655        0.00164993377781        0.00033828626407       -0.00024979825377
   1582        9.92913094398002        9.97703897839236        9.91125527013471       -0.00011168901762        0.00001516501909       -0.00002285948256
   1582        8.99523772380623       11.15960918016079       10.98981502110810       -0.00048412260370       -0.00090539278596        0.00053296143883
   1582       10.09943589995936        8.53394532978097       11.06353361014596        0.00165443296599        0.00033800568763       -0.00026104044297
   1583        9.92868312885973        9.97709902075979        9.91116657394564       -0.00011221227528        0.00001488004854       -0.00002149888160
   1583        8.99330580374495       11.15599403926556       10.99192599660487       -0.00048197863941       -0.00090197029849        0.00052259301101
   1583       10.10606291638258        8.53529607593555       11.06246755428278        0.00165921977926        0.00033698646138       -0.00027173031449
   1584        9.92823324577775        9.97715801878065        9.91108327908189       -0.00011271514667        0.00001464196740       -0.00002015265041
   1584        8.99138189469092       11.15239341777283       10.99399576519619       -0.00048011295110       -0.00089809295369        0.00051234273272
   1584       10.11270965819346        8.53664122147203       11.06135976763008        0.00166426471321        0.00033517478427       -0.00028193099156
   1585        9.92778140768637        9.97721615649899        9.91100535274237       -0.00011319057043        0.00001444909302       -0.00001881743959
   1585        8.98946490013616       11.14880929563607       10.99602473846667       -0.00047850774252       -0.00089370954638        0.00050219746315
   1585       10.11937703408824        8.53797747420967       11.06021210635030        0.00166948348027        0.00033251533242       -0.00029166698167
   1586        9.92732772121433        9.97727361152478        9.91093273956517       -0.00011364558450        0.00001429994970       -0.00001750671250
   1586        8.98755383275079       11.14524374140181       10.99801334490137       -0.00047713505469       -0.00088881210021        0.00049218610875
   1586       10.12606552603565        8.53930134413143       11.05902643177676        0.00167476680939        0.00032897204311       -0.00030091443967
   1587        9.92687224301037        9.97733055609660        9.91086529904237       -0.00011408960822        0.00001419127678       -0.00001624225932
   1587        8.98564781969867       11.14169879883440       10.99996222733668       -0.00047596985011       -0.00088340606114        0.00048237412425
   1587       10.13277516856339        8.54060925055454       11.05780479083290        0.00168002279326        0.00032454291307       -0.00030962193675
   1588        9.92641500434857        9.97738714173900        9.91080280149065       -0.00011451966359        0.00001411564690       -0.00001504524348
   1588        8.98374607394994       11.13817649291267       11.00187233789533       -0.00047499818779       -0.00087750096233        0.00047282243857
   1588       10.13950570838171        8.54189768743599       11.05654945628274        0.00168521195728        0.00031927570911       -0.00031775420997
   1589        9.92595608570167        9.97744348127177        9.91074493709456       -0.00011491945007        0.00001406502983       -0.00001393508667
   1589        8.98184783419635       11.13467879113576       11.00374480684527       -0.00047421769897       -0.00087112889404        0.00046354395446
   1589       10.14625686422161        8.54316345622741       11.05526275715316        0.00169035996449        0.00031327622621       -0.00032533465220
   1590        9.92549564874798        9.97749966197761        9.91069132079727       -0.00011527728684        0.00001403943482       -0.00001292315328
   1590        8.97995233235820       11.13120746176031       11.00558068953105       -0.00047362263746       -0.00086436028497        0.00045449995986
   1590       10.15302858809765        8.54440389724564       11.05394677906514        0.00169554926508        0.00030669414137       -0.00033245146759
   1591        9.92503386740697        9.97755579675034        9.91064155186831       -0.00011560250526        0.00001405033875       -0.00001199776307
   1591        8.97805885309665       11.12776390885598       11.00738080652414       -0.00047319265779       -0.00085730192064        0.00044563194220
   1591       10.15982125834226        8.54561700935840       11.05260314541244        0.00170089323014        0.00029968863562       -0.00033921700278
   1592        9.92457082870590        9.97761206468757        9.91059533869273       -0.00011591859690        0.00001411135987       -0.00001111907031
   1592        8.97616679109589       11.12434904639515       11.00914574506862       -0.00047290619828       -0.00085008151024        0.00043688987400
   1592       10.16663573393874        8.54680140633060       11.05123304304292        0.00170649797053        0.00029239200597       -0.00034570792316
   1593        9.92410651863177        9.97766868762929        9.91055259930584       -0.00011624076898        0.00001422324860       -0.00001023601271
   1593        8.97427560351041       11.12096325677406       11.01087592551611       -0.00047275774980       -0.00084281956045        0.00042824020111
   1593       10.17347324210646        8.54795614540612       11.04983748202717        0.00171242879536        0.00028488736095       -0.00035192921198
   1594        9.92364090255406        9.97772585067634        9.91051345059108       -0.00011656541364        0.00001436744477       -0.00000931477702
   1594        8.97238472909750       11.11760648991156       11.01257166667751       -0.00047275760516       -0.00083559625998        0.00041966821792
   1594       10.18033516430159        8.54908050521818       11.04841760934711        0.00171869678507        0.00027720559149       -0.00035782777004
   1595        9.92317399532267        9.97778362718746        9.91047808108969       -0.00011688406741        0.00001451401093       -0.00000835861240
   1595        8.97049354266913       11.11427848669425       11.01423327125945       -0.00047292772289       -0.00082843179526        0.00041118137714
   1595       10.18722281638706        8.55017379013803       11.04697485986686        0.00172526265828        0.00026934080993       -0.00036334145220
   1596        9.92270583001480        9.97784196276380        9.91044658169188       -0.00011720522721        0.00001463784509       -0.00000740420047
   1596        8.96860130731439       11.11097903554952       11.01586111769461       -0.00047330014481       -0.00082128877945        0.00040280498176
   1596       10.19413726556785        8.55123523169763       11.04551087772947        0.00173204352455        0.00026127583561       -0.00036844503144
   1597        9.92223635350497        9.97790072994817        9.91041884748594       -0.00011755820431        0.00001473181388       -0.00000649525733
   1597        8.96670714151067       11.10770817645866       11.01745571111356       -0.00047390595590       -0.00081409434673        0.00039457616294
   1597       10.20107916458349        8.55226399682295       11.04402729961533        0.00173891481499        0.00025299627958       -0.00037317145584
   1598        9.92176536438030        9.97795981727482        9.91039461963325       -0.00011797266208        0.00001480739310       -0.00000565291373
   1598        8.96481005966721       11.10446628077564       11.01901772699816       -0.00047476061269       -0.00080677586221        0.00038654844742
   1598       10.20804858408779        8.55325920193430       11.04252550608276        0.00174571831553        0.00024448085679       -0.00037760602863
   1599        9.92129257220833        9.97801918909298        9.91037362417613       -0.00011845183785        0.00001488226782       -0.00000486581426
   1599        8.96290905660916       11.10125396956096       11.02054809869291       -0.00047585799054       -0.00079929459939        0.00037879295570
   1599       10.21504491110771        8.55421984367729       11.04100645138626        0.00175229501328        0.00023568925318       -0.00038185194463
   1600        9.92081774967752        9.97807887541738        9.91035569311916       -0.00011896183813        0.00001496552741       -0.00000410554334
   1600        8.96100319574289       11.09807192398052       11.02204807064376       -0.00047716877982       -0.00079166041394        0.00037137481102
   1600       10.22206694419405        8.55514471595971       11.03947069052574        0.00175853863194        0.00022657418191       -0.00038598578901
   1601        9.92034087750331        9.97813891331225        9.91034077982940       -0.00011944584497        0.00001505271687       -0.00000335342719
   1601        8.95909170637059       11.09492068624946       11.02351909718110       -0.00047864314884       -0.00078392622768        0.00036431895536
   1601       10.22911322016322        8.55603243713257       11.03791856507421        0.00176443498777        0.00021710867010       -0.00039004098485
   1602        9.91986218291777        9.97819929715232        9.91032886570161       -0.00011985470655        0.00001513235215       -0.00000261789641
   1602        8.95717405055219       11.09180051415905       11.02496262228662       -0.00048022535013       -0.00077616836305        0.00035759994435
   1602       10.23618242409621        8.55688158532049       11.03635036264694        0.00177005643526        0.00020730336055       -0.00039402246382
   1603        9.91938203985092        9.97825997212942        9.91031983665808       -0.00012017245733        0.00001519632855       -0.00000192894558
   1603        8.95524990356953       11.08871133934509       11.02637989673587       -0.00048187222813       -0.00076845551682        0.00035116097559
   1603       10.24327367164533        8.55769086401698       11.03476638536367        0.00177552186514        0.00019721245322       -0.00039792201168
   1604        9.91890080325913        9.97832086778073        9.91031343413693       -0.00012041806612        0.00001524699729       -0.00000131285161
   1604        8.95331907272712       11.08565287002447       11.02777191009134       -0.00048356059767       -0.00076081971179        0.00034493719111
   1604       10.25038659901733        8.55845928494627       11.03316698655348        0.00178096217235        0.00018694010545       -0.00040173077600
   1605        9.91841869532200        9.97838194810777        9.91030933384519       -0.00012062604885        0.00001529629516       -0.00000076589029
   1605        8.95138141878816       11.08262478165078       11.02913939426474       -0.00048528169454       -0.00075325233329        0.00033887003325
   1605       10.25752136902415        8.55918638486061       11.03155253915568        0.00178650508979        0.00017663961547       -0.00040546206778
   1606        9.91793579486835        9.97844323814199        9.91030730701465       -0.00012082482506        0.00001535552263       -0.00000024943540
   1606        8.94943681917076       11.07962685135815       11.03048287035732       -0.00048703020923       -0.00074572883644        0.00033292178279
   1606       10.26467863973567        8.55987240187003       11.02992329001126        0.00179225039740        0.00016648639890       -0.00040916323499
   1607        9.91745209672155        9.97850479228880        9.91030733836203       -0.00012102535578        0.00001542318099        0.00000028614459
   1607        8.94748517711433       11.07665895095927       11.03180276852704       -0.00048879879866       -0.00073823992004        0.00032709126271
   1607       10.27185937220333        8.56051827605179       11.02827923327577        0.00179822621219        0.00015662985811       -0.00041289129708
   1608        9.91696759202213        9.97856662358987        9.91030959617133       -0.00012122057310        0.00001548342128        0.00000086798113
   1608        8.94552642878146       11.07372093199783       11.03309960045898       -0.00049058623569       -0.00073080752411        0.00032141507454
   1608       10.27906444943320        8.56112544073489       11.02662015963466        0.00180436895952        0.00014715608060       -0.00041667110246
   1609        9.91648233213674        9.97862865965904        9.91031428221109       -0.00012139414965        0.00001551840866        0.00000148621247
   1609        8.94356048722877       11.07081249076639       11.03437408912339       -0.00049241168987       -0.00072347644142        0.00031594900635
   1609       10.28629432387948        8.56169552469661       11.02494586445610        0.00181055362779        0.00013808372267       -0.00042047041105
   1610        9.91599643882492        9.97869077085916        9.91032148587110       -0.00012153515211        0.00001552441698        0.00000210490672
   1610        8.94158713526248       11.06793312046648       11.03562719250981       -0.00049431791631       -0.00071628306723        0.00031074189424
   1610       10.29354887845553        8.56223011051627       11.02325639634624        0.00181664335373        0.00012938629479       -0.00042420479876
   1611        9.91551005091984        9.97875285499491        9.91033112146482       -0.00012164794081        0.00001551706950        0.00000268309093
   1611        8.93960594389826       11.06508222622855       11.03686002427728       -0.00049635640964       -0.00070922520056        0.00030581354169
   1611       10.30082747070935        8.56273061505495       11.02155222606599        0.00182252367923        0.00012102394403       -0.00042776862697
   1612        9.91502325529843        9.97881490741513        9.91034295059855       -0.00012174729127        0.00001551803512        0.00000319447905
   1612        8.93761628398538       11.06225931886196       11.03807370084332       -0.00049856209879       -0.00070226803558        0.00030114586645
   1612       10.30812906788936        8.56319830206850       11.01983424733052        0.00182811650627        0.00011297444731       -0.00043107644375
   1613        9.91453607258966        9.97887699927589        9.91035667729724       -0.00012184243413        0.00001553351654        0.00000364143590
   1613        8.93561744710793       11.05946408194387       11.03926919120889       -0.00050093197284       -0.00069538326728        0.00029669641718
   1613       10.31545240275952        8.56363441063343       11.01810361451598        0.00183337756540        0.00010525538674       -0.00043409493525
   1614        9.91404851582542        9.97893917554745        9.91037208208573       -0.00012192750158        0.00001554927100        0.00000405566102
   1614        8.93360882820266       11.05669625272370       11.04044727218078       -0.00050342117612       -0.00068857540442        0.00029242632645
   1614       10.32279608841255        8.56404034516238       11.01636148784853        0.00183829002988        0.00009792845821       -0.00043685991526
   1615        9.91356065257704        9.97900139344390        9.91038912258540       -0.00012199177095        0.00001555107263        0.00000448315915
   1615        8.93159007769894       11.05395547870852       11.04160860182046       -0.00050596269192       -0.00068187132496        0.00028831913401
   1615       10.33015872299858        8.56441783829911       11.01460873519391        0.00184287147178        0.00009108200781       -0.00043947664047
   1616        9.91307258165785        9.97906358412851        9.91040794735897       -0.00012204010873        0.00001554575314        0.00000496150944
   1616        8.92956112666727       11.05124128212405       11.04275382525289       -0.00050850502780       -0.00067529577569        0.00028438096032
   1616       10.33753906018676        8.56476900122483       11.01284567472479        0.00184718209000        0.00008480138650       -0.00044209071816
   1617        9.91258433170717        9.97912575946901        9.91042881466093       -0.00012209893667        0.00001555453915        0.00000549943913
   1617        8.92752203747654       11.04855311250301       11.04388364950301       -0.00051104524927       -0.00066885419099        0.00028063328534
   1617       10.34493617971860        8.56509624939111       11.01107200944862        0.00185130560403        0.00007914911574       -0.00044483653425
   1618        9.91209579016447        9.97918802044169        9.91045194287200       -0.00012219832435        0.00001558352181        0.00000607090592
   1618        8.92547276467313       11.04589044859615       11.04499889153561       -0.00051362720265       -0.00066252560200        0.00027710791152
   1618       10.35234950501901        8.56540219415077       11.00928698245076        0.00185530632411        0.00007416827204       -0.00044780522212
   1619        9.91160674511236        9.97925042764351        9.91047738190826       -0.00012234758189        0.00001560099701        0.00000663296115
   1619        8.92341301985534       11.04325290768704       11.04610051279517       -0.00051630309062       -0.00065627581349        0.00027384000652
   1619       10.35977863031148        8.56568959556741       11.00748956767162        0.00185919304698        0.00006989693840       -0.00045105624117
   1620        9.91111700950935        9.97931282841778        9.91050500656121       -0.00012252720916        0.00001554478706        0.00000715373914
   1620        8.92134233994821       11.04064024208825       11.04718961158776       -0.00051909275005       -0.00065009403919        0.00027085057174
   1620       10.36722304939488        8.56596136965797       11.00567853252142        0.00186291041135        0.00006637214593       -0.00045464273667
   1621        9.91062652743908        9.97937478594001        9.91053461182134       -0.00012270300118        0.00001535873448        0.00000762404756
   1621        8.91926027785497       11.03805215537350       11.04826731736906       -0.00052196529287       -0.00064402333621        0.00026812466826
   1621       10.37468191360228        8.56622057273482       11.00385242577822        0.00186635814232        0.00006361795046       -0.00045861330720
   1622        9.91013538549990        9.97943569829362        9.91056599894172       -0.00012284834473        0.00001503287591        0.00000805028001
   1622        8.91716661760526       11.03548805539856       11.04933460893380       -0.00052483830889       -0.00063815689522        0.00026561145108
   1622       10.38215391453345        8.56647031326162       11.00200962606384        0.00186942242488        0.00006163232067       -0.00046299336945
   1623        9.90964374068122        9.97949504894732        9.91059901406138       -0.00012295424225        0.00001461327261        0.00000844777780
   1623        8.91506157138386       11.03294690021173       11.05039220897772       -0.00052759184184       -0.00063261077111        0.00026325687746
   1623       10.38963729300133        8.56671363130019       11.00014847882260        0.00187199886793        0.00006039235665       -0.00046777024919
   1624        9.90915175156189        9.97955260447448        9.91063358116411       -0.00012302108934        0.00001417028691        0.00000883957712
   1624        8.91294588287054       11.03042716922967       11.05144066395346       -0.00053010039206       -0.00062749640770        0.00026103791262
   1624       10.39712990547688        8.56695345211485       10.99826746407030        0.00187400246775        0.00005987866028       -0.00047289412399
   1625        9.90865957196646        9.97960841124259        9.91066973067835       -0.00012304790247        0.00001375235500        0.00000924975511
   1625        8.91082076824734       11.02792692895011       11.05248051227869       -0.00053227029209       -0.00062289772051        0.00025896432710
   1625       10.40462931274329        8.56719266058243       10.99636532583065        0.00187537614363        0.00006009655219       -0.00047829741104
   1626        9.90816736834212        9.97966262331447        9.91070757920502       -0.00012303395641        0.00001336593403        0.00000969036782
   1626        8.90868772053382       11.02544398746556       11.05351237857028       -0.00053406612075       -0.00061885125859        0.00025705570844
   1626       10.41213291462592        8.56743422453234       10.99444108478200        0.00187610679447        0.00006107911008       -0.00048392769604
   1627        9.90767530031516        9.97971533871483        9.91074725362090       -0.00012298587993        0.00001299471977        0.00001015380567
   1627        8.90654823928135       11.02297611888137       11.05453695794620       -0.00053551982031       -0.00061533856162        0.00025531991060
   1627       10.41963816709904        8.56768129346303       10.99249390426233        0.00187624553072        0.00006287996168       -0.00048977321446
   1628        9.90718348130265        9.97976658107259        9.91078880965042       -0.00012291496030        0.00001263072666        0.00001061856063
   1628        8.90440356197134       11.02052127897261       11.05555493785508       -0.00053671393898       -0.00061229930254        0.00025374364950
   1628       10.42714287887171        8.56793726422578       10.99052289906629        0.00187591458815        0.00006556348339       -0.00049586420100
   1629        9.90669198063274        9.97981638452813        9.91083220210595       -0.00012282486478        0.00001228077358        0.00001106359013
   1629        8.90225452776952       11.01807772446107       11.05656690714217       -0.00053773931035       -0.00060965748160        0.00025229766833
   1629       10.43464548380421        8.56820580133014       10.98852699065436        0.00187527897211        0.00006919062220       -0.00050226157582
   1630        9.90620088238445        9.97986482726120        9.91087731837143       -0.00012270389904        0.00001194475409        0.00001148047634
   1630        8.90010164748855       11.01564401911983       11.05757331920174       -0.00053865467892       -0.00060734593714        0.00025095616579
   1630       10.44214511064858        8.56849078920340       10.98650480645971        0.00187448286993        0.00007380164766       -0.00050904620675
   1631        9.90571034944044        9.97991194256082        9.91092404591669       -0.00012253270607        0.00001159649484        0.00001187984955
   1631        8.89794529033815       11.01321895696392       11.05857455646848       -0.00053947399984       -0.00060532746423        0.00024971832252
   1631       10.44964134676364        8.56879621451144       10.98445462100039        0.00187358048976        0.00007939927433       -0.00051629482815
   1632        9.90522062073591        9.97995759921992        9.91097235716781       -0.00012230285503        0.00001119183212        0.00001229418504
   1632        8.89578585548982       11.01080139940602       11.05957106578190       -0.00054017675269       -0.00060361382201        0.00024861600688
   1632       10.45713375456664        8.56912598339802       10.98237444783453        0.00187249590995        0.00008593926664       -0.00052403219348
   1633        9.90473192660023        9.98000147721777        9.91102239939701       -0.00012202674915        0.00001069380469        0.00001277065223
   1633        8.89362387631662       11.00839004638782       11.06056348452356       -0.00054072760007       -0.00060226352891        0.00024770020229
   1633       10.46462131404324        8.56948372864453       10.98026236345255        0.00187103175880        0.00009334089590       -0.00053218751991
   1634        9.90424440674271        9.98004314965748        9.91107452238566       -0.00012172547250        0.00001008877895        0.00001334626989
   1634        8.89146003468922       11.00598329117475       11.06155266740024       -0.00054110155145       -0.00060134300940        0.00024701025339
   1634       10.47210200863704        8.56987271056524       10.97811694767524        0.00186892850853        0.00010151301571       -0.00054059629814
   1635        9.90375812282025        9.98008218744941        9.91112916955614       -0.00012140952847        0.00000938574240        0.00001401849015
   1635        8.88929506390505       11.00357930231263       11.06253956655066       -0.00054130574073       -0.00060087930082        0.00024654735339
   1635       10.47957274211144        8.57029583277022       10.97593759306740        0.00186595585077        0.00011037591074       -0.00054905666502
   1636        9.90327313051496        9.98011823559670        9.91118667030690       -0.00012107801281        0.00000861110342        0.00001473806720
   1636        8.88712958876340       11.00117625676821       11.06352504622736       -0.00054138058118       -0.00060084599388        0.00024627701978
   1636       10.48702965544321        8.57075571785113       10.97372449435504        0.00186200027020        0.00011987575623       -0.00055740990543
   1637        9.90278949871779        9.98015107627676        9.91124707409377       -0.00012073388883        0.00000780467515        0.00001543342709
   1637        8.88496401925559       10.99877253436156       11.06450978270892       -0.00054137617508       -0.00060118165805        0.00024615563580
   1637       10.49446874427303        8.57125483882007       10.97147831382399        0.00185710814911        0.00012999822023       -0.00056559728264
   1638        9.90230725940436        9.98018067299788        9.91131013772360       -0.00012038941099        0.00000700799267        0.00001604849224
   1638        8.88279857936276       10.99636680350380       11.06549429131379       -0.00054131977361       -0.00060181552100        0.00024615274231
   1638       10.50188652063606        8.57179570361297       10.96919971609392        0.00185146025211        0.00014077420975       -0.00057366051366
   1639        9.90182638342984        9.98020714021814        9.91137546203173       -0.00012005246337        0.00000624488890        0.00001656761682
   1639        8.88063346106670       10.99395801019358       11.06647900464738       -0.00054119150080       -0.00060269317241        0.00024625448047
   1639       10.50928042628988        8.57238103249809       10.96688902971471        0.00184529533121        0.00015227373696       -0.00058169758022
   1640        9.90134683969740        9.98023063210909        9.91144267865816       -0.00011971277437        0.00000551305263        0.00001701399947
   1640        8.87846904735632       10.99154525812452       11.06746432715753       -0.00054091689814       -0.00060379660216        0.00024645187365
   1640       10.51664888328576        8.57301389350867       10.96454613545218        0.00183883404056        0.00016459007145       -0.00058981793472
   1641        9.90086868123486        9.98025124463918        9.91151157402749       -0.00011934738360        0.00000479871745        0.00001742754363
   1641        8.87630612588157       10.98912763737628       11.06845061963659       -0.00054038488446       -0.00060514075954        0.00024672374830
   1641       10.52399109861435        8.57369775306965       10.96217048623697        0.00183223404727        0.00017780748082       -0.00059811759028
   1642        9.90039206062859        9.98026902184871        9.91158209900722       -0.00011894175079        0.00000409946243        0.00001783952840
   1642        8.87414596828061       10.98670413204821       11.06943811714394       -0.00053949140381       -0.00060675299556        0.00024703112075
   1642       10.53130675566390        8.57443635335520       10.95976119472992        0.00182556417477        0.00019196187307       -0.00060665536729
   1643        9.89991714722850        9.98028404033863        9.91165429025472       -0.00011850418663        0.00000342876301        0.00001826075612
   1643        8.87199019465109       10.98427361341180       11.07042686860257       -0.00053817974680       -0.00060866611629        0.00024733018609
   1643       10.53859561201251        8.57523344805420       10.95731724329862        0.00181878701521        0.00020702402984       -0.00061542869236
   1644        9.89944402713553        9.98029645195281        9.91172818505618       -0.00011805702008        0.00000279458506        0.00001869099143
   1644        8.86984053030620       10.98183480311786       11.07141675863268       -0.00053644392718       -0.00061092924666        0.00024758675918
   1644       10.54585705178559        8.57609254559393       10.95483776519106        0.00181176615013        0.00022290868291       -0.00062438112252
   1645        9.89897269106787        9.98030639701913        9.91180381818616       -0.00011761400380        0.00000217352820        0.00001913936699
   1645        8.86769864323365       10.97938617943853       11.07240756267601       -0.00053430457174       -0.00061361396294        0.00024778136046
   1645       10.55308974121352        8.57701671751750       10.95232219431850        0.00180430499418        0.00023949293545       -0.00063344164915
   1646        9.89850311510516        9.98031384017839        9.91188129999214       -0.00011716939046        0.00000151179097        0.00001962951429
   1646        8.86556609373226       10.97692589141437       11.07339900951637       -0.00053179339689       -0.00061680813432        0.00024791762057
   1646       10.56029149173902        8.57800848907756       10.94977023199787        0.00179619932846        0.00025664625116       -0.00064255130540
   1647        9.89803533594417        9.98031849134690        9.91196085430044       -0.00011671068591        0.00000075922791        0.00002017719008
   1647        8.86344429605851       10.97445171436395       11.07439090364057       -0.00052895550846       -0.00062059801810        0.00024803653367
   1647       10.56745933584123        8.57906988752676       10.94718178387528        0.00178728964725        0.00027426366657       -0.00065166282513
   1648        9.89756942961788        9.98031991400166        9.91204271751274       -0.00011624242396       -0.00000009398461        0.00002076389399
   1648        8.86133444966455       10.97196110726955       11.07538330178573       -0.00052585246463       -0.00062503153321        0.00024821897795
   1648       10.57458980891702        8.58020259841009       10.94455692939681        0.00177750722619        0.00029227092475       -0.00066073944693
   1649        9.89710539655245        9.98031773947002        9.91212696545239       -0.00011579622601       -0.00000101317185        0.00002133861790
   1649        8.85923747634147       10.96945146209830       11.07637665546417       -0.00052255534992       -0.00063008130536        0.00024856723889
   1649       10.58167939365078        8.58140805492473       10.94189586829984        0.00176689699159        0.00031060545173       -0.00066975674361
   1650        9.89664305980977        9.98031180862684        9.91221342645594       -0.00011541084904       -0.00000194923503        0.00002184872230
   1650        8.85715400686518       10.96692045682665       11.07737183969687       -0.00051912816797       -0.00063564812555        0.00024917063408
   1650       10.58872498484976        8.58268744202390       10.93919887544794        0.00175560608737        0.00032920904613       -0.00067869469722
   1651        9.89618210976009        9.98030214558982        9.91230175523083       -0.00011509391373       -0.00000287388075        0.00002227210359
   1651        8.85508445099773       10.96436627709387       11.07837002053681       -0.00051560861110       -0.00064160093715        0.00025007053553
   1651       10.59572424234976        8.58404172729378       10.93646631072205        0.00174385173069        0.00034803475335       -0.00068753065781
   1652        9.89572230849995        9.98028881758084        9.91239160328470       -0.00011480165536       -0.00000379091944        0.00002262591148
   1652        8.85302913797636       10.96178764932948       11.07937240398115       -0.00051200010406       -0.00064780661286        0.00025125208871
   1652       10.60267579869530        8.58547172005068       10.93369863018543        0.00173188012319        0.00036704670182       -0.00069623983682
   1653        9.89526369651721        9.98027181823433        9.91248276252270       -0.00011446147712       -0.00000471616295        0.00002295002024
   1653        8.85098845016525       10.95918382419095       11.08038003724650       -0.00050828113263       -0.00065413709528        0.00025267160658
   1653       10.60957928333531        8.58697810090831       10.93089639202750        0.00171991017803        0.00038621613574       -0.00070478871462
   1654        9.89480661668298        9.98025108827725        9.91257520344660       -0.00011402221294       -0.00000564324574        0.00002328130934
   1654        8.84896288891529       10.95655455256721       11.08139377683381       -0.00050442057717       -0.00066048060518        0.00025428838604
   1654       10.61643508011951        8.58856144913658       10.92806032046846        0.00170807157340        0.00040552536852       -0.00071312715359
   1655        9.89435151881370        9.98022667226839        9.91266901299745       -0.00011349011109       -0.00000652655472        0.00002363431688
   1655        8.84695308554792       10.95389997934954       11.08241434433479       -0.00050038593043       -0.00066676192667        0.00025607346011
   1655       10.62324385592250        8.59022230385645       10.92519137479879        0.00169637481850        0.00042496996313       -0.00072120138913
   1656        9.89389869579422        9.98019887583951        9.91276427798162       -0.00011291775150       -0.00000730195467        0.00002399420357
   1656        8.84495980147184       10.95122045715388       11.08344236451467       -0.00049614472423       -0.00067295503504        0.00025800402099
   1656       10.63000607866748        8.59196120884164       10.92229070935543        0.00168473305497        0.00044454448035       -0.00072897682927
   1657        9.89344817680167        9.98016825663101        9.91286096662598       -0.00011235394806       -0.00000793391018        0.00002432544457
   1657        8.84298392775407       10.94851633906919       11.08447837650267       -0.00049166927961       -0.00067908562512        0.00026005490236
   1657       10.63672172036229        8.59377865969922       10.91935956016466        0.00167301137169        0.00046421696804       -0.00073643876709
   1658        9.89299986420977        9.98013540455808        9.91295888153820       -0.00011180370884       -0.00000845156332        0.00002459621012
   1658        8.84102644723495       10.94578777215289       11.08552280373351       -0.00048694770061       -0.00068522725058        0.00026218607241
   1658       10.64339016964098        8.59567494458600       10.91639919921871        0.00166107264987        0.00048391471234       -0.00074356899805
   1659        9.89255374713094        9.98010064412444        9.91305773630697       -0.00011123841249       -0.00000894156386        0.00002480165719
   1659        8.83908834614917       10.94303452106455       11.08657586508197       -0.00048198903885       -0.00069148893727        0.00026434091211
   1659       10.65001030156127        8.59764997739791       10.91341100818025        0.00164881285255        0.00050353859716       -0.00075032695848
   1660        9.89210995690984        9.98006387204723        9.91315729479569       -0.00011063892573       -0.00000949822613        0.00002496258465
   1660        8.83717053492414       10.94025586065470       11.08763753103041       -0.00047681678602       -0.00069799816754        0.00026647560249
   1660       10.65658067246138        8.59970325336327       10.91039658355084        0.00163618583116        0.00052299866613       -0.00075665651351
   1661        9.89166863572507        9.98002465831538        9.91325743698420       -0.00011002130196       -0.00001016595476        0.00002510063767
   1661        8.83527381186104       10.93745053572424       11.08870766990191       -0.00047146410126       -0.00070488328333        0.00026860184738
   1661       10.66309978821059        8.60183396672693       10.90735775607219        0.00162321273045        0.00054224198916       -0.00076250797897
   1662        9.89122978649416        9.97998254440915        9.91335809989707       -0.00010942313506       -0.00001091765650        0.00002521748113
   1662        8.83339882211403       10.93461679438805       11.08978634580947       -0.00046597544938       -0.00071225148645        0.00027079596507
   1662       10.66956637430498        8.60404118927654       10.90429651971907        0.00160997724916        0.00056124838447       -0.00076784912655
   1663        9.89079325064459        9.97993731706338        9.91345917683321       -0.00010887170772       -0.00001168557308        0.00002529754522
   1663        8.83154600826598       10.93175252383263       11.09087403762247       -0.00046040130266       -0.00072016649997        0.00027315699943
   1663       10.67597960620384        8.60632395380272       10.90121496305976        0.00159660792693        0.00058000336197       -0.00077266153146
   1664        9.89035881283242        9.97988905982453        9.91356048025886       -0.00010836678592       -0.00001241729052        0.00002532686483
   1664        8.82971561169275       10.92885546238829       11.09197160180489       -0.00045478772262       -0.00072863864422        0.00027574922997
   1664       10.68233923772039        8.60868121617226       10.89811522746742        0.00158324107414        0.00059848367205       -0.00077693953748
   1665        9.88992631635723        9.97983797873922        9.91366179175188       -0.00010789179544       -0.00001310877611        0.00002530744430
   1665        8.82790770648499       10.92592341467886       11.09308003146224       -0.00044917505221       -0.00073763081217        0.00027857353254
   1665       10.68864553479698        8.61111182317913       10.89499944675991        0.00156997591579        0.00061666457534       -0.00078069002557
   1666        9.88949567846888        9.97978418961563        9.91376293981329       -0.00010743802170       -0.00001378849056        0.00002525547241
   1666        8.82612221127503       10.92295441589093       11.09420019006521       -0.00044359717689       -0.00074707311091        0.00028157671881
   1666       10.69489904504669        8.61361453277500       10.89186970726287        0.00155685522433        0.00063452154160       -0.00078391838778
   1667        9.88906681218365        9.97972767081477        9.91386383553114       -0.00010701651144       -0.00001447177881        0.00002518952063
   1667        8.82435892906987       10.91994682979162       11.09533264521268       -0.00043806556094       -0.00075687432261        0.00028468373276
   1667       10.70110037659164        8.61618799551196       10.88872809965767        0.00154387967405        0.00065202181877       -0.00078661222177
   1668        9.88863954637737        9.97966841538513        9.91396445597831       -0.00010665028081       -0.00001513182384        0.00002512141207
   1668        8.82261768678750       10.91689942131008       11.09647765992730       -0.00043254900321       -0.00076692190033        0.00028783766275
   1668       10.70725008243909        8.61883070732517       10.88557680948868        0.00153102700457        0.00066912900340       -0.00078874338561
   1669        9.88821360993721        9.97960661622405        9.91406480682769       -0.00010635466346       -0.00001571628981        0.00002505106044
   1669        8.82089853704417       10.91381145458894       11.09763534651468       -0.00042697001329       -0.00077708168457        0.00029102713188
   1669       10.71334859262820        8.62154102753915       10.88241815257282        0.00151825936868        0.00068581257474       -0.00079028164938
   1670        9.88778870906969        9.97954268506664        9.91416486446184       -0.00010611429026       -0.00001619205198        0.00002496075386
   1670        8.81920192668115       10.91068276783355       11.09880587698231       -0.00042122164793       -0.00078721573809        0.00029428136767
   1670       10.71939615738851        8.62431720792313       10.87925455629366        0.00150553488687        0.00070204251062       -0.00079120792432
   1671        9.88736469561514        9.97947707980820        9.91426449285860       -0.00010587365411       -0.00001657246995        0.00002481809059
   1671        8.81752876386077       10.90751372868422       11.09998959745606       -0.00041519314390       -0.00079721116775        0.00029764220826
   1671       10.72539287172318        8.62715736762408       10.87608848917827        0.00149283557519        0.00071778908849       -0.00079153406830
   1672        9.88694171983678        9.97941010530703        9.91436340918658       -0.00010556154906       -0.00001690213707        0.00002459829594
   1672        8.81588038152995       10.90430507849153       11.10118701464839       -0.00040878884087       -0.00080699725628        0.00030114265098
   1672       10.73133884199001        8.63005952063104       10.87292228374730        0.00148019453252        0.00073304015278       -0.00079132292733
   1673        9.88652020322266        9.97934186271165        9.91446127922612       -0.00010513912347       -0.00001721606784        0.00002430797636
   1673        8.81425845313379       10.90105775063395       11.10239873866388       -0.00040194051218       -0.00081654475890        0.00030480378737
   1673       10.73723442798338        8.63302168884630       10.86975790575961        0.00146769436305        0.00074780400220       -0.00079067602203
   1674        9.88610060684903        9.97927237676435        9.91455787299743       -0.00010463025267       -0.00001750968090        0.00002397827160
   1674        8.81266485743249       10.89777272042032       11.10362544494734       -0.00039463072520       -0.00082585479340        0.00030863971477
   1674       10.74308039689445        8.63604195264861       10.86659687557104        0.00145543384374        0.00076208639083       -0.00078968094456
   1675        9.88568316120130        9.97920178526447        9.91465310539896       -0.00010410723906       -0.00001774371265        0.00002362855041
   1675        8.81110140733221       10.89445091228675       11.10486785638200       -0.00038692199097       -0.00083494728031        0.00031266092226
   1675       10.74887789873329        8.63911837997291       10.86344045820314        0.00144349444389        0.00077586799972       -0.00078835901665
   1676        9.88526774893658        9.97913042706318        9.91474690140069       -0.00010364450088       -0.00001788027785        0.00002323885323
   1676        8.80956948150477       10.89109314217785       11.10612673232544       -0.00037895544083       -0.00084386051638        0.00031687642877
   1676       10.75462835244556        8.64224889664640       10.86029000343786        0.00143193520930        0.00078909451793       -0.00078665281382
   1677        9.88485400519424        9.97905874304169        9.91483901622477       -0.00010327656910       -0.00001791980794        0.00002276056975
   1677        8.80806976380560       10.88770002815568       11.10740286781220       -0.00037091064266       -0.00085265881595        0.00032129784616
   1677       10.76033338040771        8.64543113611633       10.85714723569255        0.00142080773875        0.00080168403369       -0.00078445486137
   1678        9.88444153638379        9.97898706859964        9.91492898595866       -0.00010299118310       -0.00001790557412        0.00002215593534
   1678        8.80660219636352       10.88427187165023       11.10869711509471       -0.00036296397919       -0.00086142867571        0.00032594386958
   1678       10.76599481435558        8.64866236891594       10.85401436454690        0.00141016461527        0.00081356213868       -0.00078165844671
   1679        9.88403007572941        9.97891549844876        9.91501626370748       -0.00010275628550       -0.00001789185380        0.00002143047037
   1679        8.80516605197212       10.88080859874997       11.11001041876881       -0.00035527251855       -0.00087025575477        0.00033084115570
   1679       10.77161469732990        8.65193963322580       10.85089396811889        0.00140004648552        0.00082469868012       -0.00077820301914
   1680        9.88361948609983        9.97884393376921        9.91510042972159       -0.00010254845649       -0.00001790487285        0.00002062832100
   1680        8.80376001621510       10.87730982561206       11.11134384434034       -0.00034797278386       -0.00087919333029        0.00033602277755
   1680       10.77719518623974        8.65525995835691       10.84778874039378        0.00139045179130        0.00083510267039       -0.00077407653669
   1681        9.88320968807749        9.97877225946599        9.91518129027549       -0.00010235819038       -0.00001792898840        0.00001979506078
   1681        8.80238226970126       10.87377505210762       11.11269860098918       -0.00034117183148       -0.00088824092221        0.00034152404829
   1681       10.78273831166031        8.65862045458893       10.84470135582539        0.00138131181750        0.00084478507432       -0.00076926521917
   1682        9.88280062057678        9.97870050186200        9.91525879020782       -0.00010218099766       -0.00001792659086        0.00001894592604
   1682        8.80103064156328       10.87020389823437       11.11407603672667       -0.00033491962906       -0.00089735744198        0.00034736818754
   1682       10.78824568077974        8.66201823895148       10.84163461864042        0.00137249824089        0.00085373353663       -0.00076370323624
   1683        9.88239224009621        9.97862884673907        9.91533285768385       -0.00010201344739       -0.00001787203747        0.00001806904536
   1683        8.79970291266878       10.86659619257182       11.11547754648948       -0.00032917995969       -0.00090650664709        0.00035354619348
   1683       10.79371829758745        8.66545032288195       10.83859172993546        0.00136386984300        0.00086191478095       -0.00075728557444
   1684        9.88198451299766        9.97855752556223        9.91540334257071       -0.00010185651588       -0.00001776772634        0.00001715107735
   1684        8.79839720188579       10.86295184505765       11.11690440627448       -0.00032383574916       -0.00091568590664        0.00036001204783
   1684       10.79915663952370        8.66891355719907       10.83557633404489        0.00135534085254        0.00086929237142       -0.00074993956675
   1685        9.88157738796920        9.97848670492833        9.91547006630266       -0.00010171843631       -0.00001762838642        0.00001619323735
   1685        8.79711222667553       10.85927070531869       11.11835764287212       -0.00031873075396       -0.00092490820363        0.00036670085483
   1685       10.80456102440778        8.67240466185331       10.83259221340149        0.00134693397684        0.00087584301592       -0.00074168868070
   1686        9.88117076550720        9.97841649847088        9.91553288846950       -0.00010161260106       -0.00001745592421        0.00001520793242
   1686        8.79584735585413       10.85555257942862       11.11983801311311       -0.00031370620519       -0.00093416996386        0.00037355359961
   1686       10.80993211133840        8.67592030132642       10.82964282459931        0.00133877564204        0.00088156314635       -0.00073265537361
   1687        9.88076448716071        9.97834705753462        9.91559172976202       -0.00010154995486       -0.00001723793394        0.00001420905690
   1687        8.79460257703402       10.85179734560784       11.12134607166900       -0.00030861436133       -0.00094343615286        0.00038053030368
   1687       10.81527122954407        8.67945716702411       10.82673097041263        0.00133103644857        0.00088647556355       -0.00072300867496
   1688        9.88035836586829        9.97827859499937        9.91564656092469       -0.00010152970275       -0.00001696995678        0.00001320613559
   1688        8.79337844096350       10.84800509020576       11.12288225554255       -0.00030333530060       -0.00095263834102        0.00038760506418
   1688       10.82058040292699        8.68301210583481       10.82385875519960        0.00132387448592        0.00089063915273       -0.00071289804216
   1689        9.87995224953870        9.97821129788036        9.91569737884671       -0.00010153840988       -0.00001666963661        0.00001220117537
   1689        8.79217589462925       10.84417623887971       11.12444691218240       -0.00029780648518       -0.00096168900442        0.00039475240274
   1689       10.82586222543144        8.68658228024597       10.82102778607533        0.00131741149438        0.00089413841899       -0.00070240790027
   1690        9.87954605858926        9.97814523790646        9.91574417032762       -0.00010156408594       -0.00001636450130        0.00001118410263
   1690        8.79099598908205       10.84031157817039       11.12604027476445       -0.00029203589719       -0.00097051662257        0.00040194536161
   1690       10.83111969488201        8.69016521318671       10.81823949199746        0.00131171750132        0.00089704665176       -0.00069154792852
   1691        9.87913973685117        9.97808038186995        9.91578685166778       -0.00010161385553       -0.00001606994330        0.00001012827711
   1691        8.78983960745176       10.83641210589917       11.12766247507530       -0.00028608082944       -0.00097909452585        0.00040917042870
   1691       10.83635596544200        8.69375865346006       10.81549540264715        0.00130679928236        0.00089939543345       -0.00068027898772
   1692        9.87873314774506        9.97801667836003        9.91582519654451       -0.00010171209518       -0.00001578002477        0.00000899586963
   1692        8.78870734244650       10.83247882196356       11.12931363819408       -0.00028001273997       -0.00098744144666        0.00041644021238
   1692       10.84157408914085        8.69736037665432       10.81279726009569        0.00130261261074        0.00090117325250       -0.00066855547915
   1693        9.87832604008976        9.97795414167182        9.91585881862480       -0.00010187335837       -0.00001547315815        0.00000775800958
   1693        8.78759950553201       10.82851257432591       11.13099399677435       -0.00027389651419       -0.00099560368145        0.00042378897396
   1693       10.84677686632795        8.70096803948003       10.81014695881396        0.00129908367031        0.00090234545134       -0.00065635598312
   1694        9.87791816087810        9.97789289309487        9.91588726062118       -0.00010207589775       -0.00001512419998        0.00000641380003
   1694        8.78651617033296       10.82451399251197       11.13270394998576       -0.00026778550313       -0.00100363013405        0.00043125608204
   1694       10.85196675850333        8.70457914026502       10.80754641223074        0.00129611974568        0.00090288370906       -0.00064369095698
   1695        9.87750943290773        9.97783314807196        9.91591012902505       -0.00010226668664       -0.00001471819000        0.00000498782656
   1695        8.78545722150695       10.82048353325352       11.13444404543067       -0.00026171418427       -0.00101154979176        0.00043887137495
   1695       10.85714582429340        8.70819110915249       10.80499743115810        0.00129362812232        0.00090279181547       -0.00063059609204
   1696        9.87710002738495        9.97777514757486        9.91592716323369       -0.00010239760557       -0.00001425847396        0.00000351150133
   1696        8.78442245685881       10.81642159417792       11.13621492098539       -0.00025568936203       -0.00101936833742        0.00044665350374
   1696       10.86231578348189        8.71180147478882       10.80250164349444        0.00129155011888        0.00090211267505       -0.00061712390913
   1697        9.87669025206317        9.97771908028029        9.91593822103566       -0.00010245929941       -0.00001375935712        0.00000200918136
   1697        8.78341170661070       10.81232858655412       11.13801727346061       -0.00024970265860       -0.00102707893734        0.00045461793962
   1697       10.86747822524447        8.71540801055288       10.80006043988502        0.00128987759063        0.00090091745377       -0.00060334077999
   1698        9.87628035298969        9.97766507271792        9.91594323668459       -0.00010248091748       -0.00001322821094        0.00000049390739
   1698        8.78242483559005       10.80820496267916       11.13985186450233       -0.00024376174289       -0.00103466743723        0.00046277998367
   1698       10.87263480420690        8.71900881441899       10.79767491725456        0.00128863278071        0.00089928560334       -0.00058932170280
   1699        9.87587040472335        9.97761325459280        9.91594217229481       -0.00010250026388       -0.00001265739259       -0.00000103332785
   1699        8.78146161266761       10.80405124705628       11.14171951333001       -0.00023790631876       -0.00104211826959        0.00047115011942
   1699       10.87778728749015        8.72260229537959       10.79534586626259        0.00128782626867        0.00089728063225       -0.00057512685727
   1700        9.87546035087867        9.97756381357718        9.91593497006178       -0.00010253911288       -0.00001203543230       -0.00000257715015
   1700        8.78052158503997       10.79986801652244       11.14362106545772       -0.00023219858197       -0.00104943026620        0.00047973018513
   1700       10.88293741435623        8.72618705947698       10.79307390239643        0.00128741540313        0.00089493539686       -0.00056076857252
   1701        9.87505009182032        9.97751697113437        9.91592155509358       -0.00010260577972       -0.00001136358390       -0.00000413358860
   1701        8.77960402401188       10.79565580492670       11.14555735481102       -0.00022670986026       -0.00105662009443        0.00048851008523
   1701       10.88808661071517        8.72976177855445       10.79085971768247        0.00128728465832        0.00089225790185       -0.00054620292493
   1702        9.87463950464089        9.97747290490601        9.91590190135300       -0.00010271158204       -0.00001066129835       -0.00000568425608
   1702        8.77870790615792       10.79141505576699       11.14752914613958       -0.00022150831578       -0.00106370249585        0.00049746573865
   1702       10.89323569162278        8.73332512269180       10.78870427899695        0.00128726133765        0.00088924639144       -0.00053136115529
   1703        9.87422839916400        9.97743168074761        9.91587608104495       -0.00010287802068       -0.00000996027394       -0.00000720838667
   1703        8.77783195748565       10.78714618495991       11.14953708072018       -0.00021663692523       -0.00107067656187        0.00050656805508
   1703       10.89838470141637        8.73687574968596       10.78660882844016        0.00128716079775        0.00088590489864       -0.00051619965535
   1704        9.87381648047549        9.97739322271449        9.91584423425961       -0.00010312915981       -0.00000929406692       -0.00000869825574
   1704        8.77697481075611       10.78284964327205       11.15158169058023       -0.00021209445032       -0.00107753538379        0.00051579868593
   1704       10.90353297800481        8.74041236188091       10.78457468175416        0.00128684578970        0.00088226241338       -0.00050073615245
   1705        9.87340336588553        9.97735732821223        9.91580649499905       -0.00010347594811       -0.00000868507676       -0.00001016191321
   1705        8.77613520188305       10.77852590188959       11.15366347020761       -0.00020783978659       -0.00108427676608        0.00052515414679
   1705       10.90867946773394        8.74393384899303       10.78260293922057        0.00128627833503        0.00087838118553       -0.00048505256973
   1706        9.87298867289059        9.97732374210040        9.91576293895393       -0.00010390091205       -0.00000813125704       -0.00001161516987
   1706        8.77531209246341       10.77417542914339       11.15578292375458       -0.00020381077865       -0.00109089765398        0.00053463441901
   1706       10.91382320468507        8.74743941136516       10.78069426119635        0.00128553241097        0.00087433661580       -0.00046926959456
   1707        9.87257215858913        9.97729227815590        9.91571357364012       -0.00010435422731       -0.00000760195467       -0.00001307256283
   1707        8.77450471565389       10.76979872065773       11.15794054555967       -0.00019993778682       -0.00109738489233        0.00054423083925
   1707       10.91896372702171        8.75092854191944       10.77884878246411        0.00128475447413        0.00087018858422       -0.00045351516333
   1708        9.87215383907212        9.97726292646308        9.91565835845131       -0.00010476873986       -0.00000704946857       -0.00001454284816
   1708        8.77371259016886       10.76539635000475       11.16013677046854       -0.00019615502138       -0.00110371348073        0.00055392880849
   1708       10.92410124047807        8.75440092003895       10.77706613988971        0.00128410192798        0.00086597773590       -0.00043790222134
   1709        9.87173400867023        9.97723588240731        9.91559723085487       -0.00010508788444       -0.00000643046285       -0.00001603088396
   1709        8.77293547548286       10.76096901281190       11.16237197602761       -0.00019241926437       -0.00110984603845        0.00056372139835
   1709       10.92923654244554        8.75785636380661       10.77534556469337        0.00128369784543        0.00086174689559       -0.00042252021642
   1710        9.87131313599657        9.97721148276025        9.91553011137963       -0.00010529052871       -0.00000572582422       -0.00001754375965
   1710        8.77217323605393       10.75651758169718       11.16464654165535       -0.00018872029019       -0.00111573691888        0.00057360567539
   1710       10.93437082324149        8.76129489520364       10.77368597815831        0.00128360878626        0.00085756018663       -0.00040744072804
   1711        9.87089168444059        9.97719007581356        9.91545688077771       -0.00010539886274       -0.00000495193198       -0.00001909355855
   1711        8.77142571316137       10.75204311746086       11.16696082143074       -0.00018506084722       -0.00112135850313        0.00058355284872
   1711       10.93950541273565        8.76471684529966       10.77208603886904        0.00128383691753        0.00085349971089       -0.00039272362059
   1712        9.87046994509462        9.97717186730440        9.91537736291122       -0.00010546507944       -0.00000415969958       -0.00002068938008
   1712        8.77069274927614       10.74754671367214       11.16931496444511       -0.00018142479408       -0.00112674096036        0.00059349260114
   1712       10.94464151858170        8.76812289289073       10.77054418919361        0.00128432594800        0.00084964763154       -0.00037840681069
   1713        9.87004796380509        9.97715679821691        9.91529136573709       -0.00010554399377       -0.00000341895116       -0.00002232199686
   1713        8.76997431480876       10.74302918977796       11.17170876223985       -0.00017777904097       -0.00113198383405        0.00060333798204
   1713       10.94978002031966        8.77151402635194       10.76905878438353        0.00128497559584        0.00084607639555       -0.00036448922751
   1714        9.86962559314444        9.97714451569512        9.91519878693631       -0.00010566672070       -0.00000279179671       -0.00002395792872
   1714        8.76927051694835       10.73849084299973       11.17414166830140       -0.00017411083272       -0.00113721957385        0.00061301727952
   1714       10.95492132334841        8.77489150405514       10.76762827537353        0.00128564932986        0.00084284928857       -0.00035092949034
   1715        9.86920263003951        9.97713446384323        9.91509970230731       -0.00010583104574       -0.00000230709919       -0.00002555524828
   1715        8.76858142814699       10.73393143318719       11.17661290047602       -0.00017044685181       -0.00114256027624        0.00062248383152
   1715       10.96006521495854        8.77825682066047       10.76625134846078        0.00128617685674        0.00084001497888       -0.00033766426468
   1716        9.86877894477850        9.97712605890158        9.91499434495005       -0.00010601449115       -0.00000194968645       -0.00002708781823
   1716        8.76790694213391       10.72935036078977       11.17912153895359       -0.00016682120575       -0.00114806969231        0.00063171777785
   1716       10.96521073820235        8.78161162388615       10.76492696125606        0.00128637201786        0.00083759721447       -0.00032463683957
   1717        9.86835451411031        9.97711886635163        9.91488299976150       -0.00010619715277       -0.00000167093046       -0.00002855280043
   1717        8.76724685850101       10.72474687564874       11.18166664269884       -0.00016322372345       -0.00115376676715        0.00064072632871
   1717       10.97035619110139        8.78495759837625       10.76365425374421        0.00128607276239        0.00083559313463       -0.00031182383680
   1718        9.86792936755633        9.97711269145791        9.91476592254664       -0.00010637098463       -0.00000141624458       -0.00002995887939
   1718        8.76660115234632       10.72012022665258       11.18424734958325       -0.00015958199770       -0.00115963395691        0.00064953196653
   1718       10.97549932030147        8.78829636896319       10.76243237056167        0.00128518723674        0.00083398105004       -0.00029924783819
   1719        9.86750354623324        9.97710753639495        9.91464332872638       -0.00010653052880       -0.00000115362916       -0.00003131365349
   1719        8.76597020251940       10.71546980399345       11.18686289843106       -0.00015579478389       -0.00116561276511        0.00065815744860
   1719       10.98063768899531        8.79162944677659       10.76126027103869        0.00128372484606        0.00083273728984       -0.00028697460720
   1720        9.86707712332592        9.97710346242465        9.91451541331870       -0.00010666635530       -0.00000088303867       -0.00003261856163
   1720        8.76535479407523       10.71079532453172       11.18951260917203       -0.00015178499376       -0.00117160590511        0.00066662117888
   1720       10.98576911906993        8.79495826728193       10.76013657370408        0.00128179022335        0.00083185845500       -0.00027509486370
   1721        9.86665021539086        9.97710047208562        9.91438238023334       -0.00010677550255       -0.00000061979285       -0.00003386655961
   1721        8.76475592256933       10.70609695675260       11.19219586786208       -0.00014752955112       -0.00117750705094        0.00067493664588
   1721       10.99089201078214        8.79828431441656       10.75905951212911        0.00127952912536        0.00083136356085       -0.00026368219418
   1722        9.86622291930548        9.97709850408186        9.91424448084180       -0.00010687264853       -0.00000037018947       -0.00003504503509
   1722        8.76417455766625       10.70137526812423       11.19491210233907       -0.00014306113626       -0.00118323395967        0.00068310821336
   1722       10.99600535207279        8.80160917576876       10.75802711615063        0.00127705178412        0.00083126638754       -0.00025274624320
   1723        9.86579523420260        9.97709751056987        9.91410201995265       -0.00010698015953       -0.00000012537561       -0.00003614990818
   1723        8.76361143347928       10.69663108507521       11.19766073356896       -0.00013846199068       -0.00118873025580        0.00069112551694
   1723       11.00110842505507        8.80493444551690       10.75703754218352        0.00127438297587        0.00083155595249       -0.00024223127920
   1724        9.86536707802923        9.97709750107695        9.91395528157636       -0.00010710246541        0.00000012310223       -0.00003720094373
   1724        8.76306686174084       10.69186542607783       11.20044110647456       -0.00013384795625       -0.00119394996508        0.00069896239051
   1724       11.00620041587978        8.80826162338871       10.75608926591700        0.00127146860819        0.00083221208146       -0.00023207053547
   1725        9.86493841447934        9.97709849538774        9.91380441240279       -0.00010721120725        0.00000036856374       -0.00003823821357
   1725        8.76254064982926       10.68707948535461       11.20325243269308       -0.00012933218438       -0.00119885948142        0.00070658633997
   1725       11.01128017392062        8.81159214216856       10.75518097789974        0.00126822834236        0.00083323036084       -0.00022224674395
   1726        9.86450938837122        9.97710044958684        9.91364937586778       -0.00010725806739        0.00000059391531       -0.00003929510269
   1726        8.76203220426582       10.68227455022645       11.20609379719433       -0.00012498571219       -0.00120345606490        0.00071397101786
   1726       11.01634624261867        8.81492746627540       10.75431129196543        0.00126461096197        0.00083462766014       -0.00021281321087
   1727        9.86408034994019        9.97710324671022        9.91349005158128       -0.00010720618573        0.00000078747150       -0.00004036850175
   1727        8.76154076413175       10.67745183683543       11.20896420083596       -0.00012081670116       -0.00120778094115        0.00072109483965
   1727       11.02139706161637        8.81826916344971       10.75347847221274        0.00126060952779        0.00083642977794       -0.00020386749504
   1728        9.86365173888540        9.97710674935885        9.91332642785382       -0.00010705528001        0.00000094785369       -0.00004141433924
   1728        8.76106567065651       10.67261230269724       11.21186255591156       -0.00011677010578       -0.00121191867639        0.00072793146754
   1728       11.02643111884101        8.82161890449896       10.75268035200511        0.00125623616718        0.00083865214500       -0.00019549711351
   1729        9.86322390770008        9.97711082953972        9.91315873686734       -0.00010684307330        0.00000107387715       -0.00004237685452
   1729        8.76060660328548       10.66775648742427       11.21478765257631       -0.00011274810201       -0.00121598667175        0.00073445101039
   1729       11.03144695095379        8.82497838060973       10.75191449530464        0.00125149091711        0.00084128887930       -0.00018773795342
   1730        9.86279699429897        9.97711534037608        9.91298741301764       -0.00010662568103        0.00000115931460       -0.00004322969425
   1730        8.76016368584040       10.66288440932321       11.21773816399468       -0.00010864622021       -0.00122012316765        0.00074062504796
   1730       11.03644304617790        8.82834921553334       10.75117844837776        0.00124634495496        0.00084432665366       -0.00018057745118
   1731        9.86237090225181        9.97712010405655        9.91281289931338       -0.00010645122148        0.00000120486748       -0.00004399381166
   1731        8.75973743352383       10.65799550208310       11.22071265296000       -0.00010438095703       -0.00122447560061        0.00074642008352
   1731       11.04141771059344        8.83173299383903       10.75046987569518        0.00124073652549        0.00084777245465       -0.00017398993410
   1732        9.86194538452714        9.97712497931594        9.91263546252437       -0.00010633828069        0.00000122894589       -0.00004471503013
   1732        8.75932863818414       10.65308860451835       11.22370952466288       -0.00009989738357       -0.00122917228865        0.00075179305920
   1732       11.04636893838186        8.83513139517055       10.74978652890500        0.00123457917117        0.00085166422266       -0.00016797029254
   1733        9.86152019600630        9.97712993562365        9.91245517907236       -0.00010626563090        0.00000125439840       -0.00004542014335
   1733        8.75893825445529       10.64816212377390       11.22672699743360       -0.00009516997768       -0.00123427293943        0.00075670812087
   1733       11.05129434396283        8.83854630762031       10.74912611335486        0.00122778179549        0.00085605978692       -0.00016255178008
   1734        9.86109525947998        9.97713501450314        9.91227210137761       -0.00010617943162        0.00000128238886       -0.00004609173721
   1734        8.75856727836272       10.64321442100288       11.22976318962984       -0.00009019806881       -0.00123973803490        0.00076116073186
   1734       11.05619119274579        8.84197987346588       10.74848611466440        0.00122027308943        0.00086102744684       -0.00015780661806
   1735        9.86067076055334        9.97714019473455        9.91208644517466       -0.00010602110330        0.00000128630813       -0.00004668375864
   1735        8.75821666990481       10.63824421949471       11.23281628328848       -0.00008498909189       -0.00124545229423        0.00076518060413
   1735       11.06105652867827        8.84543452719502       10.74786366041036        0.00121202194576        0.00086664330562       -0.00015382520953
   1736        9.86024709065362        9.97714530496820        9.91189863130850       -0.00010576384763        0.00000123421006       -0.00004715956252
   1736        8.75788736562758       10.63325080264902       11.23588463446289       -0.00007954654752       -0.00125127656911        0.00076881127304
   1736       11.06588736831184        8.84891301991086       10.74725551298814        0.00120304614720        0.00087297393667       -0.00015068004228
   1737        9.85982464977232        9.97715006841505        9.91170916867451       -0.00010543003971        0.00000111404330       -0.00004751719130
   1737        8.75758029752465       10.62823400694185       11.23896677347282       -0.00007388075368       -0.00125708215225        0.00077208872503
   1737       11.07068089785588        8.85241831868841       10.74665822007209        0.00119340648785        0.00088004087128       -0.00014839923622
   1738        9.85940365033593        9.97715421731461        9.91151849377808       -0.00010507124591        0.00000093809509       -0.00004778619826
   1738        8.75729631959815       10.62319414543099       11.24206134426313       -0.00006802899482       -0.00126276028124        0.00077503201017
   1738       11.07543462021465        8.85595334688106       10.74606831909836        0.00118319187950        0.00088779713927       -0.00014696905360
   1739        9.85898407980508        9.97715757317577        9.91132687908840       -0.00010472688625        0.00000073076039       -0.00004800578700
   1739        8.75703606556606       10.61813192469194       11.24516702955416       -0.00006205901761       -0.00126822364967        0.00077763978965
   1739       11.08014643289191        8.85952069580255       10.74548246764332        0.00117249999812        0.00089613766800       -0.00014634982619
   1740        9.85856583524593        9.97716006339771        9.91113444748207       -0.00010439846940        0.00000051557453       -0.00004820232250
   1740        8.75679984745725       10.61304835623360       11.24828246258035       -0.00005604674099       -0.00127341037643        0.00077988836883
   1740       11.08481462019964        8.86312244822507       10.74489752048885        0.00116141767402        0.00090493204078       -0.00014647403830
   1741        9.85814889204986        9.97716169777201        9.91094126050840       -0.00010405824189        0.00000030513603       -0.00004837976832
   1741        8.75658769163813       10.60794464168050       11.25140613650481       -0.00005004454983       -0.00127829591796        0.00078173451448
   1741       11.08943777428410        8.86676015212876       10.74431067533688        0.00115000858058        0.00091406117310       -0.00014723096708
   1742        9.85773336931083        9.97716250448598        9.91074740933553       -0.00010367805194        0.00000009069378       -0.00004852614839
   1742        8.75639949105859       10.60282198888989       11.25453633869617       -0.00004406713353       -0.00128290655545        0.00078312381882
   1742       11.09401468884431        8.87043493760989       10.74371967275224        0.00113830554267        0.00092344829437       -0.00014847453534
   1743        9.85731946763436        9.97716242332221        9.91055305132126       -0.00010325356118       -0.00000015975427       -0.00004862682446
   1743        8.75623515456990       10.59768138923694       11.25767112705534       -0.00003809583349       -0.00128731262741        0.00078400338175
   1743       11.09854421862550        8.87414773848375       10.74312287905414        0.00112630290402        0.00093307089099       -0.00015006417450
   1744        9.85690734082141        9.97716122645178        9.91035839473986       -0.00010281056607       -0.00000048249821       -0.00004867140007
   1744        8.75609472439066       10.59252348787058       11.26080836575021       -0.00003208163956       -0.00129159759677        0.00078433556232
   1744       11.10302511207650        8.87789950473783       10.74251915935624        0.00111396373977        0.00094294137656       -0.00015190545916
   1745        9.85649698310579        9.97715856333650        9.91016368012069       -0.00010239076879       -0.00000088913701       -0.00004864978777
   1745        8.75597850145344       10.58734860846282       11.26394581155391       -0.00002595725733       -0.00129582919975        0.00078410433220
   1745       11.10745592854366        8.88169126949622       10.74190763538088        0.00110124769136        0.00095306566923       -0.00015395903442
   1746        9.85608821467112        9.97715411335567        9.90996919643772       -0.00010202201318       -0.00000135617466       -0.00004854553544
   1746        8.75588706633204       10.58215685427256       11.26708120040783       -0.00001967688686       -0.00130004778293        0.00078331452325
   1746       11.11183509360740        8.88552403009168       10.74128748708084        0.00108813300467        0.00096341295352       -0.00015622245144
   1747        9.85568080700037        9.97714771393923        9.90977531583713       -0.00010169325220       -0.00000184231211       -0.00004833899834
   1747        8.75582108635853       10.57694822619937       11.27021232773993       -0.00001324523623       -0.00130426204764        0.00078199590292
   1747       11.11616099258103        8.88939857312440       10.74065785576939        0.00107461838980        0.00097392730944       -0.00015871490324
   1748        9.85527466865353        9.97713937485881        9.90958248445101       -0.00010135967822       -0.00000231303931       -0.00004802280891
   1748        8.75578110444224       10.57172275789142       11.27333716763120       -0.00000669371582       -0.00130845223292        0.00078020923817
   1748       11.12043204072582        8.89331544856720       10.74001776785494        0.00106072274936        0.00098456572520       -0.00016147864203
   1749        9.85486992957464        9.97712920962478        9.90939113336589       -0.00010097603342       -0.00000275344850       -0.00004761467952
   1749        8.75576753663197       10.56648060833604       11.27645400164526       -0.00000004389013       -0.00131258949075        0.00077803562194
   1749       11.12464677457593        8.89727509892600       10.73936602663316        0.00104649200870        0.00099530802514       -0.00016457544567
   1750        9.85446686038614        9.97711734727084        9.90920156701483       -0.00010052457182       -0.00000316940314       -0.00004715013774
   1750        8.75578075332120       10.56122204196538       11.27956145260670        0.00000668789973       -0.00131665884165        0.00077554558650
   1750       11.12880397679538        8.90127791276829       10.73870116428958        0.00103200294749        0.00100612907251       -0.00016806686855
   1751        9.85406573300012        9.97710385439963        9.90901393226396       -0.00010001426203       -0.00000358114983       -0.00004665924376
   1751        8.75582103982981       10.55594733760287       11.28265836633725        0.00001346841755       -0.00132066835035        0.00077276495212
   1751       11.13290279815583        8.90532413150608       10.73802149168475        0.00101735556440        0.00101699281019       -0.00017200650416
   1752        9.85366674628986        9.97708869807220        9.90882829306475       -0.00009946380338       -0.00000400927306       -0.00004615066936
   1752        8.75588850066159       10.55065669516256       11.28574357222367        0.00002024966135       -0.00132464672076        0.00076965791337
   1752       11.13694282131061        8.90941385524979       10.73732511225627        0.00100264962857        0.00102789354595       -0.00017645188381
   1753        9.85327002257312        9.97707178021519        9.90864472690912       -0.00009889107674       -0.00000446041914       -0.00004561700249
   1753        8.75598303712060       10.54535016383677       11.28881562964421        0.00002698698595       -0.00132863052675        0.00076614117190
   1753       11.14092399518441        8.91354727987366       10.73660987661428        0.00098795784862        0.00103888482628       -0.00018145714416
   1754        9.85287561767591        9.97705301471905        9.90846335704482       -0.00009831274793       -0.00000492614563       -0.00004505091941
   1754        8.75610439654915       10.54002765094856       11.29187270159889        0.00003365750369       -0.00133264193358        0.00076212146780
   1754       11.14484648409956        8.91772493386006       10.73587345510296        0.00097332474649        0.00105004813248       -0.00018704077893
   1755        9.85248352058966        9.97703237105011        9.90828431955382       -0.00009774602655       -0.00000539557670       -0.00004445425959
   1755        8.75625229715016       10.53468902836812       11.29491260138659        0.00004028065332       -0.00133668392037        0.00075752864088
   1755       11.14871059315636        8.92194766493351       10.73511355038283        0.00095878730581        0.00106143450254       -0.00019317546285
   1756        9.85209364946351        9.97700985010546        9.90810772296811       -0.00009720884380       -0.00000586709017       -0.00004383364858
   1756        8.75642664177568       10.52933417958562       11.29793293072590        0.00004692557726       -0.00134076743012        0.00075232953484
   1756       11.15251678254606        8.92621640988038       10.73432805140017        0.00094437997700        0.00107303391963       -0.00019981093599
   1757        9.85170584983924        9.97698543432877        9.90793365036519       -0.00009671794228       -0.00000634647337       -0.00004318914683
   1757        8.75662770176824       10.52396288892719       11.30093123766530        0.00005368534266       -0.00134492723206        0.00074652869910
   1757       11.15626563297235        8.93053193629052       10.73351506289488        0.00093012452934        0.00108478342083       -0.00020689141934
   1758        9.85131990592530        9.97695907831854        9.90776220979351       -0.00009628356891       -0.00000683374146       -0.00004250765730
   1758        8.75685612451696       10.51857476172913       11.30390516031874        0.00006063415510       -0.00134919025930        0.00074015603458
   1758       11.15995777878080        8.93489467724705       10.73267292004549        0.00091603955180        0.00109659030736       -0.00021435405104
   1759        9.85093558128798        9.97693076439706        9.90759358910676       -0.00009590253117       -0.00000731304815       -0.00004176871992
   1759        8.75711277500904       10.51316936685276       11.30685248594194        0.00006779917488       -0.00135353228189        0.00073324212887
   1759       11.16359394938675        8.93930465874942       10.73180023048656        0.00090216361250        0.00110834820488       -0.00022212423416
   1760        9.85055268567590        9.97690057393337        9.90742806003418       -0.00009555606313       -0.00000775967402       -0.00004095778566
   1760        8.75739851791601       10.50774650347398       11.30977109734967        0.00007515343014       -0.00135787138284        0.00072580256955
   1760       11.16717508768081        8.94376146288608       10.73089592617217        0.00088855259121        0.00111994107406       -0.00023011238604
   1761        9.85017113278296        9.97686868700488        9.90726592682151       -0.00009521727987       -0.00000816108089       -0.00004007438677
   1761        8.75771400245018       10.50230639579005       11.31265890649830        0.00008262025488       -0.00136209670098        0.00071784874205
   1761       11.17070237011639        8.94826418734188       10.72995933139825        0.00087524716831        0.00113124427270       -0.00023821703266
   1762        9.84979094743696        9.97683528528627        9.90710746494003       -0.00009486497217       -0.00000853039469       -0.00003913010242
   1762        8.75805947995503       10.49684972986617       11.31551388728607        0.00009008901951       -0.00136611072957        0.00070941329430
   1762       11.17417706502728        8.95281141706768       10.72899018991089        0.00086224690069        0.00114213566580       -0.00024634539378
   1763        9.84941221300559        9.97680044384737        9.90695288600219       -0.00009449398022       -0.00000889648871       -0.00003814157413
   1763        8.75843471460622       10.49137750995351       11.31833421285270        0.00009744399640       -0.00136986610875        0.00070056591865
   1763       11.17760034532194        8.95740127266828       10.72798856824801        0.00084951883268        0.00115251745839       -0.00025443882769
   1764        9.84903499559523        9.97676411337656        9.90680233234700       -0.00009411344877       -0.00000928197335       -0.00003712455722
   1764        8.75883903192623       10.48589080099613       11.32111841463526        0.00010459246830       -0.00137336996143        0.00069140532148
   1764       11.18097321568872        8.96203155673481       10.72695467928939        0.00083703056088        0.00116232856457       -0.00026247995437
   1765        9.84865930541543        9.97672618806055        9.90665588954444       -0.00009373350101       -0.00000969340187       -0.00003609177918
   1765        8.75927145435265       10.48039055026203       11.32386545542454        0.00011147353550       -0.00137664881236        0.00068203156271
   1765       11.18429658980894        8.96669990118484       10.72588872861306        0.00082477328511        0.00117153687642       -0.00027048448421
   1766        9.84828512758712        9.97668656616161        9.90651359811354       -0.00009335347046       -0.00001012950178       -0.00003505358405
   1766        8.75973082021021       10.47487761049727       11.32657466713693        0.00011804787996       -0.00137970855457        0.00067251867308
   1766       11.18757140196960        8.97140385174620       10.72479080341575        0.00081275782308        0.00118013715438       -0.00027849061942
   1767        9.84791247765177        9.97664515204634        9.90637546087205       -0.00009296676958       -0.00001058943660       -0.00003401501530
   1767        8.76021583739232       10.46935288182548       11.32924560480915        0.00012428434921       -0.00138252335428        0.00066290186038
   1767       11.19079865239357        8.97614099841985       10.72366080365773        0.00080100000113        0.00118817013406       -0.00028654092652
   1768        9.84754139343051        9.97660185066879        9.90624147799112       -0.00009257892726       -0.00001106750156       -0.00003296726431
   1768        8.76072509500390       10.46381742366303       11.33187788202001        0.00013015650396       -0.00138505225036        0.00065317591383
   1768       11.19397940197863        8.98090921281864       10.72249847600357        0.00078951430631        0.00119572906215       -0.00029465375441
   1769        9.84717184623370        9.97655661203387        9.90611172275757       -0.00009221587457       -0.00001154581082       -0.00003188635439
   1769        8.76125708942402       10.45827246382259       11.33447101211975        0.00013565363780       -0.00138726267504        0.00064330472565
   1769       11.19711476684405        8.98570683091707       10.72130357362242        0.00077832035015        0.00120292939738       -0.00030280701355
   1770        9.84680366643399        9.97650948418226        9.90598638715602       -0.00009190820503       -0.00001200224182       -0.00003075128573
   1770        8.76181032410631       10.45271932226273       11.33702431982522        0.00014079869053       -0.00138914198986        0.00063324955339
   1770       11.20020596477983        8.99053264799768       10.72007601989516        0.00076746313853        0.00120987040760       -0.00031095947323
   1771        9.84643658059342        9.97646059409935        9.90586571247172       -0.00009166459292       -0.00001242727884       -0.00002956839616
   1771        8.76238347894824       10.44715932790374       11.33953700854685        0.00014565400920       -0.00139069159589        0.00062300190886
   1771       11.20325447195227        8.99538579417784       10.71881589783661        0.00075703362649        0.00121661846096       -0.00031909669721
   1772        9.84607034969061        9.97641006595157        9.90574983998677       -0.00009145934961       -0.00001282972194       -0.00002837349853
   1772        8.76297555617991       10.44159378949564       11.34200833509609        0.00015030461565       -0.00139191525897        0.00061259021472
   1772       11.20626223379176        9.00026559568533       10.71752324631747        0.00074715987537        0.00122320991751       -0.00032725500366
   1773        9.84570490579652        9.97635795632381        9.90563872448349       -0.00009124692621       -0.00001322749740       -0.00002720448746
   1773        8.76358591587341       10.43602400583199       11.34443773026461        0.00015482850487       -0.00139281542999        0.00060205711111
   1773       11.20923175095523        9.00517147351794       10.71619785780731        0.00073796610182        0.00122966064819       -0.00033549572533
   1774        9.84534037428091        9.97630424597239        9.90553220408709       -0.00009099577477       -0.00001363403373       -0.00002606949206
   1774        8.76421418421889       10.43045126605569       11.34682479198494        0.00015926817448       -0.00139340209033        0.00059143835332
   1774       11.21216596260632        9.01010288087087       10.71483928051481        0.00072953531002        0.00123596377169       -0.00034385011995
   1775        9.84497693959838        9.97624888405394        9.90543016854702       -0.00009071675902       -0.00001404580595       -0.00002494117403
   1775        8.76486006126929       10.42487678910937       11.34916923709114        0.00016361528220       -0.00139371159943        0.00058076597430
   1775       11.21506803343540        9.01505918369143       10.71344705684770        0.00072190144220        0.00124206950913       -0.00035227770555
   1776        9.84461464020876        9.97619187952478        9.90533267469489       -0.00009045933500       -0.00001443658875       -0.00002378265311
   1776        8.76552310647652       10.41930157326022       11.35147091977934        0.00016781847570       -0.00139381911020        0.00057008161088
   1776       11.21794117414388        9.02003943694387       10.71202105887038        0.00071506597227        0.00124787749828       -0.00036067461102
   1777        9.84425326491839        9.97613339134395        9.90523990732214       -0.00009027244310       -0.00001476946916       -0.00002258113896
   1777        8.76620260907489       10.41372623622774       11.35372988997822        0.00017180757244       -0.00139382126695        0.00055942826029
   1777       11.22078856121359        9.02504220367767       10.71056165995951        0.00070902452760        0.00125326273365       -0.00036893920673
   1778        9.84389246066395        9.97607372377151        9.90515202558317       -0.00009016133280       -0.00001502304430       -0.00002135910206
   1778        8.76689756705603       10.40815100312463       11.35594634586169        0.00017551273814       -0.00139379564995        0.00054881831669
   1778       11.22361337036465        9.03006553881306       10.70906954521654        0.00070378658522        0.00125811033827       -0.00037704234138
   1779        9.84353197425603        9.97601320698958        9.90506903450563       -0.00009008279917       -0.00001520746219       -0.00002015537834
   1779        8.76760671097997       10.40257587102811       11.35812043651173        0.00017887197398       -0.00139377453770        0.00053821828562
   1779       11.22641885389533        9.03510708638382       10.70754532122849        0.00069937225092        0.00126233911073       -0.00038502756094
   1780        9.84317179827062        9.97595206407395        9.90499078255644       -0.00008999074588       -0.00001535511028       -0.00001899664671
   1780        8.76832854284787       10.39700080682300       11.36025209214664        0.00018183847680       -0.00139375231115        0.00052757459757
   1780       11.22920834837202        9.04016425169893       10.70598932472901        0.00069579260079        0.00126591901585       -0.00039294775446
   1781        9.84281204828902        9.97589036610736        9.90491706133192       -0.00008989164574       -0.00001549799041       -0.00001788361854
   1781        8.76906141879441       10.39142585253891       11.36234103329229        0.00018439257375       -0.00139370940471        0.00051684532763
   1781       11.23198519470166        9.04523443851065       10.70440173919283        0.00069303922964        0.00126887348155       -0.00040082273073
   1782        9.84245266510467        9.97582808015068        9.90484771360813       -0.00008985064685       -0.00001565191983       -0.00001679697787
   1782        8.76980368343784       10.38585113158529       11.36438685476771        0.00018654732845       -0.00139363017320        0.00050600142417
   1782       11.23475266220916        9.05031523955131       10.70278274288314        0.00069109500655        0.00127125680793       -0.00040865479397
   1783        9.84209324311420        9.97576515074869        9.90478268550898       -0.00008993645710       -0.00001581601685       -0.00001571339429
   1783        8.77055379742204       10.38027681115331       11.36638904468568        0.00018833602250       -0.00139350584539        0.00049501928691
   1783       11.23751395475409        9.05540449297413       10.70113250084103        0.00068995233987        0.00127312381666       -0.00041645341922
   1784        9.84173317344784        9.97570155201584        9.90472200645378       -0.00009015830990       -0.00001598419954       -0.00001462219559
   1784        8.77131037161782       10.37470308482220       11.36834700906295        0.00018978825146       -0.00139332598046        0.00048389408117
   1784       11.24027228092810        9.06050023008455       10.69945111552939        0.00068961615099        0.00127450555124       -0.00042422573643
   1785        9.84137197663496        9.97563727715234        9.90466570794428       -0.00009045473595       -0.00001615684454       -0.00001353376895
   1785        8.77207210343370       10.36913020330964       11.37026019733505        0.00019091819866       -0.00139307071758        0.00047265622491
   1785       11.24303088396204        9.06560053738405       10.69773869494960        0.00069008365869        0.00127539639457       -0.00043194620070
   1786        9.84100953556024        9.97557229725954        9.90461373630219       -0.00009074013391       -0.00001633797367       -0.00001247066833
   1786        8.77283771720709       10.36355851908156       11.37212825886222        0.00019173302779       -0.00139270914223        0.00046136774343
   1786       11.24579295019761        9.07070340124114       10.69599554592381        0.00069132419396        0.00127576877008       -0.00043954125130
   1787        9.84064605556367        9.97550657336300        9.90456594259763       -0.00009096445056       -0.00001651832368       -0.00001144631700
   1787        8.77360596765598       10.35798853017178       11.37395113928250        0.00019224191252       -0.00139219179380        0.00045010474623
   1787       11.24856147751372        9.07580668754467       10.69422236493923        0.00069329152331        0.00127560656581       -0.00044691094354
   1788        9.84028181995575        9.97544015067013        9.90452216576615       -0.00009113540069       -0.00001666763644       -0.00001045179808
   1788        8.77437565250728       10.35242098473119       11.37572909683204        0.00019245268237       -0.00139143464898        0.00043893491402
   1788       11.25133928238406        9.08090825376765       10.69242025837550        0.00069596107274        0.00127491744507       -0.00045397520278
   1789        9.83991697235814        9.97537323227151        9.90448232821301       -0.00009128851409       -0.00001675634192       -0.00000946140243
   1789        8.77514558911493       10.34685705297995       11.37746261859469        0.00019236354466       -0.00139032059966        0.00042789841148
   1789       11.25412916609566        9.08600602710521       10.69059056331697        0.00069934694984        0.00127372296538       -0.00046070137832
   1790        9.83955151184299        9.97530609993479        9.90444647454675       -0.00009143946135       -0.00001679047411       -0.00000844603745
   1790        8.77591456086452       10.34129841993390       11.37915228412385        0.00019195534210       -0.00138873669991        0.00041701452388
   1790       11.25693405798280        9.09109803749067       10.68873464734893        0.00070348061034        0.00127206226518       -0.00046708969590
   1791        9.83918545666732        9.97523890847865        9.90441475991340       -0.00009157008790       -0.00001681865987       -0.00000738467984
   1791        8.77668123185170       10.33574715938063       11.38079873478574        0.00019118724040       -0.00138662389384        0.00040631688457
   1791       11.25975701097837        9.09618252522664       10.68685384574981        0.00070838317571        0.00127000453767       -0.00047314562975
   1792        9.83881895113980        9.97517155065586        9.90438739710799       -0.00009166015184       -0.00001689568412       -0.00000627736966
   1792        8.77744405878774       10.33020542878317       11.38240281920039        0.00019000480144       -0.00138400409067        0.00039588142257
   1792       11.26260112338850        9.10125807379206       10.68494948231090        0.00071406000828        0.00126763557921       -0.00047887571361
   1793        9.83845217545259        9.97510374300566        9.90436454095616       -0.00009172290339       -0.00001703609585       -0.00000515649467
   1793        8.77820127026326       10.32467512665527       11.38396578616630        0.00018835855135       -0.00138097583159        0.00038581523701
   1793       11.26546949104464        9.10632360986028       10.68302284004096        0.00072050599790        0.00126502292022       -0.00048430247545
   1794        9.83808516791272        9.97503526188906        9.90434614515067       -0.00009180069603       -0.00001720237270       -0.00000407952315
   1794        8.77895092719853       10.31915762213044       11.38548934109645        0.00018621897503       -0.00137768703016        0.00037621044191
   1794       11.26836517137171        9.11137825715385       10.68107506250733        0.00072770138278        0.00126219249324       -0.00048947259178
   1795        9.83771776988439        9.97496612402408        9.90433190477097       -0.00009192809982       -0.00001733466609       -0.00000309917882
   1795        8.77969102206353       10.31365363041395       11.38697546970162        0.00018358186895       -0.00137429446401        0.00036709334011
   1795       11.27129110210687        9.11642114980622       10.67910705930675        0.00073560310772        0.00125912935808       -0.00049445153376
   1796        9.83734974311420        9.97489658456036        9.90432135172010       -0.00009210820389       -0.00001739201178       -0.00000223276823
   1796        8.78041958215010       10.30816326641834       11.38842608781736        0.00018046361740       -0.00137092450300        0.00035840735735
   1796       11.27424999623346        9.12145129201846       10.67711945023728        0.00074414524686        0.00125579679604       -0.00049931825718
   1797        9.83698090425328        9.97482698792982        9.90431404262517       -0.00009232834489       -0.00001737401546       -0.00000145347560
   1797        8.78113473100270       10.30268623438999       11.38984272856040        0.00017688723052       -0.00136764777218        0.00035004551925
   1797       11.27724426408175        9.12646752417456       10.67511251324933        0.00075324485877        0.00125216785827       -0.00050416365398
   1798        9.83661111635510        9.97475759243668        9.90430972391528       -0.00009259326610       -0.00001731388586       -0.00000070586061
   1798        8.78183467999426       10.29722208424090       11.39122645197140        0.00017287081249       -0.00136446989245        0.00034190606301
   1798       11.28027595510361        9.13146863488459       10.67308614100541        0.00076280430648        0.00124825766191       -0.00050907717888
   1799        9.83624015812451        9.97468847684291        9.90430839574029       -0.00009293303099       -0.00001725312948        0.00000006497585
   1799        8.78251769750259       10.29177047525035       11.39257797706452        0.00016842597611       -0.00136133863759        0.00033393539929
   1799       11.28334669853361        9.13645358546986       10.67103989581830        0.00077271447430        0.00124413478320       -0.00051412246156
   1800        9.83586765210718        9.97461956740088        9.90431024372207       -0.00009336965030       -0.00001721806924        0.00000088369117
   1800        8.78318208780312       10.28633137514016       11.39389793516568        0.00016355562772       -0.00135816518694        0.00032614604399
   1800       11.28645767089804        9.14142171315021       10.66897316131294        0.00078286449557        0.00123989543277       -0.00051933437744
   1801        9.83549320092210        9.97455073228898        9.90431546526967       -0.00009387295392       -0.00001721525355        0.00000173256939
   1801        8.78382614252435       10.28090515375481       11.39518714541647        0.00015824972516       -0.00135484814259        0.00031860681241
   1801       11.28960961449814        9.14637274893203       10.66688522079874        0.00079315311081        0.00123561231932       -0.00052474234828
   1802        9.83511666847579        9.97448184537250        9.90432410427717       -0.00009435507414       -0.00001724417288        0.00000256970863
   1802        8.78444808560442       10.27549258999948       11.39644678966494        0.00015249523374       -0.00135129631802        0.00031140587760
   1802       11.29280289578450        9.15130661170477       10.66477522252666        0.00080350013107        0.00123129748950       -0.00053036956455
   1803        9.83473836032901        9.97441277890593        9.90433602293867       -0.00009471900720       -0.00001730781075        0.00000336338688
   1803        8.78504610439428       10.27009478321066       11.39767839243727        0.00014629846159       -0.00134745524601        0.00030460806971
   1803       11.29603761554670        9.15622312884803       10.66264226428232        0.00081386155484        0.00122690731762       -0.00053619097498
   1804        9.83435891641819        9.97434338288648        9.90435101137222       -0.00009492297728       -0.00001740703508        0.00000411069662
   1804        8.78561847329710       10.26471294803144       11.39888365422259        0.00013969687189       -0.00134332594563        0.00029823471818
   1804       11.29931378822321        9.16112187024573       10.66048569472683        0.00082424018210        0.00122238012598       -0.00054211213666
   1805        9.83397897651076        9.97427352262529        9.90436890851162       -0.00009500771074       -0.00001752726707        0.00000482854839
   1805        8.78616367936944       10.25934817564563       11.40006427018275        0.00013275156554       -0.00133895986979        0.00029226848381
   1805       11.30263153700350        9.16600216985585       10.65830536718900        0.00083467882216        0.00121768158690       -0.00054800733464
   1806        9.83359885473227        9.97420316474988        9.90438963975938       -0.00009506864996       -0.00001763621129        0.00000553482002
   1806        8.78668048582139       10.25400126907311       11.40122180209305        0.00012553123899       -0.00133444098962        0.00028666624735
   1806       11.30599121880048        9.17086332294093       10.65610163604972        0.00084523766841        0.00121283919335       -0.00055377300083
   1807        9.83321842731110        9.97413243293497        9.90441318707175       -0.00009519752972       -0.00001769937823        0.00000623744605
   1807        8.78716792928137       10.24867264772867       11.40235760016157        0.00011810056787       -0.00132987204797        0.00028137220951
   1807       11.30939343835077        9.17570488340262       10.65387518318234        0.00085596663240        0.00120794634042       -0.00055935989881
   1808        9.83283727449454        9.97406156972408        9.90443953932782       -0.00009543444630       -0.00001770187632        0.00000693248995
   1808        8.78762529036437       10.24336229268936       11.40347277976915        0.00011052079356       -0.00132535896475        0.00027633138799
   1808       11.31283895185969        9.18052689366429       10.65162675685921        0.00086688232652        0.00120312797917       -0.00056479309542
   1809        9.83245495174070        9.97399081792442        9.90446864699137       -0.00009575914921       -0.00001765768014        0.00000760866494
   1809        8.78805209562987       10.23806977601067       11.40456825126545        0.00010285769537       -0.00132098557807        0.00027149467048
   1809       11.31632849696296        9.18532990723595       10.64935683841900        0.00087795925571        0.00119849324182       -0.00057016607964
   1810        9.83207120130083        9.97392030828298        9.90450040864733       -0.00009611892226       -0.00001759796389        0.00000825836046
   1810        8.78844815192735       10.23279440806478       11.40564473713300        0.00009518340277       -0.00131678909044        0.00026680971538
   1810       11.31986262590540        9.19011483959888       10.64706542822213        0.00088913761685        0.00119410937211       -0.00057558945122
   1811        9.83168600036258        9.97385003421330        9.90453471387505       -0.00009646416458       -0.00001755135442        0.00000888799259
   1811        8.78881356285204       10.22753546328719       11.40670272898846        0.00008757081907       -0.00131275312543        0.00026221735133
   1811       11.32344159789772        9.19488278221284       10.64475212280925        0.00090033695702        0.00119000313777       -0.00058113843295
   1812        9.83129948798419        9.97377989744758        9.90457151258802       -0.00009676541018       -0.00001753747795        0.00000951618311
   1812        8.78914871847994       10.22229238306135       11.40774247594362        0.00008008699469       -0.00130882843900        0.00025767344764
   1812       11.32706532156156        9.19963486470101       10.64241632075856        0.00091146376129        0.00118617318893       -0.00058684754878
   1813        9.83091187708117        9.97370973438969        9.90461084333990       -0.00009700957769       -0.00001757593054        0.00001016054764
   1813        8.78945425880955       10.21706483577517       11.40876411656961        0.00007277937714       -0.00130497081289        0.00025317607835
   1813       11.33073330798804        9.20437216772431       10.64005734241904        0.00092241156058        0.00118259335291       -0.00059272620405
   1814        9.83052341136270        9.97363929000327        9.90465279696912       -0.00009719040601       -0.00001768953966        0.00001082678980
   1814        8.78973095349708       10.21185261655826       11.40976788457044        0.00006565321389       -0.00130116623951        0.00024876538357
   1814       11.33444461404617        9.20909561152427       10.63767451112619        0.00093306379408        0.00117919845531       -0.00059875902823
   1815        9.83013435383306        9.97356821807239        9.90469745765826       -0.00009730494650       -0.00001788803503        0.00001150794366
   1815        8.78997948452071       10.20665550585907       11.41075423963820        0.00005865784062       -0.00129742934017        0.00024450386574
   1815       11.33819781834070        9.21380575536683       10.63526727019323        0.00094331253003        0.00117587672753       -0.00060490630319
   1816        9.82974497179068        9.97349618572302        9.90474486051839       -0.00009735469121       -0.00001814827745        0.00001218790862
   1816        8.79020021622207       10.20147318183688       11.41172391549633        0.00005169141633       -0.00129378946495        0.00024046239407
   1816       11.34199111428643        9.21850262534448       10.63283526070070        0.00095308691923        0.00117250429823       -0.00061111861518
   1817        9.82935551630337        9.97342303185280        9.90479496092725       -0.00009734441728       -0.00001841885268        0.00001284430940
   1817        8.79039301585132       10.19630519013949       11.41267793879074        0.00004461858756       -0.00129027519774        0.00023670758516
   1817       11.34582251369451        9.22318578975268       10.63037832127181        0.00096236318938        0.00116901054271       -0.00061735325303
   1818        9.82896621645241        9.97334883490156        9.90484761499359       -0.00009727876073       -0.00001865274385        0.00001345550083
   1818        8.79055716492257       10.19115098025500       11.41361757617761        0.00003730395327       -0.00128689736229        0.00023327858674
   1818       11.34969001980144        9.22785470968616       10.62789643467647        0.00097114216591        0.00116542656249       -0.00062358980358
   1819        9.82857728621754        9.97327380990196        9.90490260493390       -0.00009716149031       -0.00001883979088        0.00001401310721
   1819        8.79069144747747       10.18601001124119       11.41454416748464        0.00002965571901       -0.00128363982263        0.00023016706581
   1819       11.35359165102181        9.23250920225259       10.62538960284319        0.00097941237724        0.00116189602780       -0.00062984295947
   1820        9.82818892452996        9.97319811657449        9.90495971985129       -0.00009699793390       -0.00001900821651        0.00001452940607
   1820        8.79079441067468       10.18088186167395       11.41545891270409        0.00002164963329       -0.00128046520075        0.00022731771667
   1820       11.35752531881933        9.23714987790857       10.62285769100068        0.00098712384451        0.00115865065391       -0.00063615369743
   1821        9.82780130274637        9.97312174416988        9.90501884018248       -0.00009679747681       -0.00001919501114        0.00001503076650
   1821        8.79086464454379       10.17576628963521       11.41636270921803        0.00001332385980       -0.00127732619840        0.00022464899161
   1821       11.36148864177790        9.24177840748388       10.62030037326371        0.00099418893187        0.00115594465798       -0.00064256089700
   1822        9.82741454471550        9.97304455648539        9.90507996598332       -0.00009657394731       -0.00001941457331        0.00001554277126
   1822        8.79090100155307       10.17066325208678       11.41725610463696        0.00000476820515       -0.00127417437254        0.00022208774557
   1822       11.36547883027426        9.24639743517240       10.61771720382467        0.00100051359536        0.00115396808911       -0.00064908443580
   1823        9.82702871116790        9.97296642758337        9.90514318235255       -0.00009634175664       -0.00001965307980        0.00001607975293
   1823        8.79090279018499       10.16557289465490       11.41813941118262       -0.00000388972611       -0.00127096664090        0.00021960377081
   1823       11.36949275054076        9.25101015219673       10.61510769777735        0.00100603392098        0.00115279294648       -0.00065573288492
   1824        9.82664381066238        9.97288733184701        9.90520860400672       -0.00009610906482       -0.00001988845539        0.00001664514356
   1824        8.79086988374420       10.16049551895959       11.41901293480347       -0.00001251638935       -0.00126766754043        0.00021721624681
   1824       11.37352710164208        9.25561977874421       10.61247134074529        0.00101072128161        0.00115237280282       -0.00066252075394
   1825        9.82625983864935        9.97280731994021        9.90527634350101       -0.00009587499142       -0.00002011238819        0.00001723815648
   1825        8.79080265907021       10.15543155433144       11.41987714115706       -0.00002100395307       -0.00126424949570        0.00021496124178
   1825       11.37757852079366        9.26022913461926       10.60980753174582        0.00101455591821        0.00115257117636       -0.00066947894732
   1826        9.82587681073104        9.97272643274152        9.90534650925860       -0.00009563337868       -0.00002033340856        0.00001785820494
   1826        8.79070185211964       10.15038152299402       11.42073262473770       -0.00002927678889       -0.00126070221190        0.00021285411205
   1826       11.38164354898779        9.26484034815511       10.60711550916671        0.00101750466277        0.00115320672885       -0.00067664793486
   1827        9.82549477161993        9.97264465267176        9.90541920914050       -0.00009537554023       -0.00002056408073        0.00001850456752
   1827        8.79056844475910       10.14534593663628       11.42157997405349       -0.00003728841526       -0.00125705085232        0.00021088865503
   1827       11.38571855809578        9.26945478845003       10.60439434826690        0.00101952614307        0.00115411399898       -0.00068405566404
   1828        9.82511380640923        9.97256192009570        9.90549454579876       -0.00009508650013       -0.00002081187643        0.00001917385660
   1828        8.79040354479752       10.14032511617545       11.42241973397791       -0.00004502785491       -0.00125336208047        0.00020906494214
   1828       11.38979975813233        9.27407326014696       10.60164306385441        0.00102059402414        0.00115519112199       -0.00069170383232
   1829        9.82473407961892        9.97247815766031        9.90557259999331       -0.00009474080289       -0.00002108178604        0.00001985550467
   1829        8.79020822191981       10.13531903999251       11.42325249359058       -0.00005251817602       -0.00124972293203        0.00020740044964
   1829       11.39388331028887        9.27869631742597       10.59886071760831        0.00102071545369        0.00115640884489       -0.00069957879598
   1830        9.82435587998608        9.97239326580735        9.90565338983612       -0.00009430855123       -0.00002137976941        0.00002052823502
   1830        8.78998339938933       10.13032733271925       11.42407893757499       -0.00005978801787       -0.00124620930905        0.00020590822322
   1830       11.39796548176186        9.28332453090605       10.59604643348655        0.00101993108732        0.00115779419841       -0.00070767004739
   1831        9.82397961120905        9.97230711950503        9.90573682587348       -0.00009377349807       -0.00002170904768        0.00002116680909
   1831        8.78972991777683       10.12534936552013       11.42489975937632       -0.00006683016329       -0.00124287487103        0.00020456930718
   1831       11.40204275898746        9.28795867101322       10.59319935722920        0.00101829975263        0.00115940918322       -0.00071597608487
   1832        9.82360569200156        9.97221959342591        9.90582272430882       -0.00009314939022       -0.00002206490788        0.00002175811728
   1832        8.78944875808305       10.12038433375104       11.42571549203246       -0.00007358169385       -0.00123976392001        0.00020332237208
   1832       11.40611187978287        9.29259980437182       10.59031862480760        0.00101587762092        0.00116132376120       -0.00072450041000
   1833        9.82323441608733        9.97213060024200        9.90591089081174       -0.00009247637501       -0.00002243487478        0.00002231001951
   1833        8.78914126422604       10.11543125416002       11.42652633835299       -0.00007994634361       -0.00123692437508        0.00020207085753
   1833       11.41016977995484        9.29724926110284       10.58740335394920        0.00101269813099        0.00116358451053       -0.00073324027591
   1834        9.82286588100148        9.97204011442769        9.90600120446489       -0.00009179702066       -0.00002280561131        0.00002284468026
   1834        8.78880918733416       10.11048893875041       11.42733205889272       -0.00008583892493       -0.00123440663541        0.00020070645002
   1834       11.41421346483082        9.30190848045603       10.58445270260035        0.00100875759764        0.00116619779308       -0.00074216450660
   1835        9.82250003992203        9.97194815535154        9.90609364825385       -0.00009113161053       -0.00002317382898        0.00002338674824
   1835        8.78845455282657       10.10555600107674       11.42813198995318       -0.00009120888333       -0.00123225265198        0.00019914231493
   1835       11.41823984073594        9.30657884344744       10.58146603789643        0.00100401042774        0.00116914199411       -0.00075119727030
   1836        9.82213682811724        9.97185472379584        9.90618829845078       -0.00009047150289       -0.00002355117021        0.00002395620541
   1836        8.78807951626750       10.10063091753456       11.42892519741219       -0.00009602999025       -0.00123048091070        0.00019733348369
   1836       11.42224554825273        9.31126161640893       10.57844312443796        0.00099837614961        0.00117239688394       -0.00076023317496
   1837        9.82177626789887        9.97175974598983        9.90628529789711       -0.00008979348915       -0.00002395383402        0.00002456608127
   1837        8.78768631290459       10.09571215379116       11.42971065782268       -0.00010028231310       -0.00122907430313        0.00019527262123
   1837       11.42622684993283        9.31595801851894       10.57538417249671        0.00099176394092        0.00117596119118       -0.00076917726964
   1838        9.82141848020401        9.97166309312371        9.90638482710094       -0.00008908178201       -0.00002438583192        0.00002522256167
   1838        8.78727725776270       10.09079832310957       11.43048737838204       -0.00010395019482       -0.00122797712841        0.00019297472926
   1838       11.43017965978008        9.32066930593839       10.57228970628086        0.00098411079406        0.00117984522172       -0.00077797856232
   1839        9.82106361364279        9.97156465933448        9.90648707839049       -0.00008833739134       -0.00002483495105        0.00002592373946
   1839        8.78685471134601       10.08588833676388       11.43125445565673       -0.00010703645525       -0.00122709684320        0.00019046108938
   1839       11.43409973628530        9.32539678029273       10.56916034399817        0.00097540671383        0.00118405353259       -0.00078663775897
   1840        9.82071178107328        9.97146441351533        9.90659221701665       -0.00008756919825       -0.00002528535858        0.00002665654877
   1840        8.78642096612069       10.08098154836399       11.43201106709710       -0.00010957762269       -0.00122631137984        0.00018774151346
   1840       11.43798291349076        9.33014173419915       10.56599660420910        0.00096568968780        0.00118857755921       -0.00079519107831
   1841        9.82036306005676        9.97136237646581        9.90670033078064       -0.00008678369260       -0.00002573316307        0.00002740052292
   1841        8.78597809036450       10.07607784572518       11.43275638776442       -0.00011164026793       -0.00122549562368        0.00018480660502
   1841       11.44182525378769        9.33490540076642       10.56279881537173        0.00095502747886        0.00119340322265       -0.00080368306569
   1842        9.82001751153248        9.97125854821076        9.90681142120000       -0.00008598602632       -0.00002619034369        0.00002814144423
   1842        8.78552784397723       10.07117758337453       11.43348951993729       -0.00011329483225       -0.00122456159335        0.00018164531496
   1842       11.44562313332166        9.33968895998035       10.55956713968360        0.00094350172439        0.00119852277672       -0.00081214373020
   1843        9.81967517184622        9.97115285371630        9.90692546233451       -0.00008518136975       -0.00002667278696        0.00002888063341
   1843        8.78507173170654       10.06628135297836       11.43420955028411       -0.00011458979673       -0.00122348389758        0.00017827557355
   1843       11.44937326758278        9.34449358298020       10.55630166553012        0.00093118673788        0.00120392975751       -0.00082057661397
   1844        9.81933606057448        9.97104516591510        9.90704246626725       -0.00008436523521       -0.00002718303451        0.00002962868552
   1844        8.78461112560337       10.06138971219393       11.43491572452568       -0.00011554595243       -0.00122229837844        0.00017475800947
   1844       11.45307262722470        9.34932039804047       10.55300252677187        0.00091812295577        0.00120959127009       -0.00082895399930
   1845        9.81900024996454        9.97093538944018        9.90716249181866       -0.00008351375445       -0.00002770566563        0.00003039316620
   1845        8.78414736408707       10.05650296595084       11.43560761435986       -0.00011616407367       -0.00122108331639        0.00017117843402
   1845       11.45671825122892        9.35417031314089       10.54967003353575        0.00090430057483        0.00121542848484       -0.00083721851502
   1846        9.81866795053891        9.97082352059006        9.90728561159687       -0.00008259189014       -0.00002821941817        0.00003117406140
   1846        8.78368181301405       10.05162104566284       11.43628515199785       -0.00011643282331       -0.00121993064709        0.00016760889582
   1846       11.46030703182334        9.35904382591918       10.54630477865168        0.00088966461537        0.00122133469259       -0.00084529987585
   1847        9.81833951484338        9.97070963409482        9.90741188430985       -0.00008158000422       -0.00002871137603        0.00003196620898
   1847        8.78321590150059       10.04674352077408       11.43694848552642       -0.00011633689781       -0.00121891718163        0.00016407161753
   1847       11.46383556815191        9.36394099068161       10.54290763452892        0.00087414812872        0.00122721651315       -0.00085314832021
   1848        9.81801531050511        9.97059382958185        9.90754134126874       -0.00008049831987       -0.00002918053837        0.00003275965795
   1848        8.78275111783160       10.04186970820977       11.43759772493806       -0.00011586729169       -0.00121809261476        0.00016053046171
   1848       11.46730021685311        9.36886155802438       10.53947959208997        0.00085772781657        0.00123302908923       -0.00086075956194
   1849        9.81769552828446        9.97047618978782        9.90767396157347       -0.00007940501862       -0.00002963291467        0.00003353595554
   1849        8.78228896316704       10.03699877985601       11.43823272922011       -0.00011502557289       -0.00121748890102        0.00015691439344
   1849       11.47069739068450        9.37380522339546       10.53602155803341        0.00084046752599        0.00123879360251       -0.00086816269594
   1850        9.81738007035618        9.97035676626450        9.90780962891307       -0.00007836509091       -0.00003007664211        0.00003426936365
   1850        8.78183091324852       10.03212979700159       11.43885304008562       -0.00011381451105       -0.00121713768972        0.00015315243422
   1850       11.47402395706102        9.37877190684444       10.53253429052241        0.00082251702151        0.00124458706516       -0.00087538892379
   1851        9.81706860755716        9.97023557665098        9.90794811648268       -0.00007741465818       -0.00003052109149        0.00003494011620
   1851        8.78137844707865       10.02726167833826       11.43945794869388       -0.00011222191251       -0.00121707456764        0.00014919643696
   1851       11.47727752685660        9.38376191991676       10.52901844664306        0.00080407420065        0.00125050330652       -0.00088246438458
   1852        9.81676075309076        9.97011259753261        9.90808914984265       -0.00007654653026       -0.00003097617714        0.00003554924708
   1852        8.78093313794841       10.02239320046045       11.44004661158128       -0.00011021281052       -0.00121731626365        0.00014502509006
   1852       11.48045655066621        9.38877593329661       10.52547457544575        0.00078533818015        0.00125661672830       -0.00088942096224
   1853        9.81645623531504        9.96998776723384        9.90823251045929       -0.00007571965395       -0.00003144696110        0.00003611614888
   1853        8.78049674459451       10.01752314822905       11.44061814941439       -0.00010773822545       -0.00121782964649        0.00014064106646
   1853       11.48356023229783        9.39381485374314       10.52190307894517        0.00076646627063        0.00126297467281       -0.00089628795249
   1854        9.81615499585913        9.96986102184384        9.90837807903373       -0.00007488035126       -0.00003192759010        0.00003665953417
   1854        8.78007123214478       10.01265056328851       11.44117174011297       -0.00010475963810       -0.00121853273439        0.00013607599810
   1854       11.48658828083124        9.39887973067911       10.51830427182584        0.00074754124676        0.00126959799226       -0.00090307464047
   1855        9.81585719250498        9.96973234651304        9.90852578673265       -0.00007398553220       -0.00003240168715        0.00003718438103
   1855        8.77965866748971       10.00777488635396       11.44170675739919       -0.00010127612765       -0.00121933072280        0.00013139503552
   1855       11.48954056227190        9.40397163768124       10.51467848182144        0.00072856187284        0.00127646393645       -0.00090977140646
   1856        9.81556311160154        9.96960180834665        9.90867555408196       -0.00007302125361       -0.00003284662636        0.00003768883810
   1856        8.77926102312359       10.00289591750609       11.44222290039717       -0.00009732524684       -0.00122014654288        0.00012667567084
   1856       11.49241677581396        9.40909144217070       10.51102610057419        0.00070946590943        0.00128348618093       -0.00091635135999
   1857        9.81527302247610        9.96946957350220        9.90882729743745       -0.00007200948667       -0.00003323798183        0.00003817835831
   1857        8.77888006551501        9.99801371401094       11.44272016276590       -0.00009294534933       -0.00122092611477        0.00012196665881
   1857       11.49521628954736        9.41423952712869       10.50734767094150        0.00069017575336        0.00129052322190       -0.00092275919666
   1858        9.81498703570820        9.96933590449200        9.90898098094847       -0.00007099829868       -0.00003356080297        0.00003866645131
   1858        8.77851746032899        9.99312850858794       11.44319863366763       -0.00008813522884       -0.00122163588321        0.00011726974174
   1858       11.49793818184080        9.41941562794591       10.50364402700095        0.00067063836822        0.00129741995072       -0.00092891645961
   1859        9.81470503608663        9.96920108707845        9.90913662904794       -0.00007003755851       -0.00003382877844        0.00003916174428
   1859        8.77817498368430        9.98824062694528       11.44365832069983       -0.00008285162879       -0.00122226325224        0.00011255985741
   1859       11.50058139649313        9.42461888673441       10.49991633926465        0.00065083706699        0.00130405567135       -0.00093474625176
   1860        9.81442673524014        9.96906527426450        9.90929427490273       -0.00006915228197       -0.00003409239167        0.00003966132074
   1860        8.77785464729871        9.98335040257004       11.44409911252694       -0.00007703481656       -0.00122281669127        0.00010780988721
   1860       11.50314487837669        9.42984807331668       10.49616605698686        0.00063078279704        0.00131036708784       -0.00094018082188
   1861        9.81415181783084        9.96892834794507        9.90945391961389       -0.00006833260529       -0.00003441781599        0.00004016151094
   1861        8.77755870515178        9.97845809341509       11.44452079979748       -0.00007063251231       -0.00122332979167        0.00010299303705
   1861       11.50562765886946        9.43510182343715       10.49239489268962        0.00061050923274        0.00131634004079       -0.00094514763151
   1862        9.81388007439784        9.96878993173658        9.90961556699027       -0.00006755014178       -0.00003484622847        0.00004067166849
   1862        8.77728958720026        9.97356376423667       11.44492305682333       -0.00006361830163       -0.00122386669640        0.00009807551209
   1862       11.50802895223862        9.44037879364300       10.48860487593479        0.00059007856465        0.00132198881787       -0.00094956253150
   1863        9.81361141669662        9.96864957811733        9.90977929296181       -0.00006678620263       -0.00003536623448        0.00004121200679
   1863        8.77704975873877        9.96866715984387       11.44530540389418       -0.00005600480064       -0.00122451070163        0.00009302109350
   1863       11.51034828738669        9.44567773398011       10.48479839243762        0.00056958282743        0.00132733966091       -0.00095334151448
   1864        9.81334578477680        9.96850700186077        9.90994526304461       -0.00006604535849       -0.00003592335871        0.00004179715844
   1864        8.77684154879515        9.96376767862364       11.44566722557136       -0.00004783898019       -0.00122533443418        0.00008780772475
   1864       11.51258561485807        9.45099751093028       10.48097814381893        0.00054912994381        0.00133242259205       -0.00095642699477
   1865        9.81308305382868        9.96836219124762        9.91011367022929       -0.00006534623902       -0.00003645686184        0.00004242085492
   1865        8.77666704689723        9.95886448437042       11.44600786569217       -0.00003918397296       -0.00122637532424        0.00008243651189
   1865       11.51474132693714        9.45633711471655       10.47714697647945        0.00052882402645        0.00133727258789       -0.00095881723823
   1866        9.81282301486467        9.96821534696601        9.91028462988394       -0.00006470593001       -0.00003693034900        0.00004305227295
   1866        8.77652807701144        9.95395667602973       11.44632671766646       -0.00003011069926       -0.00122763017195        0.00007692101018
   1866       11.51681620706966        9.46169569163336       10.47330760591306        0.00050875470871        0.00134193394567       -0.00096057188212
   1867        9.81256540638856        9.96806674845560        9.91045808841288       -0.00006413288443       -0.00003733468029        0.00004364573184
   1867        8.77642616130317        9.94904344299479       11.44662323377363       -0.00002070612917       -0.00122906075306        0.00007127631012
   1867       11.51881136460686        9.46707258628192       10.46946240142250        0.00048899576999        0.00134645273524       -0.00096177926893
   1868        9.81230995178926        9.96791666952371        9.91063379573868       -0.00006362588832       -0.00003767260486        0.00004415800101
   1868        8.77636242797810        9.94412419000522       11.44689692814745       -0.00001107969168       -0.00123060505161        0.00006553207337
   1868       11.52072817322956        9.47246731351529       10.46561337176161        0.00046960682424        0.00135085800315       -0.00096251193200
   1869        9.81205639928200        9.96776536761673        9.91081135242094       -0.00006317216750       -0.00003794798217        0.00004456221033
   1869        8.77633752376975        9.93919860258191       11.44714749036061       -0.00000134731442       -0.00123219743889        0.00005975176418
   1869       11.52256821920078        9.47787945030710       10.46176230596649        0.00045063978609        0.00135515517930       -0.00096281026767
   1870        9.81180457444924        9.96761308566636        9.91099029342136       -0.00006274651064       -0.00003816908091        0.00004485214770
   1870        8.77635164946274        9.93426661049411       11.44737494226092        0.00000840520493       -0.00123379088376        0.00005402191474
   1870       11.52433329151832        9.48330855494970       10.45791088962029        0.00043214782761        0.00135933901309       -0.00096270488502
   1871        9.81155442719690        9.96746001496947        9.91117016960255       -0.00006231818442       -0.00003835480587        0.00004504028195
   1871        8.77640476540917        9.92932827551181       11.44757966567849        0.00001815129832       -0.00123536388020        0.00004841828755
   1871       11.52602540182169        9.48875416241182       10.45406066688632        0.00041418264661        0.00136340099030       -0.00096224370130
   1872        9.81130602897390        9.96730624721940        9.91135061567696       -0.00006186730198       -0.00003852821596        0.00004515240535
   1872        8.77649685984929        9.92438369945247       11.44776228856136        0.00002792326695       -0.00123690962983        0.00004298807445
   1872       11.52764675269124        9.49421576287211       10.45021294000987        0.00039677724032        0.00136731985849       -0.00096147960940
   1873        9.81105948878108        9.96715178924176        9.91153138884535       -0.00006140058494       -0.00003869944574        0.00004521727887
   1873        8.77662815154480        9.91943299847316       11.44792357027406        0.00003779483566       -0.00123842739963        0.00003775700961
   1873       11.52919961974426        9.49969272127971       10.44636883001114        0.00037993330800        0.00137105897325       -0.00096042701452
   1874        9.81081482429439        9.96699665165350        9.91171235390795       -0.00006095024619       -0.00003885776969        0.00004525563217
   1874        8.77679921853460        9.91447628025541       11.44806434463828        0.00004786299734       -0.00123992839120        0.00003273557854
   1874       11.53068621915526        9.50518423465813       10.44252952389367        0.00036363052555        0.00137457927891       -0.00095904259865
   1875        9.81057188681159        9.96684092708427        9.91189343390274       -0.00006055348112       -0.00003898500674        0.00004527929151
   1875        8.77701105552353        9.90951357134355       11.44818545490241        0.00005822189131       -0.00124144023643        0.00002791860359
   1875       11.53210866394866        9.51068935551100       10.43869648922195        0.00034785692196        0.00137784236319       -0.00095724979129
   1876        9.81033039644544        9.96668477159962        9.91207458824000       -0.00006023195272       -0.00003907871573        0.00004530068648
   1876        8.77726499366510        9.90454475836397       11.44828769346699        0.00006893019041       -0.00124299298302        0.00002330249448
   1876       11.53346907453091        9.51620697356366       10.43487152556338        0.00033264467405        0.00138079776349       -0.00095496981208
   1877        9.81009003118984        9.96652829735844        9.91225583939459       -0.00005999052520       -0.00003916143011        0.00004533757575
   1877        8.77756249704678        9.89956962747941       11.44837187485828        0.00007999630435       -0.00124459669926        0.00001891696736
   1877       11.53476982134103        9.52173573761888       10.43105673072532        0.00031808517636        0.00138338422030       -0.00095213447608
   1878        9.80985047224383        9.96637148015877        9.91243728884598       -0.00005983140352       -0.00003926295376        0.00004540187329
   1878        8.77790496409994        9.89458798476993       11.44843902920590        0.00009138986842       -0.00124623196850        0.00001482843829
   1878       11.53601375594182        9.52727404732608       10.42725444975473        0.00030430419622        0.00138555541476       -0.00094869539763
   1879        9.80961137996164        9.96621419372832        9.91261905438092       -0.00005976285494       -0.00003938914592        0.00004548077166
   1879        8.77829361599413        9.88959977173144       11.44849050236458        0.00010306347873       -0.00124786086707        0.00001110435846
   1879       11.53720425491079        9.53282018093693       10.42346716754429        0.00029140905094        0.00138730399756       -0.00094464171471
   1880        9.80937236940428        9.96605636699143        9.91280113501925       -0.00005978888034       -0.00003950934925        0.00004552923075
   1880        8.77872947192980        9.88460509783333       11.44852786407358        0.00011497010715       -0.00124944939720        0.00000778105888
   1880       11.53834502834933        9.53837247930658       10.41969731603709        0.00027944478189        0.00138866137699       -0.00094001159138
   1881        9.80913306891888        9.96589811893435        9.91298328822692       -0.00005989084824       -0.00003957856386        0.00004548632503
   1881        8.77921337685131        9.87960417655386       11.44855275083563        0.00012706720100       -0.00125098069084        0.00000485848686
   1881       11.53943981316595        9.54392947195288       10.41594707481326        0.00026838828643        0.00138967701142       -0.00093487399193
   1882        9.80889324261834        9.96573973848053        9.91316502561951       -0.00006002860520       -0.00003957223887        0.00004531014261
   1882        8.77974600953782        9.87459725230658       11.44856673196846        0.00013931019854       -0.00125244941839        0.00000230401784
   1882       11.54049213464080        9.54948989539797       10.41221832410169        0.00025817726814        0.00139039932122       -0.00092928185778
   1883        9.80865284007730        9.96558154102340        9.91334576936783       -0.00006017036517       -0.00003950032269        0.00004500696307
   1883        8.78032785843966        9.86958458120673       11.44857118297834        0.00015165662042       -0.00125385963509        0.00000005933173
   1883       11.54150523131109        9.55505266652265       10.40851281995104        0.00024874395046        0.00139087607291       -0.00092323557080
   1884        9.80841187969696        9.96542373589899        9.91352508132405       -0.00006032242539       -0.00003939502858        0.00004462819945
   1884        8.78095926250119        9.86456637522588       11.44856720662231        0.00016408283517       -0.00125523971649       -0.00000194289678
   1884       11.54248208624445        9.56061690398121       10.40483243953527        0.00024003045631        0.00139115795434       -0.00091669333961
   1885        9.80817026067414        9.96526638079477        9.91370279496344       -0.00006052329070       -0.00003929126756        0.00004423352998
   1885        8.78164052112105        9.85954266347481       11.44855563980413        0.00017658326543       -0.00125664264451       -0.00000376371978
   1885       11.54342547496158        9.56618193015736       10.40117927323417        0.00023199287321        0.00139127459585       -0.00090961593178
   1886        9.80792769337136        9.96510940575852        9.91387894956392       -0.00006080622008       -0.00003921423309        0.00004384893193
   1886        8.78237192862466        9.85451323406983       11.44853709686407        0.00018914697078       -0.00125811462105       -0.00000544853383
   1886       11.54433802923014        9.57174710074804       10.39755551208107        0.00022460801606        0.00139120167300       -0.00090200170157
   1887        9.80768381091350        9.96495266693007        9.91405358641890       -0.00006117028551       -0.00003917476699        0.00004345296200
   1887        8.78315369688733        9.84947774650642       11.44851205153349        0.00020174365898       -0.00125967245787       -0.00000701052249
   1887       11.54522233909006        9.57731154354132       10.39396325962162        0.00021788129956        0.00139087340278       -0.00089388604894
   1888        9.80743833108731        9.96479600762262        9.91422657325994       -0.00006158946544       -0.00003916885081        0.00004300117451
   1888        8.78398587789646        9.84443585440686       11.44848101268418        0.00021432874051       -0.00126131496053       -0.00000841476733
   1888       11.54608107962659        9.58287408797029       10.39040442368955        0.00021185409114        0.00139024049967       -0.00088531649816
   1889        9.80719109518994        9.96463931612362        9.91439759581497       -0.00006204678538       -0.00003918009741        0.00004246620054
   1889        8.78486832681139        9.83938722682218       11.44844473339482        0.00022685024590       -0.00126303903429       -0.00000958436184
   1889       11.54691717181920        9.58843346753869       10.38688072763630        0.00020660931028        0.00138931248327       -0.00087633863630
   1890        9.80694195680426        9.96448256684334        9.91456630286428       -0.00006255400490       -0.00003918654537        0.00004185533866
   1890        8.78580067986367        9.83433154213256       11.44840433778947        0.00023925531503       -0.00126484136891       -0.00001042340072
   1890       11.54773395410884        9.59398858783643       10.38339371459912        0.00020225622151        0.00138815100707       -0.00086701322344
   1891        9.80669066315077        9.96432582376064        9.91473243852423       -0.00006313592681       -0.00003917011795        0.00004119050460
   1891        8.78678236933167        9.82926849587087       11.44836134618904        0.00025150016533       -0.00126671858008       -0.00001083958972
   1891       11.54853522159126        9.59953867559521       10.37994462184876        0.00019888684216        0.00138683926492       -0.00085743546398
   1892        9.80643686938982        9.96416920589972        9.91489582690106       -0.00006380004430       -0.00003912045731        0.00004047849793
   1892        8.78781268118634        9.82419779349192       11.44831762107170        0.00026355766066       -0.00126866940795       -0.00001076377773
   1892       11.54932504884608        9.60508330195582       10.37653423088732        0.00019653875469        0.00138545420810       -0.00084771201203
   1893        9.80618026279638        9.96401286010215        9.91505626650769       -0.00006452599484       -0.00003902887477        0.00003970750178
   1893        8.78889083061696        9.81911914060729       11.44827523596723        0.00027542360566       -0.00127069348970       -0.00001016686891
   1893       11.55010753162878        9.61062230926000       10.37316292575253        0.00019519395900        0.00138404079797       -0.00083790005085
   1894        9.80592066143109        9.96385697490158        9.91521348691528       -0.00006528206631       -0.00003888373806        0.00003886801382
   1894        8.79001607003165        9.81403224557436       11.44823628612045        0.00028712063730       -0.00127278831709       -0.00000906902929
   1894       11.55088660051812        9.61615562833959       10.36983103048049        0.00019479501931        0.00138258889474       -0.00082795504345
   1895        9.80565800626587        9.96370179019770        9.91536721061825       -0.00006604839822       -0.00003867937635        0.00003796860728
   1895        8.79118779571534        9.80893683407061       11.44820268373291        0.00029868211000       -0.00127494619620       -0.00000753365701
   1895       11.55166589178323        9.62168302041793       10.36653928540490        0.00019525250939        0.00138102762548       -0.00081772356329
   1896        9.80539227424530        9.96354753989078        9.91551723577349       -0.00006682788765       -0.00003842945370        0.00003703119962
   1896        8.79240552691164        9.80383267600472       11.44817601686439        0.00031011618013       -0.00127715919934       -0.00000563948487
   1896       11.55244862059321        9.62720384934339       10.36328924197418        0.00019645016628        0.00137924326468       -0.00080698791379
   1897        9.80512338316467        9.96339435456810        9.91566346021522       -0.00006764048483       -0.00003816577910        0.00003607560919
   1897        8.79366872515635        9.79871956047589       11.44815756785396        0.00032138617120       -0.00127943608733       -0.00000344267010
   1897       11.55323749311343        9.63271696653539       10.36008338209455        0.00019826631625        0.00137711100826       -0.00079554118949
   1898        9.80485115036666        9.96324221365802        9.91580584064698       -0.00006850628441       -0.00003791996418        0.00003510780800
   1898        8.79497661628121        9.79359718730608       11.44814847550358        0.00033243657125       -0.00128180530538       -0.00000095621356
   1898       11.55403475112318        9.63822073740947       10.35692491245823        0.00020061504462        0.00137453247890       -0.00078325220573
   1899        9.80457533288937        9.96309099485470        9.91594432267920       -0.00006942966937       -0.00003770289469        0.00003411672714
   1899        8.79632821772632        9.78846511803288       11.44814991814544        0.00034324908666       -0.00128428691520        0.00000184897396
   1899       11.55484241347040        9.64371322636659       10.35381736444874        0.00020348586653        0.00137147149383       -0.00077009563988
   1900        9.80429571301168        9.96294059050048        9.91607877446407       -0.00007039750411       -0.00003749922659        0.00003307872372
   1900        8.79772260897451        9.78332289198450       11.44816326729523        0.00035387992628       -0.00128686661881        0.00000503878253
   1900       11.55566263805545        9.64919250936011       10.35076414733921        0.00020694625168        0.00136797103529       -0.00075615943995
   1901        9.80401215285646        9.96279100104201        9.91620895246896       -0.00007139129311       -0.00003728379483        0.00003197127794
   1901        8.79915925713656        9.77817018508243       11.44819022840569        0.00036444361738       -0.00128950043572        0.00000870467409
   1901       11.55649798348387        9.65465699464887       10.34776808892917        0.00021109648408        0.00136414023432       -0.00074164557028
   1902        9.80372458266676        9.96264232014184        9.91633454468760       -0.00007239895719       -0.00003704539296        0.00003079460867
   1902        8.80063815791356        9.77300688849872       11.44823290468792        0.00037506005888       -0.00129213091211        0.00001293426887
   1902       11.55735140992812        9.66010563123467       10.34483098277698        0.00021600714917        0.00136012037680       -0.00072684902396
   1903        9.80343296119894        9.96249463789831        9.91645530933831       -0.00007341451781       -0.00003679190365        0.00002958379288
   1903        8.80215973760764        9.76783313778559       11.44829370255665        0.00038580801348       -0.00129469715340        0.00001777710373
   1903       11.55822604067724        9.66553795766328       10.34195329673752        0.00022167251932        0.00135604564881       -0.00071208866903
   1904        9.80313726652425        9.96234798491263        9.91657121503063       -0.00007442819573       -0.00003653388536        0.00002839051177
   1904        8.80372462202140        9.76264931127151       11.44837512151777        0.00039670385329       -0.00129714820047        0.00002322967190
   1904       11.55912479008268        9.67095399642516       10.33913427342472        0.00022799375691        0.00135201342642       -0.00069760484968
   1905        9.80283753563307        9.96220236681539        9.91668243343246       -0.00007541882984       -0.00003627077997        0.00002724409370
   1905        8.80533336843394        9.75745595218182       11.44847953993182        0.00040770202824       -0.00129946256517        0.00002924159824
   1905       11.56004999073250        9.67635406507462       10.33637245794009        0.00023479561233        0.00134807789839       -0.00068348836522
   1906        9.80253391588552        9.96205781867283        9.91678916778024       -0.00007635968132       -0.00003599263579        0.00002612875671
   1906        8.80698623824732        9.75225361075015       11.44860905430370        0.00041871409732       -0.00130166232856        0.00003572842949
   1906       11.56100315498134        9.68173861961226       10.33366636650293        0.00024186337876        0.00134426148819       -0.00066968777859
   1907        9.80222665818250        9.96191442572909        9.91689146348612       -0.00007723775447       -0.00003568769914        0.00002499533644
   1907        8.80868308121253        9.74704265355338       11.44876536736778        0.00042963500528       -0.00130381219074        0.00004258591519
   1907       11.56198489776259        9.68710815698015       10.33101495571137        0.00024897672335        0.00134056234037       -0.00065607221574
   1908        9.80191601384975        9.96177231707973        9.91698913047176       -0.00007807113519       -0.00003535017622        0.00002379052567
   1908        8.81042331828955        9.74182311322424       11.44894974162524        0.00044036257436       -0.00130599983727        0.00004971654915
   1908       11.56299496876816        9.69246311833524       10.32841778877701        0.00025593865712        0.00133695523093       -0.00064249946291
   1909        9.80160208910098        9.96163162431930        9.91708178769149       -0.00007890626626       -0.00003498890908        0.00002248181925
   1909        8.81220598180738        9.73659465485520       11.44916309976097        0.00045081504852       -0.00130830579628        0.00005706795431
   1909       11.56403240701952        9.69780379882755       10.32587496000812        0.00026260812038        0.00133339905748       -0.00062886733504
   1910        9.80128476371965        9.96149240580707        9.91716898502573       -0.00007979472490       -0.00003462831316        0.00002106952530
   1910        8.81402983867773        9.73135666685401       11.44940628525974        0.00046095310093       -0.00131077984567        0.00006464884008
   1910       11.56509583373123        9.70313031079511       10.32338685009670        0.00026892298527        0.00132985117202       -0.00061514218887
   1911        9.80096373130178        9.96135459781399        9.91725034389385       -0.00008076650798       -0.00003429575588        0.00001958177179
   1911        8.81589360661482        9.72610841608988       11.44968029048163        0.00047079518439       -0.00131343186978        0.00007249366439
   1911       11.56618379090169        9.70844260820368       10.32095382249718        0.00027489705330        0.00132628724359       -0.00060135528335
   1912        9.80063863165577        9.96121803976006        9.91732563920008       -0.00008181631020       -0.00003400696809        0.00001805478286
   1912        8.81779620015283        9.72084921189580       11.44998623457488        0.00048041644684       -0.00131623446337        0.00008060708607
   1912       11.56729501015762        9.71374060874381       10.31857600782990        0.00028059250167        0.00132272395823       -0.00058756902399
   1913        9.80030920082017        9.96108254206927        9.91739478215673       -0.00008290840419       -0.00003376134202        0.00001651387129
   1913        8.81973693818957        9.71557854038293       11.45032514717018        0.00048992950959       -0.00131913384064        0.00008894892122
   1913       11.56842853091504        9.71902439986948       10.31625327030530        0.00028607441491        0.00131921240940       -0.00057383192393
   1914        9.79997536442223        9.96094794902388        9.91745775017040       -0.00008399616915       -0.00003354409019        0.00001497052184
   1914        8.82171563622956        9.71029614117071       11.45069782594462        0.00049944589292       -0.00132206486769        0.00009747154673
   1914       11.56958360547693        9.72429430801903       10.31398535243843        0.00029136606897        0.00131578400069       -0.00056014772447
   1915        9.79963723146699        9.96081418934778        9.91751454633148       -0.00008504531196       -0.00003332910920        0.00001343483303
   1915        8.82373250533296        9.70500202144140       11.45110491954400        0.00050903313231       -0.00132496691699        0.00010616245485
   1915       11.57075945946678        9.72955067187502       10.31177208850956        0.00029643960511        0.00131240475622       -0.00054647440401
   1916        9.79929500192657        9.96068131615028        9.91756522883461       -0.00008604721126       -0.00003308469200        0.00001192876185
   1916        8.82578790128806        9.69969640583482       11.45154712558342        0.00051869546605       -0.00132779903302        0.00011504630977
   1916       11.57195512231784        9.73479354606881       10.30961355720634        0.00030124760600        0.00130899755353       -0.00053274219467
   1917        9.79894885377693        9.96054951181178        9.91760997642630       -0.00008701450692       -0.00003278573953        0.00001048381888
   1917        8.82788206906138        9.69437962917724       11.45202529002214        0.00052838334740       -0.00133054833917        0.00012415027575
   1917       11.57316944031475        9.74002265230327       10.30751015095221        0.00030575705728        0.00130550341186       -0.00051887468258
   1918        9.79859888587124        9.96041903023407        9.91764909938567       -0.00008796306378       -0.00003242732700        0.00000911929753
   1918        8.83001496806729        9.68905201912146       11.45254032778945        0.00053801756682       -0.00133322505577        0.00013347132951
   1918       11.57440117877609        9.74523757336370       10.30546255974566        0.00030995912654        0.00130191713560       -0.00050482071040
   1919        9.79824514926667        9.96029009319581        9.91768293080654       -0.00008889479126       -0.00003202903051        0.00000781824446
   1919        8.83218620959593        9.68371382873111       11.45309306065819        0.00054752354336       -0.00133584626046        0.00014296883816
   1919       11.57564911332709        9.75043798938807       10.30347158526901        0.00031386546371        0.00129828061753       -0.00049059352514
   1920        9.79788772754117        9.96016279798997        9.91771164534137       -0.00008979481305       -0.00003162753258        0.00000652561567
   1920        8.83439515641413        9.67836524903774       11.45368407849473        0.00055686858948       -0.00133841712554        0.00015257545153
   1920       11.57691210248576        9.75562381830393       10.30153781154451        0.00031750029704        0.00129465243364       -0.00047627990923
   1921        9.79752679076230        9.96003707293520        9.91773513573192       -0.00009064283941       -0.00003126395132        0.00000517460223
   1921        8.83664115831175        9.67300649172676       11.45431366427045        0.00056607673542       -0.00134092092913        0.00016221861750
   1921       11.57818911570341        9.76079520885721       10.29966134599519        0.00032088279077        0.00129107648323       -0.00046200550614
   1922        9.79716258482591        9.95991268637943        9.91775304215924       -0.00009142619289       -0.00003096809365        0.00000372360083
   1922        8.83892377029752        9.66763788160472       11.45498182743473        0.00057520918188       -0.00134332778779        0.00017184689381
   1922       11.57947916481194        9.76595243016977       10.29784176749539        0.00032400698521        0.00128757121116       -0.00044788570231
   1923        9.79679538121915        9.95978932818604        9.91776492453856       -0.00009214345934       -0.00003074137219        0.00000217955303
   1923        8.84124283176682        9.66225986942443       11.45568843942093        0.00058433158737       -0.00134562092951        0.00018143770300
   1923       11.58078117158509        9.77109577854651       10.29607826037675        0.00032683612398        0.00128414235998       -0.00043398545859
   1924        9.79642543715122        9.95966675540191        9.91777047858348       -0.00009279872947       -0.00003055339978        0.00000059339613
   1924        8.84359842299651        9.65687291416863       11.45643332905875        0.00059349232914       -0.00134782450027        0.00019097283067
   1924       11.58209385380381        9.77622556904962       10.29436988382668        0.00032930624174        0.00128080079024       -0.00042030406543
   1925        9.79605299138338        9.95954490098779        9.91776967170761       -0.00009339475651       -0.00003036266226       -0.00000096833811
   1925        8.84599077039995        9.65147727342229       11.45721622206632        0.00060271635580       -0.00135000969408        0.00020040816414
   1925       11.58341562151899        9.78134218486846       10.29271582785333        0.00033131877382        0.00127756771943       -0.00040680544537
   1926        9.79567827909911        9.95942385410381        9.91776273187863       -0.00009393190609       -0.00003014180417       -0.00000245700014
   1926        8.84842015384288        9.64607283661597       11.45803659437190        0.00061201083781       -0.00135226661629        0.00020966954079
   1926       11.58474440399437        9.78644611080508       10.29111544026369        0.00033272313262        0.00127446208523       -0.00039347284202
   1927        9.79530153613469        9.95930376655443        9.91775001570649       -0.00009441081522       -0.00002988192690       -0.00000386133421
   1927        8.85088685710243        9.64065914049193       11.45889357839266        0.00062137649208       -0.00135466093872        0.00021867488598
   1927       11.58607740657998        9.79153788155033       10.28956804511716        0.00033331576495        0.00127148491405       -0.00038033191879
   1928        9.79492299257734        9.95918479868859        9.91773184120493       -0.00009483282552       -0.00002958261650       -0.00000520484576
   1928        8.85339116577955        9.63523554910623       11.45978599345974        0.00063081465538       -0.00135721326674        0.00022736525264
   1928       11.58741093011398        9.79661799011750       10.28807278491336        0.00033288023968        0.00126862542714       -0.00036743313644
   1929        9.79454287353054        9.95906710562247        9.91770837694043       -0.00009519956929       -0.00002925204272       -0.00000652609032
   1929        8.85593337434546        9.62980143435799       11.46071250041375        0.00064032931307       -0.00135991165226        0.00023572580348
   1929       11.58874044849739        9.80168688496743       10.28662858002567        0.00033126363085        0.00126588163562       -0.00035483147235
   1930        9.79416139602302        9.95895078234681        9.91767963248236       -0.00009551732188       -0.00002891782123       -0.00000785725693
   1930        8.85851380028408        9.62435625588814       11.46167179988756        0.00064993345612       -0.00136273057488        0.00024378258016
   1930       11.59006103916079        9.80674504320247       10.28523413313455        0.00032843924759        0.00126326340498       -0.00034257848336
   1931        9.79377873495548        9.95883576305260        9.91764551888498       -0.00009580356295       -0.00002862504739       -0.00000921282729
   1931        8.86113284199440        9.61889958975895       11.46266276105505        0.00065965692612       -0.00136563281721        0.00025158190042
   1931       11.59136796247809        9.81179299220726       10.28388795215875        0.00032449429093        0.00126077799977       -0.00033071287799
   1932        9.79339496751941        9.95872178196768        9.91760592986405       -0.00009608650281       -0.00002840985021       -0.00001058427405
   1932        8.86379105569307        9.61343119335050       11.46368445509091        0.00066954307519       -0.00136855650830        0.00025917063386
   1932       11.59265699348822        9.81683126720061       10.28258843011063        0.00031955046602        0.00125842040586       -0.00031924248244
   1933        9.79301004293303        9.95860848425096        9.91756084469258       -0.00009639376833       -0.00002826892281       -0.00001193561614
   1933        8.86648918659594        9.60795113769252       11.46473612612595        0.00067963511775       -0.00137140381514        0.00026658054361
   1933       11.59392436620622        9.82186035545417       10.28133401229920        0.00031369774344        0.00125616937210       -0.00030812618609
   1934        9.79262381737274        9.95849563058523        9.91751044493496       -0.00009673659725       -0.00002815647527       -0.00001321046163
   1934        8.86922813663504        9.60245996282939       11.46581709943981        0.00068995792092       -0.00137404852288        0.00027381644104
   1934       11.59516657543576        9.82688062217744       10.28012342062191        0.00030698554495        0.00125398928100       -0.00029727838913
   1935        9.79223615015500        9.95838323244880        9.91745516099952       -0.00009710169126       -0.00002801523109       -0.00001435746760
   1935        8.87200884996332        9.59695874950952       11.46692665765424        0.00070049645455       -0.00137636915965        0.00028085856760
   1935       11.59638025056580        9.83189226970220       10.27895578518616        0.00029943693817        0.00125184702866       -0.00028661105282
   1936        9.79184700384265        9.95827150873652        9.91739558519415       -0.00009745844375       -0.00002781656201       -0.00001535640950
   1936        8.87483210827146        9.59144900955215       11.46806396798057        0.00071119006677       -0.00137829418534        0.00028767563635
   1936       11.59756207094108        9.83689539840669       10.27783053219938        0.00029105654837        0.00124972509756       -0.00027608634642
   1937        9.79145648260500        9.95816069995271        9.91733230972350       -0.00009777464467       -0.00002757875309       -0.00001622489238
   1937        8.87769837049745        9.58593239602683       11.46922806274503        0.00072196240368       -0.00137983063785        0.00029422887515
   1937       11.59870870295277        9.84189007048271       10.27674709441482        0.00028184700646        0.00124760710501       -0.00026573272856
   1938        9.79106480668528        9.95805087871182        9.91726578605515       -0.00009802533112       -0.00002734982998       -0.00001700904661
   1938        8.88060780750089        9.58041036444938       11.47041779898181        0.00073276052765       -0.00138105287242        0.00030046678185
   1938       11.59981684699279        9.84687625524681       10.27570467037088        0.00027183552229        0.00124545765255       -0.00025561588849
   1939        9.79067227995603        9.95794190131284        9.91719623735064       -0.00009819048568       -0.00002716777591       -0.00001776840563
   1939        8.88356045471867        9.57488397304751       11.47163179699983        0.00074356571319       -0.00138205767340        0.00030632675474
   1939       11.60088338713109        9.85185373170309       10.27470216730689        0.00026108409480        0.00124322841107       -0.00024579677049
   1940        9.79027928279983        9.95783353650456        9.91712363881014       -0.00009825314559       -0.00002703281980       -0.00001855412677
   1940        8.88655633320644        9.56935390306218       11.47286841301973        0.00075438701081       -0.00138292075552        0.00031174204053
   1940       11.60190551975122        9.85682208253538       10.27373829620693        0.00024967638620        0.00124088187265       -0.00023630536988
   1941        9.78988625479130        9.95772563875443        9.91704780433648       -0.00009820858555       -0.00002691746370       -0.00001938546654
   1941        8.88959555080518        9.56382060700335       11.47412573332403        0.00076525687102       -0.00138367995481        0.00031664303048
   1941       11.60288079822070        9.86178078668433       10.27281172434788        0.00023769928172        0.00123840699644       -0.00022713526687
   1942        9.78949361411540        9.95761819679498        9.91696855507779       -0.00009807847534       -0.00002679848571       -0.00002024411755
   1942        8.89267838817462        9.55828446342367       11.47540155726357        0.00077621332164       -0.00138433841775        0.00032096066817
   1942       11.60380711400501        9.86672933850690       10.27192121407198        0.00022522593005        0.00123581869148       -0.00021825115342
   1943        9.78910162698854        9.95751125086874        9.91688585139610       -0.00009791054914       -0.00002667367368       -0.00002109387192
   1943        8.89580525737831        9.55274589966137       11.47669341866941        0.00078726965298       -0.00138487490955        0.00032464316608
   1943       11.60468260566111        9.87166733621620       10.27106571512050        0.00021229304471        0.00123314908557       -0.00020960190062
   1944        9.78871032972228        9.95740480740557        9.91679980410242       -0.00009775329420       -0.00002655311534       -0.00002190603198
   1944        8.89897654539847        9.54720546414728       11.47799870259218        0.00079840869446       -0.00138526056763        0.00032767269520
   1944       11.60550545836273        9.87659453119149       10.27024439886704        0.00019887952075        0.00123043921386       -0.00020113505197
   1945        9.78831960063493        9.95729882594601        9.91671060314022       -0.00009762213544       -0.00002644517526       -0.00002267004700
   1945        8.90219252693403        9.54166381512035       11.47931480023098        0.00080961162144       -0.00138547863928        0.00033006097635
   1945       11.60627364182714        9.88151084992707       10.26945663470474        0.00018491155077        0.00122772866937       -0.00019281223821
   1946        9.78792935263876        9.95719324600346        9.91661844372639       -0.00009748689293       -0.00002635336334       -0.00002338938503
   1946        8.90545343836996        9.53612163503307       11.48063919040296        0.00082088770743       -0.00138553573222        0.00033182895310
   1946       11.60698475076889        9.88641636054649       10.26870190096135        0.00017030629218        0.00122504054811       -0.00018463066890
   1947        9.78753970549149        9.95708799903929        9.91652348805995       -0.00009729282639       -0.00002628252141       -0.00002407042006
   1947        8.90875962859348        9.53057952926258       11.48196943185579        0.00083227770803       -0.00138545777490        0.00033299476493
   1947       11.60763609216457        9.89131117431196       10.26797958935351        0.00015502966671        0.00122237579034       -0.00017664833764
   1948        9.78715101002764        9.95698298583215        9.91642588036592       -0.00009700057429       -0.00002624266677       -0.00002470884657
   1948        8.91211166003420        9.52503797283389       11.48330314852242        0.00084383269835       -0.00138527463779        0.00033357820442
   1948       11.60822498810260        9.89619536686921       10.26728871426025        0.00013912525095        0.00121972658837       -0.00016898688551
   1949        9.78676370089713        9.95687805770510        9.91632581728739       -0.00009661654851       -0.00002623928133       -0.00002528315127
   1949        8.91551029018031        9.51949733216023       11.48463805749112        0.00085558788374       -0.00138500548408        0.00033360658544
   1949       11.60874909417214        9.90106898701889       10.26662769426940        0.00012269473647        0.00121709397894       -0.00016179141438
   1950        9.78637807763954        9.95677307158150        9.91622361515577       -0.00009619042330       -0.00002625700711       -0.00002576503590
   1950        8.91895636310416        9.51395792896123       11.48597200120592        0.00086755094788       -0.00138465385015        0.00033310790012
   1950       11.60920654599434        9.90593211870070       10.26599438294518        0.00010585502936        0.00121449564155       -0.00015517097358
   1951        9.78599417751075        9.95666800164824        9.91611969700022       -0.00009578215945       -0.00002626285783       -0.00002613935746
   1951        8.92245069776338        9.50842010135904       11.48730292069205        0.00087970631310       -0.00138420915760        0.00033209588072
   1951       11.60959593440705        9.91078495215132       10.26538632648077        0.00008871205809        0.00121196537898       -0.00014915758689
   1952        9.78561182036396        9.95656296871883        9.91601450029609       -0.00009542888641       -0.00002623687032       -0.00002641518821
   1952        8.92599401360899        9.50288425570046       11.48862876825166        0.00089202374021       -0.00138365077980        0.00033056426778
   1952       11.60991624245909        9.91562784173253       10.26480112225006        0.00007135901548        0.00120954531981       -0.00014368996786
   1953        9.78523074641944        9.95645810668569        9.91590837549457       -0.00009513685398       -0.00002619762874       -0.00002662044719
   1953        8.92958688768507        9.49735089512068       11.48994743483432        0.00090446559609       -0.00138295842673        0.00032849733816
   1953       11.61016680653088        9.92046131470979       10.26423680673786        0.00005387801494        0.00120727472197       -0.00013861791716
   1954        9.78485072553212        9.95635338768893        9.91580153671857       -0.00009489303299       -0.00002618847688       -0.00002678590071
   1954        8.93322973837767        9.49182058828662       11.49125674695691        0.00091698978806       -0.00138212391992        0.00032588200152
   1954       11.61034726657857        9.92528603950825       10.26369217891274        0.00003633607977        0.00120518443236       -0.00013373602865
   1955        9.78447160215550        9.95624859887062        9.91569408828891       -0.00009467865925       -0.00002623556452       -0.00002692847872
   1955        8.93692280598952        9.48629390376129       11.49255449084644        0.00092954429126       -0.00138114838428        0.00032270799990
   1955       11.61045749516902        9.93010279016867       10.26316691850866        0.00001878038890        0.00120328943518       -0.00012884074881
   1956        9.78409329625809        9.95614350317279        9.91558610888878       -0.00009447757275       -0.00002632263999       -0.00002704380820
   1956        8.94066609270777        9.48077140121237       11.49383841095614        0.00094206008995       -0.00138002267826        0.00031896295461
   1956       11.61049750968979        9.93491235498970       10.26266145292227        0.00000123252265        0.00120156601731       -0.00012378705946
   1957        9.78371578157349        9.95603801775069        9.91547773782331       -0.00009427788153       -0.00002640894925       -0.00002711115310
   1957        8.94445928670909        9.47525372233520       11.49510619448328        0.00095445619624       -0.00137871034136        0.00031462879493
   1957       11.61046735535025        9.93971531830719       10.26217662203301       -0.00001631160262        0.00119993175771       -0.00011852954704
   1958        9.78333907320583        9.95593223157881        9.91536921966401       -0.00009406740497       -0.00002646885532       -0.00002710448249
   1958        8.94830174227772        9.46974171848153       11.49635544131554        0.00096666101330       -0.00137715153976        0.00030967581208
   1958       11.61036701686885        9.94451180905135       10.26171321654596       -0.00003386423506        0.00119826277903       -0.00011313490036
   1959        9.78296324233372        9.95582626690812        9.91526090196339       -0.00009383063217       -0.00002651085241       -0.00002700490537
   1959        8.95219257481546        9.46423651001715       11.49758360097994        0.00097863999842       -0.00137528518115        0.00030406193337
   1959       11.61019644146977        9.94930142053944       10.26127154283015       -0.00005142307893        0.00119644507168       -0.00010775380132
   1960        9.78258842814844        9.95572014475954        9.91515318042105       -0.00009355258236       -0.00002656301508       -0.00002681388779
   1960        8.95613086226508        9.45873943703237       11.49878793678253        0.00099040941472       -0.00137306989948        0.00029774863116
   1960       11.60995563223741        9.95408336962481       10.26085118613541       -0.00006896601530        0.00119441508651       -0.00010256797641
   1961        9.78221482167483        9.95561376278752        9.91504639086111       -0.00009322388436       -0.00002664946471       -0.00002655868812
   1961        8.96011585013323        9.45325195082129       11.49996559002923        0.00100202511378       -0.00137049327857        0.00029072203919
   1961       11.60964471334733        9.95885674123155       10.26045099901890       -0.00008646150085        0.00119215961887       -0.00009774192056
   1962        9.78184263707355        9.95550694904184        9.91494071091605       -0.00009284369257       -0.00002678039807       -0.00002627858304
   1962        8.96414706317534        9.44777549080384       11.50111371309609        0.00101355936259       -0.00136757539729        0.00028300292084
   1962       11.60926394023062        9.96362064657580       10.26006925077089       -0.00010388007145        0.00118969707958       -0.00009338818612
   1963        9.78147207213429        9.95539951960299        9.91483616219677       -0.00009242506102       -0.00002695374283       -0.00002599961507
   1963        8.96822432503392        9.44231134764299       11.50222961339593        0.00102508017073       -0.00136436713987        0.00027464652196
   1963       11.60881367277569        9.96837431786821       10.25970389352991       -0.00012119644224        0.00118707624162       -0.00008955008816
   1964        9.78110323658541        9.95529131909922        9.91473271399546       -0.00009199947339       -0.00002715892008       -0.00002572201852
   1964        8.97234770454121        9.43686055368484       11.50331088527179        0.00103663367950       -0.00136093398442        0.00026573174580
   1964       11.60829436869274        9.97311725650873       10.25935285006560       -0.00013837523683        0.00118438674742       -0.00008621055805
   1965        9.78073607634716        9.95518224824236        9.91463038604860       -0.00009160912563       -0.00002737913319       -0.00002543116554
   1965        8.97651739446991        9.43142387576760       11.50435546736234        0.00104823498465       -0.00135733118512        0.00025633549853
   1965       11.60770667088108        9.97784941184754       10.25901420906550       -0.00015535509013        0.00118175081094       -0.00008331298285
   1966        9.78037036358040        9.95507228603372        9.91452926467113       -0.00009128854824       -0.00002759269589       -0.00002511702074
   1966        8.98073358441837        9.42600190420392       11.50536156926001        0.00105987053211       -0.00135358971360        0.00024650845808
   1966       11.60705152797171        9.98257126299625       10.25868634620277       -0.00017205920024        0.00117929411127       -0.00008077417252
   1967        9.78000576796120        9.95496150667526        9.91442944988265       -0.00009105118685       -0.00002777821168       -0.00002478207212
   1967        8.98499635872682        9.42059515805877       11.50632753502701        0.00107149780381       -0.00134971863466        0.00023627562231
   1967       11.60633019727915        9.98728376473771       10.25836801568537       -0.00018842219061        0.00117711696792       -0.00007850249351
   1968        9.77964195408562        9.95485006034025        9.91433100809418       -0.00009088924683       -0.00002792607221       -0.00002443476189
   1968        8.98930556684888        9.41520415512663       11.50725177423853        0.00108304223594       -0.00134571382600        0.00022566220043
   1968       11.60554415044681        9.99198819873958       10.25805832625471       -0.00020439314021        0.00117527228914       -0.00007643240489
   1969        9.77927865398657        9.95473809809761        9.91423397178753       -0.00009078154577       -0.00002804619097       -0.00002407896409
   1969        8.99366069661437        9.40982944745073       11.50813283263049        0.00109441119392       -0.00134156419464        0.00021472515096
   1969       11.60469505215747        9.99668594305081       10.25775655644629       -0.00021991067142        0.00117374878576       -0.00007454702559
   1970        9.77891570171946        9.95462569081246        9.91413837638144       -0.00009070272332       -0.00002816158340       -0.00002370769189
   1970        8.99806085640027        9.40447164156952       11.50896957544621        0.00110551981113       -0.00133725584552        0.00020356379575
   1970       11.60378486507546       10.00137818902563       10.25746195004999       -0.00023488508534        0.00117247308958       -0.00007286460472
   1971        9.77855303219999        9.95451280543041        9.91404431025243       -0.00009063140868       -0.00002829433892       -0.00002330186028
   1971        9.00250485510343        9.39913140068655       11.50976134299653        0.00111630795388       -0.00133278049129        0.00019229204746
   1971       11.60281597147475       10.00606572776743       10.25717363960857       -0.00024920944245        0.00117134296218       -0.00007140520867
   1972        9.77819065045004        9.95439933610106        9.91395196149917       -0.00009055589804       -0.00002845662136       -0.00002283217589
   1972        9.00699132003135        9.39380939763922       11.51050791182591        0.00112675081586       -0.00132814637334        0.00018098838808
   1972       11.60179118953587       10.01074893272311       10.25689070838061       -0.00026279084972        0.00117027395153       -0.00007016454127
   1973        9.77782858501567        9.95428515245954        9.91386165284531       -0.00009047552956       -0.00002864959791       -0.00002226400837
   1973        9.01151886163031        9.38850622969986       11.51120925010114        0.00113686256626       -0.00132338046599        0.00016966468970
   1973       11.60071364467698       10.01542791937966       10.25661232327842       -0.00027557819488        0.00116922435309       -0.00006910870671
   1974        9.77746684621359        9.95417013931776        9.91377384943224       -0.00009039640948       -0.00002886856177       -0.00002156875083
   1974        9.01608622056146        9.38322235391127       11.51186522934354        0.00114667523191       -0.00131852286551        0.00015827790705
   1974       11.59958656397686       10.02010272754782       10.25633783872693       -0.00028756531807        0.00116818532356       -0.00006819279771
   1975        9.77710541373982        9.95405420396538        9.91368910283869       -0.00009032295858       -0.00002911204840       -0.00002074187582
   1975        9.02069226348559        9.37795804677576       11.51247547335755        0.00115620242063       -0.00131362421486        0.00014677417449
   1975       11.59841312213238       10.02477340196816       10.25606678089676       -0.00029876663318        0.00116715594817       -0.00006738887048
   1976        9.77674426254497        9.95393724293059        9.91360791442566       -0.00009025186834       -0.00002938747040       -0.00001981506924
   1976        9.02533583992650        9.37271336019237       11.51303942273949        0.00116541940035       -0.00130874156977        0.00013513182715
   1976       11.59719643091143       10.02943997513318       10.25579872776306       -0.00030918139046        0.00116612659386       -0.00006669828772
   1977        9.77638339879308        9.95381910420219        9.91353058228475       -0.00009017440923       -0.00002970698860       -0.00001884774076
   1977        9.03001561868835        9.36748811421760       11.51355652797475        0.00117426560862       -0.00130392469291        0.00012336805875
   1977       11.59593967100874       10.03410241471907       10.25553319459502       -0.00031877202744        0.00116507547908       -0.00006614102266
   1978        9.77602286727112        9.95369958702178        9.91345713249961       -0.00009008417452       -0.00003007836769       -0.00001790251276
   1978        9.03472996479544        9.36228196264910       11.51402636720946        0.00118266079355       -0.00129920282156        0.00011150701076
   1978       11.59464625469190       10.03876057896579       10.25526959958175       -0.00032747562568        0.00116397587892       -0.00006573865449
   1979        9.77566272539694        9.95357847726071        9.91338736218264       -0.00008998300711       -0.00003049945603       -0.00001702377791
   1979        9.03947690503673        9.35709449164508       11.51444858406084        0.00119053274848       -0.00129457814679        0.00009954817146
   1979       11.59331986600332       10.04341422175044       10.25500728535910       -0.00033523774673        0.00116281295343       -0.00006550880934
   1980        9.77530300321422        9.95345559137353        9.91332094227637       -0.00008988287633       -0.00003095745584       -0.00001622924099
   1980        9.04425422678329        9.35192533747480       11.51482275258113        0.00119784154659       -0.00129001903226        0.00008746807889
   1980       11.59196435271804       10.04806308259319       10.25474552910702       -0.00034203412830        0.00116159982908       -0.00006546846980
   1981        9.77494366238627        9.95333081761395        9.91325752825471       -0.00008980456307       -0.00003142964563       -0.00001551080781
   1981        9.04905963740942        9.34677433938698       11.51514832869198        0.00120457792799       -0.00128546113870        0.00007524761905
   1981       11.59058359297690       10.05270702038306       10.25448353760072       -0.00034786686211        0.00116037747452       -0.00006562805715
   1982        9.77458456670966        9.95320415420849        9.91319685581391       -0.00008977296698       -0.00003188661139       -0.00001484056153
   1982        9.05389085020720        9.34164164836521       11.51542473353356        0.00121074143940       -0.00128083398163        0.00006289536078
   1982       11.58918141782112       10.05734610238932       10.25422050464984       -0.00035275447615        0.00115920341282       -0.00006597372374
   1983        9.77422547865041        9.95307572472284        9.91313880376247       -0.00008981086183       -0.00003230197180       -0.00001418222553
   1983        9.05874556892465        9.33652766753392       11.51565149157819        0.00121632707915       -0.00127610314014        0.00005044598986
   1983       11.58776155716771       10.06198064768565       10.25395574781079       -0.00035672730601        0.00115814829360       -0.00006646265210
   1984        9.77386607981502        9.95294573843413        9.91308339800967       -0.00008993353375       -0.00003266531561       -0.00001350771808
   1984        9.06362146684040        9.33143282324411       11.51582830145247        0.00122133635213       -0.00127129422947        0.00003793932187
   1984       11.58632759937308       10.06661128873810       10.25368880343303       -0.00035981644166        0.00115729432808       -0.00006704644179
   1985        9.77350601038040        9.95281440219795        9.91303074201785       -0.00009014275649       -0.00003298708225       -0.00001281012589
   1985        9.06851625974169        9.32635731369815       11.51595500615312        0.00122579896949       -0.00126647687434        0.00002540746884
   1985       11.58488302563443       10.07123900231026       10.25341937627646       -0.00036203465791        0.00115671307455       -0.00006770261233
   1986        9.77314493776313        9.95268184177615        9.91298091700255       -0.00009042101784       -0.00003329006756       -0.00001210022141
   1986        9.07342785859635        9.32130100824936       11.51603156120316        0.00122977890622       -0.00126172111884        0.00001288285434
   1986       11.58343132210983       10.07586499333452       10.25314718253442       -0.00036337174601        0.00115643592570       -0.00006845038895
   1987        9.77278264223768        9.95254808165748        9.91293394024654       -0.00009073473853       -0.00003359505909       -0.00001138890754
   1987        9.07835449099144        9.31626354474747       11.51605806898786        0.00123335712946       -0.00125706321061        0.00000040824253
   1987       11.58197605166631       10.08049048971584       10.25287177316489       -0.00036381560340        0.00115645583592       -0.00006934927830
   1988        9.77241905985491        9.95241308130342        9.91288980574225       -0.00009105081439       -0.00003391102040       -0.00001067583398
   1988        9.08329471563203        9.31124450256450       11.51603482714339        0.00123660420442       -0.00125250510932       -0.00001196420435
   1988       11.58052079728262       10.08511664002185       10.25259238830801       -0.00036337478150        0.00115675854603       -0.00007048267356
   1989        9.77205423572254        9.95227679349427        9.91284853357470       -0.00009135532977       -0.00003423463270       -0.00000995307281
   1989        9.08824732462682        9.30624350387292       11.51596235535309        0.00123955404377       -0.00124803691164       -0.00002417389508
   1989       11.57906905341433       10.08974455808409       10.25230791177639       -0.00036207861333        0.00115734329440       -0.00007192243682
   1990        9.77168821721674        9.95213920424181        9.91281018115981       -0.00009165764286       -0.00003455710454       -0.00000920991104
   1990        9.09321114798218        9.30126020727141       11.51584143598272        0.00124218986271       -0.00124365768439       -0.00003614971518
   1990       11.57762416837599       10.09437538637707       10.25201700881347       -0.00035996741583        0.00115821604593       -0.00007368611023
   1991        9.77132097457967        9.95200033665792        9.91277485428638       -0.00009197483492       -0.00003487032755       -0.00000843075175
   1991        9.09818484352850        9.29629424239783       11.51567315763165        0.00124445826361       -0.00123938072527       -0.00004781695939
   1991       11.57618931408768       10.09901028645149       10.25171842289458       -0.00035708844246        0.00115937382032       -0.00007571833066
   1992        9.77095241853737        9.95186024162139        9.91274273514583       -0.00009230957011       -0.00003516879277       -0.00000759694331
   1992        9.10316681409108        9.29134516146928       11.51545890030762        0.00124630248915       -0.00123522290870       -0.00005911238009
   1992       11.57476746083629       10.10365037693959       10.25141126216818       -0.00035348713520        0.00116079992441       -0.00007791583183
   1993        9.77058249801878        9.95171898631575        9.91271407873992       -0.00009264254340       -0.00003545472923       -0.00000669784635
   1993        9.10815526344168        9.28641245912828       11.51520025859090        0.00124768063623       -0.00123119314397       -0.00006999488900
   1993       11.57336141700607       10.10829668584677       10.25109509623993       -0.00034919456518        0.00116247098077       -0.00008018076175
   1994        9.77021127819016        9.95157660378753        9.91268915237504       -0.00009294761583       -0.00003574741249       -0.00000574096020
   1994        9.11314825918094        9.28149561631752       11.51489894119566        0.00124856275573       -0.00122729561919       -0.00008045264052
   1994       11.57197390431487       10.11295014478575       10.25076981607421       -0.00034423195220        0.00116436183084       -0.00008247013709
   1995        9.76983891709214        9.95143300701585        9.91266815105834       -0.00009321441772       -0.00003608002520       -0.00000475324772
   1995        9.11814376548754        9.27659409417474       11.51455663746673        0.00124893384967       -0.00122353921448       -0.00009051412172
   1995       11.57060756138844       10.11761158049345       10.25043533514319       -0.00033862438819        0.00116644323502       -0.00008481935580
   1996        9.76946556284840        9.95128796358596        9.91265112639327       -0.00009345857443       -0.00003647709204       -0.00000377376413
   1996        9.12313972997831        9.27170730260172       11.51417482822188        0.00124880487429       -0.00121993669290       -0.00010025308406
   1996       11.56926490920935       10.12228169066591       10.25009126122780       -0.00033239769003        0.00116868746473       -0.00008732963132
   1997        9.76909124849669        9.95114119027955        9.91263796094530       -0.00009371676097       -0.00003693442186       -0.00000283781553
   1997        9.12813420448186        9.26683460063156       11.51375461279423        0.00124820517480       -0.00121649965136       -0.00010976650539
   1997       11.56794837986818       10.12696108021129       10.24973669809262       -0.00032556707905        0.00117108500931       -0.00009011921738
   1998        9.76871582876066        9.95099248821109        9.91262842386905       -0.00009403356965       -0.00003742317666       -0.00000195865886
   1998        9.13312537137674        9.26197530539081       11.51329669617877        0.00124715789931       -0.00121324149379       -0.00011912729124
   1998       11.56666037257695       10.13165037074038       10.24937030748875       -0.00031814094075        0.00117365000371       -0.00009326348192
   1999        9.76833897993946        9.95084180486626        9.91262229167439       -0.00009444227744       -0.00003791053043       -0.00000112376135
   1999        9.13811146767637        9.25712866868121       11.51280159446430        0.00124566914684       -0.00121018546309       -0.00012834188199
   1999       11.56540325234217       10.13635028024094       10.24899059023727       -0.00031013483131        0.00117640572836       -0.00009676764971
   2000        9.76796029054113        9.95068920396762        9.91261943377821       -0.00009494433759       -0.00003837577640       -0.00000031460112
   2000        9.14309072455150        9.25229382168609       11.51226996112284        0.00124373555885       -0.00120737131655       -0.00013734011198
   2000       11.56417929392648       10.14106161656727       10.24859616629105       -0.00030158114469        0.00117936654288       -0.00010058880472
